HIERARCHY
ROOT pelvis
{
	OFFSET -0.099584 -26.635582 1.850026
	CHANNELS 6 Xposition Yposition Zposition Zrotation Yrotation Xrotation
	JOINT left_hip
	{
		OFFSET 6.211795 -9.182106 -2.204521
		CHANNELS 3 Zrotation Yrotation Xrotation
		JOINT left_knee
		{
			OFFSET 4.633109 -42.567017 0.389795
			CHANNELS 3 Zrotation Yrotation Xrotation
			JOINT left_ankle
			{
				OFFSET -1.640086 -47.114273 -4.275586
				CHANNELS 3 Zrotation Yrotation Xrotation
				JOINT left_foot
				{
					OFFSET 4.452620 -6.610764 12.966256
					CHANNELS 3 Zrotation Yrotation Xrotation
					End Site
					{
						OFFSET 0.000000 0.000000 0.000000
					}
				}
			}
		}
	}
	JOINT right_hip
	{
		OFFSET -6.512502 -10.102238 -1.781430
		CHANNELS 3 Zrotation Yrotation Xrotation
		JOINT right_knee
		{
			OFFSET -4.971094 -42.680836 -0.977768
			CHANNELS 3 Zrotation Yrotation Xrotation
			JOINT right_ankle
			{
				OFFSET 2.184703 -46.712280 -3.851226
				CHANNELS 3 Zrotation Yrotation Xrotation
				JOINT right_foot
				{
					OFFSET -4.009747 -6.987427 13.916187
					CHANNELS 3 Zrotation Yrotation Xrotation
					End Site
					{
						OFFSET 0.000000 0.000000 0.000000
					}
				}
			}
		}
	}
	JOINT spine1
	{
		OFFSET 0.520760 13.880336 -3.458407
		CHANNELS 3 Zrotation Yrotation Xrotation
		JOINT spine2
		{
			OFFSET 0.517517 15.754037 3.582482
			CHANNELS 3 Zrotation Yrotation Xrotation
			JOINT spine3
			{
				OFFSET -0.346111 6.287867 0.433931
				CHANNELS 3 Zrotation Yrotation Xrotation
				JOINT neck
				{
					OFFSET -1.385784 22.548601 -2.742398
					CHANNELS 3 Zrotation Yrotation Xrotation
					JOINT head
					{
						OFFSET 0.951086 9.863846 5.988714
						CHANNELS 3 Zrotation Yrotation Xrotation
						End Site
						{
							OFFSET 0.000000 0.000000 0.000000
						}
					}
				}
				JOINT left_collar
				{
					OFFSET 8.027418 12.157059 -1.828810
					CHANNELS 3 Zrotation Yrotation Xrotation
					JOINT left_shoulder
					{
						OFFSET 12.886099 5.173325 -2.243435
						CHANNELS 3 Zrotation Yrotation Xrotation
						JOINT left_elbow
						{
							OFFSET 29.194897 -2.228384 -2.336014
							CHANNELS 3 Zrotation Yrotation Xrotation
							JOINT left_wrist
							{
								OFFSET 28.775101 1.474442 -0.902235
								CHANNELS 3 Zrotation Yrotation Xrotation
								JOINT left_hand
								{
									OFFSET 8.899994 -1.088192 -1.629311
									CHANNELS 3 Zrotation Yrotation Xrotation
									End Site
									{
										OFFSET 0.000000 0.000000 0.000000
									}
								}
							}
						}
					}
				}
				JOINT right_collar
				{
					OFFSET -9.202812 11.990282 -2.184024
					CHANNELS 3 Zrotation Yrotation Xrotation
					JOINT right_shoulder
					{
						OFFSET -12.063190 5.322075 -0.917062
						CHANNELS 3 Zrotation Yrotation Xrotation
						JOINT right_elbow
						{
							OFFSET -29.339024 -2.059385 -3.335225
							CHANNELS 3 Zrotation Yrotation Xrotation
							JOINT right_wrist
							{
								OFFSET -29.568916 1.071762 -0.869044
								CHANNELS 3 Zrotation Yrotation Xrotation
								JOINT right_hand
								{
									OFFSET -9.198730 -0.893108 -1.058223
									CHANNELS 3 Zrotation Yrotation Xrotation
									End Site
									{
										OFFSET 0.000000 0.000000 0.000000
									}
								}
							}
						}
					}
				}
			}
		}
	}
}
MOTION
Frames: 284
Frame Time: 0.008333
2.153736 105.662964 16.304125 -176.732468 -1.001503 175.603928 4.281561 -2.544977 2.806667 -2.907504 0.485571 -2.220850 -2.257508 3.325811 3.410873 11.679940 6.565444 -12.939902 2.387478 0.066940 -2.527420 1.727237 -2.496658 9.386205 -5.378545 -5.692248 -4.027491 13.386125 13.617860 -0.840044 -0.109500 2.477026 -1.112715 0.724251 -1.586387 22.809616 0.168500 0.434841 -10.054970 5.702607 8.860636 28.687298 -0.766395 -3.201830 4.139990 -24.043390 -0.003504 11.784498 -49.912971 -27.258154 6.621905 16.422779 -17.112595 -8.822116 -15.117201 0.632648 59.599300 -71.622070 -71.508690 -46.076649 19.039143 0.233428 13.356400 64.901642 21.798779 8.002574 -21.499556 31.076847 -22.137707 8.903409 8.729031 42.895981 71.665443 72.395561 -43.216965 
2.099773 105.662781 16.434757 -176.704926 -0.808399 175.683792 4.325485 -2.489981 2.938354 -2.950070 0.510232 -2.711632 -2.481488 3.450007 3.424239 11.764771 6.526766 -13.058793 2.406418 0.258309 -2.971128 1.760059 -2.498673 9.897674 -5.631102 -5.709116 -4.337746 13.652303 13.495591 -0.666310 -0.195705 2.417957 -0.987046 0.710606 -1.530635 22.985935 0.188489 0.470276 -10.327882 5.519321 8.977787 28.559099 -0.666619 -3.174792 3.605308 -23.975805 -0.399687 12.052851 -49.641830 -27.610695 6.617963 16.244434 -17.754091 -8.174844 -15.180573 -0.037421 59.956577 -71.901489 -71.560074 -45.839249 19.119858 0.548716 13.593748 64.711220 22.321125 7.838977 -21.847076 31.715206 -22.173344 8.897924 9.200923 43.009800 71.722984 72.444893 -43.176159 
2.039167 105.668114 16.563677 -176.682419 -0.618455 175.733948 4.334778 -2.454553 3.064084 -2.967549 0.575134 -3.137139 -2.616351 3.468137 3.429305 11.592770 6.564563 -12.880297 2.443257 0.450735 -3.392792 1.755849 -2.542786 10.414457 -5.846136 -5.717193 -4.654723 13.685750 13.689481 -0.760315 -0.281578 2.340212 -0.830066 0.679212 -1.446612 23.030266 0.253729 0.467093 -10.333427 5.591953 9.342551 28.026974 -0.738158 -3.444179 3.427889 -23.987963 -0.834156 12.000340 -49.301250 -27.846600 6.723582 16.052866 -18.372145 -7.806279 -15.181661 -0.614663 60.593372 -71.655899 -71.590889 -46.011105 19.210411 0.996611 13.563721 64.480614 22.677740 7.785754 -22.282377 32.359341 -22.521168 8.889834 9.644748 43.454735 71.689857 72.453094 -43.185875 
1.980608 105.673203 16.690203 -176.674271 -0.437218 175.799820 4.322577 -2.422998 3.169425 -2.982248 0.625710 -3.544737 -2.670365 3.528907 3.552477 11.446072 6.531094 -12.936782 2.467611 0.653042 -3.800064 1.730512 -2.611739 10.908876 -5.947474 -5.694658 -5.062588 13.593691 13.683492 -0.710198 -0.371146 2.300861 -0.668666 0.643378 -1.397965 23.088135 0.301992 0.485153 -10.441608 5.492465 9.515583 27.627398 -0.707738 -3.502242 3.112419 -23.935974 -1.303476 12.029455 -49.000946 -28.077293 6.763248 15.907392 -18.992962 -7.308704 -15.183938 -1.274395 61.059361 -71.728592 -71.642242 -45.953785 19.280264 1.442714 13.551647 64.290596 22.994307 7.724188 -22.777840 32.961651 -22.767805 8.792592 10.148702 43.800697 71.791565 72.518150 -43.090427 
1.925577 105.680428 16.815542 -176.645798 -0.250688 175.867340 4.342577 -2.410289 3.254715 -3.009550 0.690606 -3.923309 -2.731780 3.614501 3.656651 11.330466 6.535978 -12.896682 2.512071 0.842612 -4.206703 1.739387 -2.598987 11.378365 -6.150203 -5.737706 -5.433269 13.740734 13.736319 -0.609613 -0.422202 2.239677 -0.517178 0.602757 -1.332555 23.163378 0.351601 0.506552 -10.580309 5.341052 9.699795 27.307034 -0.635441 -3.556971 2.721336 -23.924614 -1.769426 12.106743 -48.626705 -28.355337 6.706275 15.738423 -19.546841 -6.846822 -15.012039 -2.074998 61.562057 -71.742615 -71.684952 -45.953655 19.357357 1.868157 13.647306 64.030365 23.459055 7.579872 -23.208496 33.468613 -22.939594 8.569667 10.727145 44.156971 71.775848 72.563622 -43.093922 
1.870285 105.687576 16.934942 -176.749023 0.013381 175.891876 4.109553 -2.340571 3.452600 -2.867898 0.470836 -4.317209 -3.802310 4.933422 3.286227 14.246821 4.394241 -12.264489 2.457500 1.022669 -4.485385 1.712467 -2.371151 11.799374 -6.487009 -5.424292 -5.583832 14.772500 11.478885 -1.115691 -0.844867 2.588751 -0.266939 0.816854 -1.772260 23.240395 0.392241 0.783799 -10.868981 4.251317 9.250118 29.634701 0.194990 -2.703576 -0.460095 -24.300259 -2.241958 12.304090 -47.757614 -28.674393 7.288139 15.655847 -19.749935 -7.690687 -14.472514 -3.160559 62.743118 -71.842339 -71.653603 -45.961613 19.602921 1.910656 14.110833 63.426826 24.335695 7.636815 -23.731726 33.770775 -22.860754 7.994936 11.278666 44.252151 71.865845 72.889130 -43.076591 
1.814283 105.695229 17.055021 -176.642731 0.100645 175.972717 4.296810 -2.479727 3.400745 -3.050851 0.902389 -4.580275 -2.584853 3.828327 4.050184 10.757907 6.149257 -13.356823 2.552306 1.108783 -4.908635 1.731956 -2.571792 12.195584 -6.779259 -5.534956 -6.174004 15.247080 13.179276 0.237685 -0.564303 2.137213 -0.236278 0.533182 -1.195768 23.593025 0.442132 0.567390 -11.361301 4.943089 9.920673 27.431509 -0.306479 -3.534904 1.360666 -23.845337 -2.570773 12.713186 -47.825489 -29.112635 6.574832 15.507113 -20.577539 -5.715696 -14.325484 -4.207245 61.868069 -72.291351 -71.845963 -45.566292 19.487141 2.590780 14.225387 63.460091 24.566025 7.250472 -24.173523 34.422131 -23.289337 7.626462 11.940581 44.612049 72.045837 72.790627 -42.682949 
1.762630 105.701225 17.180305 -176.621353 0.280733 176.043289 4.283862 -2.439295 3.440428 -3.009316 0.997672 -4.864662 -2.920838 3.798308 4.107705 11.225365 6.445492 -12.955950 2.614780 1.310598 -5.223238 1.669579 -2.578982 12.483155 -6.410146 -5.643575 -6.439425 13.741948 13.843142 -0.594628 -0.562265 2.127981 -0.043386 0.474471 -1.177070 23.344009 0.465211 0.576088 -11.027777 5.021372 10.281769 26.458466 -0.445252 -3.855412 1.483346 -23.732121 -3.242678 12.243798 -47.551186 -29.058857 6.900726 15.432853 -21.020254 -5.233423 -13.748509 -5.610756 61.611481 -71.792191 -71.816551 -45.889339 19.426046 3.297322 13.734990 63.326111 24.638660 7.369612 -24.754812 34.774323 -23.464649 6.841633 12.694759 44.433056 71.851898 72.687874 -43.068703 
1.710682 105.708298 17.303957 -176.630920 0.450790 176.082184 4.230949 -2.467200 3.484463 -2.991600 1.117144 -5.117744 -2.947767 3.868726 4.287263 11.185995 6.413243 -12.968596 2.629675 1.443894 -5.482188 1.648126 -2.540361 12.721296 -6.439467 -5.625192 -6.715492 13.744087 13.883468 -0.581286 -0.578295 2.091613 0.141059 0.408472 -1.123857 23.360561 0.479616 0.618628 -11.150981 4.854190 10.445367 26.211851 -0.313848 -3.926339 1.008684 -23.623705 -3.809484 12.278424 -47.169449 -29.247852 7.018909 15.399741 -21.424168 -4.630491 -12.948690 -7.259094 60.937496 -71.801598 -71.864677 -45.888042 19.376167 3.813611 13.715549 63.104908 25.073061 7.366973 -25.267761 35.004093 -23.571201 5.931554 13.396962 44.124611 71.849403 72.726311 -43.106464 
1.662212 105.712776 17.431168 -176.644073 0.602246 176.119858 4.177620 -2.513836 3.505532 -2.969896 1.218213 -5.337177 -2.992954 3.969606 4.465737 11.185950 6.354025 -12.937396 2.633710 1.557002 -5.721920 1.647111 -2.493250 12.912062 -6.478516 -5.630025 -6.928487 13.775747 13.941865 -0.593666 -0.575653 2.044523 0.366521 0.330581 -1.067553 23.266529 0.493509 0.650817 -11.216674 4.676329 10.613700 25.965857 -0.172235 -3.996436 0.540475 -23.513767 -4.374686 12.284968 -46.752190 -29.422558 7.170826 15.363267 -21.770197 -4.020279 -11.841108 -9.142539 59.909103 -71.726555 -71.923729 -45.952618 19.314257 4.332968 13.672171 62.828709 25.538517 7.353890 -25.688486 35.162720 -23.650124 4.862478 14.084391 43.699741 71.804718 72.758820 -43.195358 
1.615097 105.717110 17.558229 -176.666733 0.748866 176.142807 4.123329 -2.543143 3.510250 -2.968934 1.337997 -5.521125 -2.875466 4.016741 4.712053 10.933721 6.320475 -12.964509 2.627372 1.633667 -5.914242 1.660400 -2.359375 13.030388 -6.574683 -5.650540 -7.117671 14.166318 13.931520 -0.555587 -0.576037 1.999396 0.602055 0.238836 -1.036633 23.215897 0.523843 0.719946 -11.408775 4.350624 10.721467 25.902102 0.095693 -3.968587 -0.022668 -23.356619 -4.933949 12.421425 -46.374474 -29.612307 7.214644 15.367083 -22.153925 -3.308209 -10.425137 -11.174699 58.444458 -71.786270 -71.964958 -46.014717 19.163162 4.853323 13.734466 62.534389 26.056662 7.220212 -25.958691 35.314777 -23.521889 3.621005 14.693233 42.990925 71.861008 72.791977 -43.204639 
1.569263 105.719566 17.685034 -176.680771 0.880867 176.206543 4.057013 -2.584419 3.472967 -2.926626 1.442206 -5.684862 -2.979987 4.105236 4.919299 11.151725 6.292063 -13.029400 2.649084 1.732159 -6.070830 1.612512 -2.328273 13.007225 -6.301606 -5.608644 -7.300573 13.686113 14.036465 -0.566555 -0.563282 1.948768 0.868818 0.173790 -0.991848 22.907633 0.531377 0.760954 -11.336952 4.209224 10.818326 25.457312 0.133054 -4.031282 -0.225446 -23.167236 -5.631931 12.299280 -46.022285 -29.629175 7.456480 15.407169 -22.462629 -2.823777 -8.656452 -13.200851 56.616249 -71.815720 -71.988022 -45.976803 18.980621 5.479679 13.510671 62.209648 26.387505 7.321940 -26.298180 35.367264 -23.750616 2.453817 15.263498 42.411308 71.880043 72.827370 -43.250484 
1.519062 105.722969 17.811817 -176.702469 0.987450 176.238205 3.978229 -2.641764 3.441605 -2.883010 1.531181 -5.824422 -2.946717 4.195112 5.180207 11.155705 6.245013 -13.055923 2.638625 1.757995 -6.152647 1.618860 -2.211050 12.895141 -6.158776 -5.590385 -7.388896 13.655450 14.103183 -0.566341 -0.522138 1.890815 1.167874 0.078308 -0.970988 22.593554 0.533612 0.821346 -11.329338 3.942031 10.874589 25.183369 0.295479 -4.014740 -0.519154 -22.958189 -6.270837 12.307396 -45.644997 -29.764048 7.579473 15.401199 -22.784122 -2.301035 -6.423756 -15.249162 54.546410 -71.823776 -72.023842 -46.036617 18.769409 6.058233 13.439401 61.773247 26.860741 7.254097 -26.409512 35.435291 -23.728178 1.140463 15.787730 41.705990 71.921524 72.863098 -43.286896 
1.469841 105.725288 17.937315 -176.731583 1.080668 176.296783 3.900313 -2.673072 3.366683 -2.826936 1.503903 -5.949958 -3.166097 4.634245 5.449651 11.714226 5.706279 -13.294142 2.624402 1.730760 -6.221009 1.613956 -1.949741 12.703551 -5.609948 -5.720739 -7.494545 12.833208 13.987394 -0.375108 -0.504594 1.835124 1.370163 0.003694 -0.966900 22.417933 0.544604 0.896312 -11.443328 3.405376 10.754141 25.244987 0.668694 -3.739831 -1.170903 -22.744043 -6.934457 12.427306 -45.190105 -29.969025 7.570105 15.372602 -23.089787 -2.024744 -3.844211 -17.206707 52.546181 -72.010643 -72.092308 -46.049717 18.524328 6.745337 13.387394 61.190022 27.329821 7.129498 -26.450153 35.337723 -23.902100 -0.152694 16.347021 41.258530 71.899673 72.950706 -43.423607 
1.421183 105.728859 18.059883 -176.745010 1.160554 176.321243 3.826049 -2.735965 3.304857 -2.789218 1.670859 -6.024532 -2.839490 4.347338 5.773265 11.160327 6.128010 -13.126983 2.622761 1.752307 -6.185848 1.601853 -2.005144 12.365055 -5.941339 -5.508740 -7.188430 13.636908 14.256833 -0.561750 -0.429591 1.767386 1.683755 -0.106835 -0.950709 21.959377 0.546665 0.942345 -11.262826 3.440124 10.938435 24.608459 0.587932 -3.999921 -1.012437 -22.508118 -7.552116 12.268391 -44.883663 -30.169548 7.642026 15.424990 -23.449402 -1.721898 -1.208415 -18.803413 50.530701 -71.891151 -72.108627 -46.126331 18.282019 7.270300 13.275939 60.669399 27.929722 7.006915 -26.459902 35.402622 -23.557928 -1.380708 16.750519 40.440571 72.076889 72.951897 -43.292873 
1.366531 105.730423 18.174931 -176.776443 1.221487 176.348679 3.736966 -2.758635 3.237801 -2.739630 1.681252 -6.095532 -2.708897 4.417917 6.059058 11.075945 6.068882 -13.089808 2.593010 1.700976 -6.114661 1.608754 -1.863164 11.957884 -5.984941 -5.463948 -6.872767 13.809060 14.351146 -0.560707 -0.363257 1.706017 1.949817 -0.213664 -0.948952 21.610151 0.543713 0.990966 -11.226878 3.203702 10.923186 24.383213 0.715121 -3.972221 -1.240492 -22.301933 -8.145298 12.272311 -44.412098 -30.509378 7.527255 15.379082 -23.789305 -1.616216 1.681748 -20.273840 48.736900 -71.931229 -72.135101 -46.174419 18.068281 7.852700 13.282286 59.906261 28.611925 6.756589 -26.329081 35.327869 -23.381678 -2.618048 17.199877 39.915565 72.108185 72.993324 -43.326378 
1.319756 105.732338 18.288105 -176.790497 1.256134 176.391144 3.666856 -2.797862 3.140942 -2.687844 1.720978 -6.156801 -2.679235 4.457778 6.367097 11.075139 6.044742 -13.173213 2.607190 1.651789 -6.007538 1.560917 -1.765374 11.453792 -5.895432 -5.399242 -6.466467 13.684614 14.523845 -0.563276 -0.295660 1.635832 2.139173 -0.300003 -0.953456 21.275803 0.544706 1.041596 -11.112624 3.070576 10.916753 24.005867 0.758711 -4.004580 -1.322917 -22.078730 -8.790215 12.165049 -43.958374 -30.809267 7.414098 15.387784 -24.146187 -1.584432 4.576533 -21.620256 47.080868 -72.014252 -72.195480 -46.198509 17.766981 8.503241 13.141059 59.177010 29.204111 6.507084 -26.225313 35.222244 -23.241049 -3.793045 17.680403 39.471249 72.271400 73.055565 -43.249287 
1.269941 105.735588 18.394670 -176.816559 1.278432 176.427368 3.587513 -2.821585 3.026612 -2.642201 1.744351 -6.168705 -2.580407 4.465453 6.606836 10.938359 6.018355 -13.152097 2.598287 1.573157 -5.868822 1.545066 -1.618889 10.889655 -5.980447 -5.382304 -5.931715 13.904470 14.739030 -0.652451 -0.211669 1.582288 2.304371 -0.389106 -0.984289 20.975859 0.513681 1.095771 -11.039254 2.943224 10.896743 23.817497 0.831372 -4.087068 -1.535108 -21.852591 -9.391111 12.104627 -43.429184 -31.234146 7.150001 15.332721 -24.505417 -1.586286 7.422955 -22.783989 45.674915 -72.058571 -72.253044 -46.260098 17.522526 9.124201 13.104734 58.306816 29.912823 6.121414 -26.057564 35.101414 -23.074083 -4.957309 18.141006 39.024784 72.344269 73.099007 -43.235874 
1.217424 105.740746 18.493093 -176.851913 1.303310 176.473297 3.483471 -2.854388 2.926471 -2.579339 1.778286 -6.203507 -2.579594 4.519461 6.819132 10.957726 5.931461 -13.253767 2.588313 1.483109 -5.710480 1.466630 -1.550301 10.291644 -5.811475 -5.245255 -5.389741 13.792625 14.747638 -0.582947 -0.116958 1.525228 2.438199 -0.502636 -0.987146 20.689604 0.510009 1.141414 -10.980363 2.762172 10.798160 23.558468 0.935400 -4.041573 -1.624167 -21.728674 -10.013103 11.988664 -42.734638 -31.608095 6.906657 15.279004 -24.864420 -1.659121 10.133678 -23.850082 44.273338 -72.271721 -72.317482 -46.164455 17.249641 9.822688 12.994665 57.361191 30.512693 5.682721 -25.875322 34.976051 -23.021597 -6.072286 18.592840 38.639091 72.595055 73.188072 -43.081127 
1.167685 105.748413 18.586334 -176.889725 1.328931 176.501099 3.372784 -2.896306 2.823255 -2.505668 1.826457 -6.195994 -2.552105 4.541666 6.975436 10.881889 5.882640 -13.295978 2.563133 1.372304 -5.522496 1.420441 -1.443284 9.665287 -5.660387 -5.149922 -4.751186 13.859988 14.862103 -0.578015 -0.006939 1.492578 2.538790 -0.610256 -1.013291 20.436333 0.480433 1.190165 -10.900589 2.600230 10.705659 23.396362 1.051006 -4.060632 -1.844477 -21.572786 -10.648557 11.873275 -41.991997 -32.037342 6.551654 15.214117 -25.234779 -1.752775 12.620491 -24.736858 43.007481 -72.454727 -72.387543 -46.106525 16.981634 10.499417 12.906103 56.367119 31.201818 5.173944 -25.695599 34.820145 -22.979942 -7.145222 18.990772 38.260838 72.777618 73.262466 -42.983742 
1.122004 105.755325 18.671625 -176.915848 1.338263 176.537506 3.301818 -2.910490 2.695707 -2.464024 1.852457 -6.170176 -2.511404 4.536869 7.142272 10.746867 5.835560 -13.344819 2.544101 1.199649 -5.341143 1.384636 -1.302426 9.030511 -5.532360 -5.116687 -4.065740 14.038688 15.074241 -0.568956 0.141270 1.456460 2.562558 -0.727313 -1.050156 20.276260 0.427826 1.241591 -10.883127 2.481195 10.636927 23.305813 1.168822 -4.111835 -2.030592 -21.366503 -11.281282 11.783327 -41.235405 -32.536674 6.108880 15.162322 -25.554598 -1.720926 14.835973 -25.508080 41.677837 -72.683044 -72.450172 -46.036781 16.739897 11.181315 12.897780 55.265518 31.962093 4.517410 -25.480547 34.637856 -22.983915 -8.172800 19.342730 37.892132 72.895615 73.337868 -42.925732 
1.084435 105.764587 18.751122 -176.951523 1.354449 176.569321 3.209598 -2.929097 2.591457 -2.407951 1.919845 -6.146562 -2.519023 4.504199 7.246970 10.739440 5.807048 -13.389287 2.510050 1.038258 -5.113711 1.324874 -1.266956 8.349331 -5.156770 -4.939307 -3.415093 13.976992 15.056064 -0.575845 0.249683 1.443182 2.610173 -0.817630 -1.113683 20.025770 0.384774 1.306358 -10.779029 2.346394 10.498844 23.136484 1.290617 -4.103229 -2.133121 -21.192549 -11.933975 11.538646 -40.408325 -32.974514 5.795577 15.146251 -25.855612 -1.827820 16.640369 -26.070261 40.448227 -72.859184 -72.526817 -45.944466 16.441549 11.895225 12.727737 54.249794 32.620872 3.987325 -25.378794 34.401569 -23.169512 -9.063784 19.602900 37.585014 73.198067 73.414642 -42.748665 
1.057850 105.775337 18.819517 -176.956161 1.356974 176.592194 3.170763 -2.944781 2.495934 -2.366894 1.952384 -6.115886 -2.536227 4.478838 7.346776 10.692319 5.780239 -13.447379 2.512710 0.861488 -4.820555 1.271625 -1.215213 7.570644 -4.852029 -4.844507 -2.730977 14.045074 15.132912 -0.583456 0.391852 1.439791 2.569051 -0.890420 -1.186244 19.907970 0.333074 1.366846 -10.719701 2.222610 10.367774 23.016388 1.385801 -4.132687 -2.242962 -20.945898 -12.604189 11.336207 -39.591522 -33.510098 5.354061 15.160811 -26.098408 -1.901072 18.091450 -26.467880 39.268028 -73.079155 -72.593712 -45.836552 16.142637 12.594860 12.585626 53.158741 33.348091 3.345815 -25.265282 34.140789 -23.346966 -9.843640 19.770206 37.423363 73.430092 73.492012 -42.613522 
1.034437 105.786125 18.879839 -176.993835 1.360810 176.609573 3.105819 -2.939412 2.377063 -2.340489 1.871956 -6.058270 -2.496671 4.723064 7.460207 10.625692 5.290828 -13.681033 2.470401 0.692538 -4.514965 1.248455 -1.101117 6.793825 -4.547530 -4.844981 -2.109986 14.248219 15.029938 -0.308788 0.480857 1.491964 2.471895 -0.925271 -1.357994 19.979654 0.238018 1.485062 -10.933316 1.832893 10.072467 23.577612 1.799490 -3.882113 -2.979742 -20.713860 -13.230602 11.449446 -38.542995 -34.177624 4.740327 15.155761 -26.311190 -2.056739 19.317764 -26.705591 38.117722 -73.560837 -72.638870 -45.511909 15.891331 13.251006 12.684515 51.899723 34.200493 2.627423 -25.111118 33.725719 -23.631729 -10.590581 19.912731 37.353687 73.692970 73.573288 -42.395630 
1.029533 105.798561 18.932602 -177.004379 1.355134 176.631287 3.099243 -2.946757 2.287606 -2.340806 2.031759 -6.007295 -2.478374 4.417675 7.505898 10.513888 5.642181 -13.655264 2.459878 0.494444 -4.169552 1.235738 -1.028497 5.954869 -4.440895 -4.734241 -1.436732 14.775715 15.233758 -0.087391 0.626233 1.499762 2.364981 -1.025557 -1.389615 19.900600 0.217199 1.512091 -10.845423 1.759009 9.992655 23.149191 1.878909 -3.991002 -2.733275 -20.312572 -13.955918 11.110296 -37.779461 -34.710133 4.102603 15.086536 -26.581640 -1.689059 20.336372 -26.634331 36.978992 -73.819275 -72.747139 -45.304466 15.477206 13.985326 12.473722 50.887447 34.948746 1.874711 -24.989172 33.374969 -23.624182 -11.189330 19.962772 37.313934 73.885735 73.631401 -42.472267 
1.034039 105.810516 18.980032 -177.032394 1.346394 176.651093 3.051450 -2.944981 2.197815 -2.306782 2.067816 -5.961296 -2.555632 4.340118 7.559555 10.495730 5.724072 -13.633802 2.452150 0.352282 -3.826265 1.189633 -0.992524 5.134715 -4.177522 -4.612085 -0.739539 14.291335 15.348455 -0.585349 0.693951 1.526407 2.258793 -1.055284 -1.470197 19.770206 0.171912 1.571580 -10.661304 1.899222 9.970280 22.892879 1.793343 -4.273039 -2.681977 -19.955626 -14.688202 10.718081 -36.896118 -35.313686 3.773214 15.189404 -26.638220 -2.153828 20.965265 -26.705883 36.501831 -73.738350 -72.780586 -45.479515 15.111689 14.683458 12.036241 49.859550 35.609360 1.521179 -24.980120 32.823933 -23.766848 -11.735924 20.023075 37.409988 74.169220 73.724525 -42.175549 
1.035984 105.821739 19.026875 -177.094467 1.356876 176.647339 2.962669 -2.980596 2.121603 -2.224767 2.168600 -5.916351 -3.035270 4.563625 7.552425 11.532307 5.319643 -14.035728 2.364599 0.202791 -3.516566 1.199602 -0.954482 4.413503 -4.069365 -4.492698 -0.102439 15.041715 15.294210 -0.239288 0.704941 1.614436 2.012501 -1.006321 -1.574174 20.177696 0.105734 1.606353 -11.119286 1.730922 9.846602 23.490705 2.030213 -4.297005 -3.282203 -19.715767 -15.316741 10.823752 -35.734066 -36.090939 3.095949 15.215093 -26.648893 -2.540635 21.564590 -26.623867 36.105877 -74.130234 -72.823784 -45.247574 14.862723 15.326433 12.323842 48.298504 36.568382 0.565004 -24.701941 32.294090 -23.759449 -12.278667 20.045385 37.620781 74.276840 73.730446 -42.259277 
1.048136 105.834801 19.069355 -177.082336 1.342974 176.671432 2.986302 -2.974079 2.017692 -2.277551 2.111317 -5.835935 -2.480200 4.286675 7.625535 10.288740 5.693514 -13.824665 2.401105 0.008032 -3.196327 1.190947 -0.763528 3.633224 -4.040598 -4.511479 0.515103 14.836792 15.550928 -0.567946 0.855793 1.645323 1.916041 -1.111498 -1.665179 19.830841 0.105571 1.716593 -10.633631 1.717028 9.763327 22.936600 2.046535 -4.497694 -3.004229 -19.104738 -16.224607 10.244943 -34.982018 -36.627895 2.429883 15.152632 -26.689983 -2.528196 22.177738 -26.451506 35.760513 -74.230888 -72.899605 -45.149246 14.334690 16.118748 11.630516 47.262970 37.027531 0.021948 -24.545719 31.818830 -23.749449 -12.588556 20.009590 38.082951 74.682312 73.885620 -41.860023 
1.063295 105.851036 19.102930 -177.089142 1.346282 176.665405 2.972705 -2.998253 1.973526 -2.257141 2.158479 -5.797340 -2.510053 4.241752 7.636739 10.219524 5.717141 -13.858377 2.391888 -0.155851 -2.841856 1.183048 -0.689117 2.873321 -3.826258 -4.425383 1.019683 14.713117 15.545753 -0.513213 0.939221 1.715209 1.758133 -1.133436 -1.754570 19.840956 0.105612 1.791254 -10.587956 1.636853 9.638913 22.859264 2.123454 -4.614157 -3.046263 -18.644447 -17.052696 9.965598 -33.981647 -37.252491 1.666017 15.087361 -26.624239 -2.785911 22.728806 -26.343351 35.808792 -74.495964 -72.971535 -45.018997 13.889155 16.909410 11.328764 45.870102 37.566837 -0.782345 -24.248709 31.309439 -23.773783 -12.833570 19.985357 38.531082 75.014351 73.976074 -41.615669 
1.083603 105.867432 19.134386 -177.100815 1.341429 176.653091 2.965228 -3.034596 1.922860 -2.246323 2.144248 -5.740183 -2.597117 4.378145 7.605723 10.388124 5.518909 -13.981359 2.351832 -0.351240 -2.496788 1.225224 -0.470638 2.144940 -3.704041 -4.483929 1.496942 14.867346 15.559459 -0.410677 0.997722 1.775929 1.594054 -1.130739 -1.861889 19.849188 0.111381 1.877003 -10.564141 1.417055 9.498489 23.046049 2.367840 -4.641431 -3.348690 -18.114386 -17.899158 9.752912 -32.958065 -37.868462 0.777050 14.988414 -26.521021 -3.019997 23.286715 -26.161909 35.892883 -74.976692 -73.058830 -44.645275 13.430487 17.715551 11.153129 44.291882 38.151901 -1.735785 -23.813814 30.739477 -23.820395 -13.110347 19.980595 39.060928 75.256210 74.089981 -41.482082 
1.105040 105.883324 19.163954 -177.102905 1.334028 176.630280 2.972222 -3.099675 1.857942 -2.269951 2.192114 -5.653945 -2.431443 4.300043 7.620116 9.833767 5.687764 -14.065960 2.303850 -0.548281 -2.175087 1.310179 -0.403847 1.474945 -3.959359 -4.272947 2.012502 15.364216 15.609980 -0.575194 1.085216 1.820157 1.365369 -1.175357 -1.891747 20.123665 0.165425 1.901232 -10.783963 1.387982 9.432992 23.233324 2.455096 -4.802606 -3.550413 -17.628218 -18.593216 9.599461 -31.955120 -38.629101 -0.011485 14.983683 -26.292892 -3.468657 23.628481 -26.105797 36.388485 -75.180008 -73.165268 -44.696125 12.989569 18.443117 11.083270 42.709423 38.788845 -2.841092 -23.332657 30.218348 -23.541185 -13.284041 19.956188 39.337219 75.574867 74.158844 -41.190193 
1.127012 105.901131 19.186213 -177.119446 1.377321 176.624786 2.935755 -3.049071 1.826331 -2.219648 2.180943 -5.603202 -2.538754 4.351303 7.565747 10.039209 5.587610 -14.220331 2.261607 -0.605468 -1.856503 1.337514 -0.298969 0.815996 -3.738741 -4.302608 2.312522 15.267760 15.571750 -0.361985 1.141302 1.963127 1.213125 -1.161022 -2.037568 20.019325 0.158885 1.995114 -10.620903 1.420220 9.355440 23.322655 2.486192 -5.017400 -3.746217 -16.966679 -19.460421 9.250919 -31.050520 -39.201145 -0.940114 14.878648 -26.056591 -3.447332 24.101849 -25.864418 36.342400 -75.783279 -73.155106 -44.107903 12.456940 19.259144 10.726708 41.196022 39.235123 -3.802775 -22.860312 29.625889 -23.568216 -13.380204 19.947388 39.756485 76.027336 74.266243 -40.875706 
1.154190 105.920036 19.206232 -177.106857 1.394772 176.575989 2.963776 -3.103775 1.795760 -2.262077 2.140787 -5.514004 -2.102763 4.366010 7.645201 8.892303 5.321668 -14.519566 2.236701 -0.711138 -1.542299 1.414356 -0.225855 0.252974 -3.923026 -4.132337 2.528136 16.015007 15.206036 0.139200 1.209253 2.042248 1.038918 -1.140163 -2.144310 20.306330 0.177836 2.103621 -10.996233 1.167272 9.113123 23.834118 2.801041 -4.916302 -4.212582 -16.544847 -20.201374 9.377061 -29.794117 -39.878838 -1.934868 14.863048 -25.761915 -3.829319 24.380491 -25.759386 36.675613 -76.266640 -73.237183 -43.910206 12.013762 19.978346 10.811895 39.484688 39.765270 -4.933194 -22.421726 29.062170 -23.723732 -13.420334 19.940039 40.200542 76.547150 74.340034 -40.576504 
1.185068 105.937607 19.225250 -177.092117 1.440519 176.551865 2.977387 -3.094187 1.764612 -2.222012 2.239650 -5.427208 -2.498104 4.338569 7.433598 9.513837 5.633095 -14.347269 2.223253 -0.864315 -1.268428 1.477421 -0.014031 -0.306682 -3.951074 -4.209252 2.862391 16.097700 15.696483 0.002945 1.301057 2.114867 0.858166 -1.152529 -2.179796 20.148603 0.224931 2.136061 -10.604248 1.420466 9.241084 23.484804 2.631085 -5.376846 -3.991832 -15.745889 -21.102417 8.729816 -29.051483 -40.345245 -2.723642 14.866799 -25.446537 -4.029936 24.329527 -25.487646 37.032410 -76.185211 -73.351189 -43.916145 11.389874 20.882248 10.176032 38.115765 40.034142 -5.860565 -21.994455 28.513876 -23.683235 -13.347793 19.779331 40.576180 76.721130 74.454178 -40.351429 
1.215649 105.958664 19.238646 -177.081329 1.470494 176.513062 2.962908 -3.117220 1.754057 -2.174987 2.281379 -5.339819 -2.487371 4.262474 7.374973 9.464433 5.795602 -14.382597 2.220632 -0.996404 -0.993528 1.497522 0.121929 -0.819169 -3.805221 -4.212039 3.121588 15.899735 15.865193 -0.131430 1.362951 2.189171 0.720827 -1.142626 -2.250751 20.056908 0.287922 2.205611 -10.389575 1.518677 9.214869 23.393293 2.590031 -5.643076 -4.039378 -15.042531 -22.009560 8.188920 -28.254347 -40.744545 -3.350451 14.971417 -25.030512 -4.257244 24.278751 -25.225206 37.145599 -76.404785 -73.387512 -43.700832 10.699809 21.734274 9.653621 36.792641 40.306271 -6.722444 -21.633820 27.904432 -23.711342 -13.304296 19.704384 40.861107 76.963181 74.526566 -40.255379 
1.248701 105.977242 19.249483 -177.081009 1.525492 176.467346 2.953721 -3.118430 1.750776 -2.149764 2.276179 -5.254693 -2.482050 4.299324 7.303984 9.357060 5.788948 -14.485217 2.195858 -1.108950 -0.738590 1.544283 0.289547 -1.271658 -3.795407 -4.202507 3.305241 16.022625 15.847576 -0.088409 1.421391 2.279934 0.561778 -1.140147 -2.322440 20.093456 0.344324 2.283790 -10.360899 1.513237 9.138649 23.517620 2.665064 -5.787217 -4.224267 -14.367968 -22.888351 7.873960 -27.256704 -41.176888 -4.202031 14.962609 -24.562159 -4.368546 24.226753 -24.978987 37.100876 -76.754631 -73.444374 -43.445896 10.053767 22.596874 9.315859 35.371231 40.570747 -7.680529 -21.267511 27.279230 -23.714146 -13.334101 19.555979 41.045746 77.342209 74.617447 -39.978859 
1.284573 105.993324 19.259497 -177.070145 1.577086 176.422455 2.968179 -3.114789 1.729014 -2.144839 2.278214 -5.138520 -2.424290 4.328135 7.255690 9.189623 5.801260 -14.571481 2.179557 -1.224330 -0.506748 1.598381 0.463611 -1.677126 -3.851755 -4.205381 3.485111 16.280777 15.834495 0.008914 1.505239 2.359437 0.421304 -1.150032 -2.390096 20.101742 0.378427 2.359520 -10.349034 1.542259 9.044354 23.640650 2.731559 -5.925598 -4.367907 -13.690018 -23.726841 7.521184 -26.234699 -41.635334 -5.023982 14.897026 -23.967653 -4.348529 24.116577 -24.711283 36.934383 -77.141296 -73.508972 -43.155052 9.401453 23.431143 8.976540 34.031399 40.839195 -8.580428 -20.942677 26.598179 -23.651983 -13.350451 19.382864 41.206825 77.704903 74.699860 -39.721531 
1.318714 106.008980 19.262716 -177.070663 1.646293 176.387558 2.890914 -3.054356 1.672450 -1.990515 1.745873 -5.001962 -2.864863 5.405210 7.043235 10.530694 4.998277 -14.722112 2.189616 -1.301936 -0.304399 1.569239 0.845317 -2.053445 -3.372528 -4.732306 3.663707 15.088763 16.206528 -0.478595 1.490356 2.517764 0.221451 -1.099513 -2.631807 19.706867 0.407485 2.620824 -9.531883 1.048272 8.722801 24.123430 3.294134 -5.660433 -5.290984 -12.702825 -24.981606 6.418273 -25.431044 -41.650082 -5.273881 14.879218 -23.178150 -4.971892 24.005003 -24.652010 37.045643 -77.236961 -73.547272 -43.161861 8.533438 24.226641 7.910949 32.898716 40.908775 -8.865836 -20.688833 25.728050 -24.199835 -13.248753 19.259295 41.755486 77.773842 74.800552 -39.661522 
1.354218 106.024498 19.268238 -177.079880 1.693401 176.308289 2.963946 -3.074317 1.696404 -2.113229 2.255152 -4.884773 -2.422850 4.447489 7.157876 9.442969 5.839290 -14.847538 2.084212 -1.515460 -0.079053 1.767715 0.945573 -2.360673 -4.238741 -4.176653 3.864211 17.584190 15.597081 0.347042 1.633242 2.534744 0.021243 -1.158674 -2.539059 20.501120 0.408038 2.523523 -10.661369 1.451790 8.786403 24.261089 3.063394 -6.011322 -5.043826 -12.410274 -25.549025 7.092924 -23.894651 -42.375607 -6.934676 14.797512 -22.566275 -4.460659 23.742506 -24.285400 36.591366 -78.073044 -73.688034 -42.547050 8.132727 25.020205 8.582985 31.251945 41.464787 -10.442911 -20.329563 25.064026 -23.452742 -13.348111 18.908407 41.296970 78.365974 74.875412 -39.211525 
1.389950 106.038841 19.270353 -177.073410 1.740939 176.277313 2.957574 -3.090595 1.664871 -2.088713 2.271091 -4.752469 -2.251887 4.380533 7.119991 8.881394 5.868907 -14.871669 2.095277 -1.590796 0.122961 1.752319 1.068370 -2.703790 -3.965266 -4.291592 3.922899 16.887455 15.891406 0.280642 1.729829 2.603746 -0.068691 -1.223885 -2.585449 20.230356 0.493067 2.541376 -10.331784 1.677161 8.820169 23.997768 2.933483 -6.294857 -4.882995 -11.661242 -26.445833 6.527202 -22.850174 -42.638618 -7.711354 14.694055 -21.787575 -4.441984 23.675041 -24.101509 36.391224 -78.388519 -73.726631 -42.210560 7.238702 26.017113 7.856844 30.249031 41.449532 -11.014832 -20.011955 24.271101 -23.324194 -13.349649 18.668213 41.315273 78.743675 74.944595 -39.003578 
1.427235 106.054459 19.269073 -177.074661 1.805933 176.224533 2.955171 -3.043493 1.629750 -2.061684 2.182483 -4.601322 -2.273125 4.541076 7.065282 8.947049 5.814106 -14.958334 2.073224 -1.697406 0.280176 1.794939 1.374584 -2.940435 -3.983929 -4.480864 4.068790 16.927156 16.046198 0.265069 1.813287 2.671069 -0.208688 -1.273929 -2.633551 20.195684 0.531698 2.591234 -10.272899 1.694932 8.737979 24.135548 3.040990 -6.364767 -5.064497 -10.924432 -27.395317 6.097279 -21.787771 -42.805042 -8.533218 14.620461 -21.004045 -4.494047 23.637711 -23.841778 36.323788 -78.808823 -73.807999 -41.846329 6.453678 26.905693 7.381476 29.077801 41.579903 -11.615494 -19.621361 23.311350 -23.231871 -13.476606 18.452164 41.192932 78.975296 74.999298 -38.883801 
1.461836 106.065987 19.258230 -177.083023 1.853731 176.160156 2.951660 -3.053275 1.644217 -2.066478 2.253911 -4.477816 -2.063508 4.405046 7.056408 8.571654 5.915695 -15.078661 2.042396 -1.734365 0.472748 1.844242 1.453846 -3.168793 -4.082603 -4.430616 4.137860 17.224289 15.919008 0.464233 1.902593 2.725202 -0.291646 -1.325000 -2.671313 20.187500 0.556295 2.623259 -10.338117 1.827885 8.640015 24.076809 2.998637 -6.470244 -4.979843 -10.288894 -28.285154 5.762803 -20.648880 -42.984097 -9.390133 14.511981 -20.201319 -4.461079 23.602301 -23.537870 36.221199 -79.293503 -73.871025 -41.528797 5.640960 27.805937 6.875905 28.076807 41.635475 -12.133961 -19.270016 22.374949 -23.101212 -13.503937 18.148102 41.001385 79.466942 75.089745 -38.505249 
1.500751 106.079262 19.240822 -177.089981 1.897616 176.079620 2.942939 -3.044468 1.664063 -2.054776 2.254486 -4.352180 -1.932115 4.394001 7.039544 8.369540 5.922649 -15.131728 2.026525 -1.747578 0.653359 1.877373 1.623663 -3.350544 -4.202059 -4.529343 4.234342 17.510965 15.969643 0.557860 1.985182 2.763461 -0.371465 -1.384022 -2.710377 20.196516 0.586843 2.650543 -10.428078 1.965659 8.584553 24.181644 2.995644 -6.582416 -5.060441 -9.581813 -29.128628 5.445184 -19.573309 -43.143597 -10.272770 14.401270 -19.413044 -4.441022 23.612261 -23.164509 36.258858 -79.682686 -73.931412 -41.220791 4.836113 28.663225 6.487456 26.964233 41.804501 -12.757058 -18.794090 21.328699 -22.905285 -13.622973 17.876095 40.729530 79.824242 75.153961 -38.245266 
1.537012 106.093307 19.226158 -177.087006 1.954249 176.019562 2.959713 -2.984220 1.614899 -2.060396 2.093299 -4.158058 -1.710027 4.581044 7.052532 7.747420 5.654167 -15.367341 2.014148 -1.796965 0.737985 1.921433 1.814965 -3.393340 -4.475175 -4.505677 4.251249 18.514385 15.435571 1.017496 2.053259 2.819631 -0.528042 -1.392704 -2.786394 20.282888 0.588145 2.726214 -10.602440 1.690886 8.311167 24.793402 3.335855 -6.319921 -5.644533 -8.891081 -30.027094 5.122469 -18.607002 -43.154186 -11.035101 14.316463 -18.663897 -4.488828 23.623341 -22.726059 36.382755 -80.548988 -73.980232 -40.577438 4.057336 29.492104 6.203044 25.782522 41.924580 -13.448020 -18.243292 20.254742 -22.777697 -13.730154 17.564400 40.500641 80.479706 75.280495 -37.626305 
1.573719 106.105576 19.203630 -177.092667 1.989806 175.942123 2.939805 -3.015437 1.686588 -2.019548 2.195220 -4.092719 -1.806905 4.453676 6.987525 8.211123 5.984209 -15.345619 2.006401 -1.779801 0.904782 1.942374 1.936122 -3.535744 -4.363409 -4.705475 4.335880 17.936871 15.961074 0.749530 2.171752 2.829317 -0.550015 -1.500307 -2.778819 20.118443 0.646844 2.718257 -10.442420 2.075795 8.400514 24.215040 3.043350 -6.677011 -5.121428 -8.107537 -30.832315 4.564625 -17.652281 -43.278214 -11.781045 14.160999 -17.852070 -4.526472 23.521969 -22.250792 36.683399 -80.501366 -74.052063 -40.621803 3.139409 30.448641 5.461327 24.836971 41.950642 -13.823154 -17.724533 19.042128 -22.798378 -13.776759 17.460062 40.461521 80.530968 75.300293 -37.790688 
1.609772 106.118523 19.180439 -177.096222 2.033463 175.870834 2.949617 -2.966063 1.700894 -2.017244 2.093081 -3.969162 -1.791408 4.602340 6.946081 8.098360 5.892191 -15.390128 1.983309 -1.827065 0.989604 1.984430 2.106658 -3.536000 -4.492697 -4.763660 4.332323 18.390038 15.885274 0.908151 2.270266 2.868733 -0.691545 -1.571190 -2.816689 20.305323 0.674278 2.771585 -10.701598 2.036208 8.268878 24.547096 3.159476 -6.653441 -5.421190 -7.396049 -31.601385 4.409022 -16.591709 -43.418213 -12.642106 14.017623 -17.047792 -4.729162 23.446873 -21.725130 36.925072 -80.846031 -74.108070 -40.431614 2.420240 31.257269 5.278039 23.525894 42.099461 -14.645618 -17.079893 17.909946 -22.624542 -13.887717 17.198727 40.303211 80.859665 75.336227 -37.517387 
1.642557 106.129265 19.151537 -177.141327 2.114509 175.784805 2.876614 -2.983090 1.725621 -2.027896 1.992275 -3.822666 -1.093111 4.735318 7.054191 7.084885 5.560620 -15.715300 1.928737 -1.815683 1.037275 2.033410 2.337069 -3.413411 -4.742758 -4.882026 4.225055 18.733873 15.614773 1.167894 2.253903 2.967486 -0.692060 -1.595003 -2.906400 19.960541 0.759900 2.867067 -10.393465 1.724709 7.968453 25.087372 3.462256 -6.321115 -6.113409 -6.320569 -32.469894 3.579325 -16.204872 -43.195629 -13.078007 13.905202 -16.507204 -4.783178 23.303688 -21.024597 37.024307 -81.584381 -74.085968 -40.012230 1.346944 32.103745 4.412829 22.884274 41.990421 -14.824658 -16.634418 16.786341 -22.750139 -13.815749 16.980225 40.357521 81.479568 75.431946 -37.077702 
1.681505 106.140099 19.109467 -177.107697 2.134810 175.740311 2.922508 -2.969777 1.793632 -1.981315 2.123798 -3.783973 -1.594370 4.540931 6.930375 7.916918 6.067156 -15.612049 1.978547 -1.826438 1.146321 2.014393 2.374358 -3.482199 -4.517844 -4.951565 4.274366 18.438818 15.924484 1.029796 2.427526 2.933152 -0.834827 -1.660977 -2.889498 20.085152 0.737933 2.845183 -10.566578 2.180254 8.142519 24.477213 3.137358 -6.777809 -5.451056 -5.597698 -33.159351 3.378968 -15.309337 -43.342873 -13.909165 13.912616 -15.733202 -5.041300 22.655655 -20.455000 37.433941 -81.520462 -74.163956 -39.893299 0.637503 32.987686 4.162075 21.719007 42.134762 -15.661739 -16.164022 15.625324 -22.565479 -13.537234 16.706461 40.533447 81.646919 75.510521 -36.974598 
1.717800 106.150612 19.067587 -177.108917 2.174006 175.681427 2.933894 -2.932353 1.809824 -1.992379 2.070824 -3.662270 -1.246873 4.505097 6.971464 7.188067 6.007024 -15.639754 1.953753 -1.831995 1.189587 2.079927 2.508144 -3.398843 -4.772942 -4.997752 4.176776 19.188393 15.826789 1.455813 2.514623 2.966720 -0.960049 -1.723228 -2.926375 20.197897 0.768433 2.889059 -10.808434 2.039163 7.970406 24.868061 3.330208 -6.621404 -5.800384 -4.930425 -33.829971 3.214802 -14.565125 -43.434128 -14.713525 13.923334 -15.032128 -5.147234 21.998882 -19.842686 37.660423 -81.866669 -74.211571 -39.616138 -0.069548 33.745617 4.013580 20.663132 42.225365 -16.506031 -15.726197 14.619116 -22.428270 -13.228097 16.323986 40.755478 81.912598 75.536980 -36.786232 
1.756294 106.159897 19.012903 -177.116013 2.209968 175.591583 2.907587 -2.930988 1.896399 -1.948346 2.010137 -3.590262 -1.271744 4.692594 6.974956 7.374271 5.859777 -16.008572 1.953077 -1.810382 1.298161 2.083554 2.695650 -3.358665 -4.802220 -5.171464 4.157775 19.295027 15.683818 1.440848 2.596925 2.983310 -1.028493 -1.749169 -2.962246 20.057354 0.733928 2.910863 -10.730057 2.247380 7.958787 25.230927 3.295417 -6.720133 -6.188949 -4.097779 -34.568974 2.745389 -14.006290 -43.362061 -15.316545 13.869362 -14.338317 -5.234164 21.295841 -19.242571 37.778561 -82.444557 -74.217377 -39.117008 -0.827715 34.503387 3.557524 19.863087 42.224945 -16.932817 -15.389746 13.587678 -22.400318 -12.815282 15.972726 41.083420 82.270996 75.600098 -36.511299 
1.795002 106.169426 18.953852 -177.118057 2.209372 175.516769 2.883229 -2.935445 1.979078 -1.880810 2.019035 -3.533418 -1.627125 4.830764 6.826429 8.286349 5.974129 -15.750313 1.948687 -1.881525 1.393786 2.080965 2.901489 -3.341646 -4.592429 -5.399873 4.149481 18.705090 15.962387 1.223623 2.685681 2.988170 -1.173448 -1.847095 -2.995227 19.985250 0.828977 2.952109 -10.546522 2.007466 7.815828 25.155245 3.501135 -6.546545 -6.236101 -3.409988 -35.316113 2.114958 -13.439689 -43.348518 -15.683118 13.821823 -13.457202 -5.636224 20.408384 -18.866480 38.241344 -82.435593 -74.254250 -39.206299 -1.752825 35.247196 2.939230 19.165300 42.188377 -17.346457 -15.064439 12.639972 -22.352932 -12.380248 15.537290 41.412399 82.427193 75.680733 -36.447262 
1.837000 106.178040 18.890205 -177.118713 2.251320 175.429672 2.878730 -2.902232 2.101534 -1.872199 2.041797 -3.504408 -1.331844 4.607923 6.898011 7.570300 6.219237 -15.924940 1.954915 -1.791611 1.510104 2.107203 2.795239 -3.304439 -4.797719 -5.246447 4.089677 19.257612 15.781958 1.412011 2.808553 3.008271 -1.275046 -1.934296 -3.017168 20.059839 0.821559 2.977088 -10.702964 2.359446 7.848849 25.142128 3.262794 -6.758709 -6.165971 -2.846781 -35.997601 1.847954 -12.805181 -43.345024 -16.324852 13.749910 -12.699446 -5.515280 19.564949 -18.383530 38.284473 -82.773254 -74.277634 -38.878532 -2.442994 35.878178 2.590590 18.535185 42.304222 -17.786215 -14.827741 11.715679 -22.114948 -11.869989 15.106506 41.594543 82.895126 75.723473 -36.054214 
1.878666 106.185959 18.820351 -177.125366 2.275140 175.340027 2.869586 -2.886907 2.212955 -1.848854 2.031079 -3.472925 -1.337476 4.648383 6.886297 7.667012 6.265886 -15.969390 1.940411 -1.782872 1.613617 2.129260 2.888244 -3.256390 -4.857940 -5.301989 4.051212 19.367144 15.768583 1.424839 2.916324 3.025046 -1.459419 -2.009670 -3.038385 20.136805 0.837169 2.990146 -10.732612 2.372801 7.789089 25.340286 3.306346 -6.717729 -6.345373 -2.254970 -36.706268 1.491974 -12.228685 -43.296333 -16.923132 13.620079 -11.905101 -5.521354 18.818735 -18.028374 38.469044 -83.129410 -74.322792 -38.581810 -3.097389 36.523808 2.274346 17.755732 42.380196 -18.281454 -14.497417 10.773972 -21.973936 -11.448751 14.732688 41.814354 83.154503 75.771980 -35.856369 
1.921316 106.194115 18.749294 -177.139465 2.293749 175.231003 2.845289 -2.896838 2.368991 -1.837997 2.061311 -3.473505 -1.190682 4.602406 6.898482 7.341396 6.279670 -16.056448 1.925100 -1.768798 1.742953 2.154771 2.937937 -3.198837 -4.978016 -5.317806 3.937794 19.776527 15.659588 1.647428 2.992130 3.055369 -1.603126 -2.069113 -3.084007 20.190456 0.878690 3.009800 -10.718693 2.380695 7.715281 25.449917 3.312647 -6.667290 -6.493044 -1.824168 -37.450165 1.147405 -11.547986 -43.176838 -17.389791 13.468554 -11.093696 -5.624900 18.074335 -17.772436 38.695511 -83.451080 -74.334267 -38.337543 -3.712581 37.209969 1.804893 17.107931 42.338470 -18.620218 -14.212809 9.882426 -21.921000 -10.952340 14.408130 42.076797 83.477966 75.817940 -35.618668 
1.967499 106.200882 18.672775 -177.146683 2.322993 175.128326 2.838197 -2.881129 2.529606 -1.822446 2.047250 -3.502458 -1.146763 4.635314 6.929928 7.283198 6.281074 -16.099962 1.919962 -1.756390 1.870479 2.169017 2.998217 -3.147014 -5.026711 -5.346514 3.864639 19.885914 15.634673 1.707578 3.066055 3.093727 -1.820284 -2.112220 -3.135174 20.358044 0.904177 3.029196 -10.765420 2.452459 7.714584 25.581961 3.298976 -6.676787 -6.623378 -1.413224 -38.175751 0.847714 -10.860082 -43.040596 -17.958275 13.249792 -10.315609 -5.554410 17.372528 -17.586811 38.962906 -83.789223 -74.385643 -38.040371 -4.276811 37.891495 1.384305 16.452780 42.299934 -19.014864 -13.905858 9.002753 -21.898355 -10.501539 14.134359 42.335846 83.701981 75.871964 -35.439754 
2.011391 106.206223 18.594412 -177.157028 2.341039 175.028702 2.830051 -2.880669 2.677086 -1.816297 2.092531 -3.513891 -1.052223 4.588979 6.954278 7.093474 6.360395 -16.162411 1.905089 -1.756573 1.979228 2.194162 3.027935 -3.073053 -5.163961 -5.334328 3.814646 20.209774 15.589007 1.781571 3.126817 3.132405 -2.052601 -2.152146 -3.204265 20.494928 0.945524 3.053997 -10.776783 2.451918 7.678256 25.722771 3.313922 -6.635973 -6.719954 -1.108153 -38.927528 0.582242 -10.175859 -42.838280 -18.431137 13.014779 -9.558613 -5.433060 16.778963 -17.494562 39.293869 -84.111771 -74.423035 -37.781784 -4.747967 38.574444 0.986671 15.810301 42.239262 -19.385540 -13.596416 8.142501 -21.888790 -10.099253 13.956215 42.612606 84.004677 75.908318 -35.215431 
2.052956 106.212227 18.514502 -177.166092 2.356917 174.931381 2.806640 -2.875999 2.834841 -1.780412 2.074794 -3.539449 -0.978153 4.601140 6.992859 6.971720 6.380020 -16.234802 1.891660 -1.751223 2.098220 2.213711 3.072005 -3.006343 -5.205047 -5.361385 3.722055 20.296268 15.571029 1.848248 3.173687 3.172957 -2.297682 -2.170746 -3.271216 20.673487 0.996516 3.067063 -10.823251 2.430450 7.654737 25.847939 3.345848 -6.565754 -6.810631 -0.873253 -39.666672 0.430332 -9.438190 -42.598228 -18.981527 12.770415 -8.901053 -5.232944 16.145000 -17.397516 39.693981 -84.412041 -74.455849 -37.555347 -5.153947 39.255882 0.668778 15.129157 42.167667 -19.849552 -13.283873 7.324971 -21.960396 -9.681853 13.828314 42.941128 84.225105 75.958557 -35.049473 
2.092505 106.217644 18.434389 -177.178589 2.369497 174.836136 2.800610 -2.828422 2.967732 -1.773980 2.021662 -3.541269 -0.909343 4.606596 7.030792 6.747013 6.465533 -16.266590 1.865018 -1.764256 2.193232 2.244180 3.112950 -2.911081 -5.300134 -5.395876 3.622463 20.493204 15.618760 1.966319 3.218987 3.205541 -2.580019 -2.185724 -3.346921 20.896242 1.030160 3.089084 -10.897789 2.443418 7.655491 26.022480 3.351794 -6.521759 -6.890356 -0.674514 -40.404434 0.301797 -8.746627 -42.289455 -19.514608 12.491710 -8.360600 -4.802521 15.599888 -17.329544 40.125977 -84.653404 -74.521828 -37.351494 -5.432414 39.926868 0.504192 14.340340 42.093731 -20.453205 -12.932079 6.555101 -21.996017 -9.334817 13.790166 43.289043 84.236610 76.002129 -35.100033 
2.134880 106.223709 18.348364 -177.192093 2.377095 174.754196 2.788263 -2.792494 3.108716 -1.747971 1.972325 -3.568876 -0.996381 4.709575 7.048851 6.988688 6.392608 -16.395853 1.838803 -1.807230 2.290644 2.263069 3.217771 -2.819721 -5.322310 -5.466154 3.497883 20.673672 15.510910 2.201223 3.238627 3.256916 -2.910697 -2.189833 -3.457620 21.277252 1.090101 3.133733 -11.171939 2.251842 7.579376 26.385082 3.509479 -6.258936 -7.098711 -0.844947 -41.098846 0.555786 -7.783428 -41.993019 -20.150854 12.208914 -7.878501 -4.388419 14.955701 -17.275118 40.745621 -85.049355 -74.577835 -37.039898 -5.520070 40.641636 0.510955 13.485093 41.930454 -21.048107 -12.588577 5.866372 -22.198702 -8.943479 13.767452 43.836296 84.431168 76.051369 -35.006786 
2.178522 106.231445 18.263002 -177.192947 2.388186 174.660385 2.774616 -2.774622 3.263968 -1.738856 1.996027 -3.577250 -0.806710 4.598276 7.063426 6.620707 6.475669 -16.360439 1.851118 -1.779813 2.418811 2.264859 3.161904 -2.764261 -5.472492 -5.357398 3.460284 20.929283 15.442822 2.062623 3.253073 3.290942 -3.121978 -2.164098 -3.549466 21.255117 1.171000 3.138118 -11.003488 2.346686 7.602103 26.293718 3.362574 -6.209029 -6.895008 -0.838424 -41.771633 0.402368 -7.195763 -41.646568 -20.438780 12.003800 -7.510850 -3.932590 14.253189 -17.224171 41.400383 -85.202797 -74.557091 -36.918411 -5.740347 41.267788 0.198351 12.975204 41.845352 -21.501890 -12.447391 5.285084 -22.087978 -8.459401 13.682174 44.178352 84.952942 76.093857 -34.467148 
2.222612 106.239136 18.177265 -177.197418 2.379856 174.574158 2.765666 -2.714624 3.393449 -1.702883 1.914184 -3.572374 -0.826576 4.641445 7.075664 6.688838 6.503294 -16.424950 1.835179 -1.815674 2.523548 2.286493 3.207203 -2.689945 -5.520236 -5.379728 3.402209 21.006199 15.416317 2.031305 3.258905 3.341198 -3.434218 -2.128272 -3.664257 21.512255 1.233209 3.168461 -11.110522 2.304908 7.600725 26.417524 3.351980 -6.059147 -6.786047 -0.990681 -42.448132 0.527032 -6.545356 -41.299137 -20.898977 11.809119 -7.254468 -3.350725 13.536896 -17.118336 42.142262 -85.463036 -74.593559 -36.710270 -5.782064 41.883633 0.198062 12.261988 41.710281 -22.152338 -12.223177 4.790979 -22.093039 -8.021800 13.667809 44.675594 85.124313 76.145020 -34.333637 
2.269243 106.245827 18.087532 -177.190781 2.379849 174.469284 2.790840 -2.614602 3.527824 -1.723735 1.775672 -3.550759 -0.575152 4.596904 7.111927 6.141107 6.630931 -16.378773 1.822563 -1.837652 2.641594 2.346515 3.298215 -2.605441 -5.914947 -5.392814 3.345655 21.822241 15.380781 2.283775 3.274089 3.365581 -3.702904 -2.089696 -3.749727 21.774717 1.302481 3.190163 -11.296921 2.198682 7.592697 26.662758 3.421758 -5.822143 -6.734197 -1.370759 -43.081211 0.896218 -5.812017 -40.938721 -21.264721 11.596894 -7.101482 -2.856044 12.929135 -16.962877 42.813320 -85.603569 -74.600159 -36.598469 -5.571101 42.449688 0.530128 11.365817 41.578995 -22.933172 -11.996324 4.490571 -21.942942 -7.702614 13.566103 45.048828 85.156815 76.118332 -34.337624 
2.318851 106.252190 17.998802 -177.186615 2.359290 174.384460 2.790131 -2.536928 3.688373 -1.692952 1.684108 -3.590285 -0.653527 4.620810 7.124732 6.377441 6.585596 -16.434061 1.838574 -1.857391 2.764101 2.319543 3.324565 -2.545317 -5.786403 -5.450285 3.214873 21.507759 15.341967 2.232740 3.251449 3.401279 -3.969318 -2.027898 -3.875192 21.917288 1.405297 3.222961 -11.299472 2.177169 7.539910 26.671646 3.310894 -5.604924 -6.503546 -1.706640 -43.716984 1.145614 -5.222023 -40.530708 -21.567972 11.415830 -7.033350 -2.254636 12.330554 -16.799421 43.382366 -85.756874 -74.629013 -36.463139 -5.567493 43.026669 0.475391 10.872951 41.318626 -23.338047 -11.852810 4.345047 -21.946926 -7.274690 13.457737 45.501541 85.534492 76.198700 -33.981407 
2.365118 106.259163 17.908600 -177.166321 2.328688 174.301971 2.839116 -2.400957 3.783308 -1.709099 1.483456 -3.544030 -0.574822 4.700348 7.104408 6.229032 6.512301 -16.431587 1.833452 -1.929879 2.848199 2.365720 3.430825 -2.436771 -6.029146 -5.504057 3.146342 21.937925 15.328571 2.264533 3.274952 3.412304 -4.287423 -1.989805 -3.973971 22.197458 1.502611 3.243812 -11.478883 2.032642 7.527864 26.978317 3.370782 -5.328128 -6.479943 -2.094240 -44.283932 1.631865 -4.706117 -40.195702 -21.932701 11.258722 -6.994006 -1.816857 11.875511 -16.640774 43.847649 -85.921463 -74.668678 -36.340393 -5.306973 43.545212 0.892859 10.095837 41.126751 -24.092901 -11.686064 4.307097 -21.796507 -7.006873 13.310060 45.939129 85.552864 76.193367 -33.942493 
2.410480 106.269592 17.817118 -177.162628 2.298252 174.201431 2.831771 -2.335087 3.944049 -1.685652 1.400524 -3.550841 -0.573786 4.658823 7.123945 6.279385 6.636047 -16.463541 1.840896 -1.944575 2.995118 2.361290 3.434571 -2.396698 -5.999110 -5.537208 3.028048 21.770454 15.292912 2.315034 3.241212 3.438291 -4.503141 -1.887921 -4.108463 22.211205 1.595847 3.270236 -11.369489 2.029616 7.473187 27.008673 3.217325 -5.103758 -6.312345 -2.423203 -44.880867 1.908115 -4.374350 -39.816036 -22.124050 11.089051 -6.989594 -1.429631 11.587462 -16.517433 44.140968 -86.006676 -74.654114 -36.264149 -5.278457 44.027935 0.865815 9.750626 40.926960 -24.496881 -11.612777 4.293958 -21.645260 -6.688246 13.222499 46.309101 85.820107 76.245888 -33.742390 
2.458113 106.280907 17.723139 -177.157303 2.283563 174.111832 2.847564 -2.244260 4.068810 -1.681162 1.285734 -3.523001 -0.537227 4.664266 7.123756 6.157584 6.670794 -16.456429 1.838021 -1.982385 3.102038 2.375618 3.465683 -2.316690 -6.125749 -5.540343 2.923341 21.954523 15.237871 2.363234 3.214897 3.453127 -4.761332 -1.798395 -4.221623 22.308676 1.704743 3.290408 -11.373955 1.959434 7.465614 27.334702 3.174393 -4.852019 -6.379442 -2.804028 -45.396591 2.331637 -4.115956 -39.494171 -22.345047 10.885073 -6.993511 -1.198802 11.499732 -16.430933 44.337868 -86.125854 -74.647491 -36.185520 -5.086561 44.483597 1.117917 9.290157 40.771168 -25.016617 -11.520332 4.335907 -21.498411 -6.470462 13.126542 46.618355 85.948654 76.263962 -33.634720 
2.506937 106.293640 17.624517 -177.143188 2.236575 174.006393 2.877781 -2.157099 4.208902 -1.689074 1.165218 -3.497277 -0.540172 4.681100 7.119747 6.157274 6.657654 -16.477736 1.845515 -2.033922 3.234621 2.382577 3.490633 -2.245278 -6.237534 -5.573342 2.803385 22.054983 15.248946 2.429619 3.197600 3.459690 -5.006762 -1.717549 -4.348256 22.362263 1.831910 3.313995 -11.326734 1.824090 7.412835 27.805399 3.174784 -4.544922 -6.673465 -3.196182 -45.913074 2.805912 -3.905075 -39.181179 -22.592880 10.612103 -6.982574 -1.016172 11.648654 -16.398855 44.460976 -86.256149 -74.671638 -36.094860 -4.948274 44.928928 1.319221 8.938711 40.584278 -25.526173 -11.389796 4.401540 -21.347858 -6.318740 13.085533 47.001232 86.045174 76.287552 -33.557781 
2.556046 106.306572 17.528849 -177.145325 2.189641 173.897049 2.880146 -2.105476 4.346881 -1.687906 1.056046 -3.468268 -0.500608 4.702509 7.109102 6.081837 6.660377 -16.478710 1.823614 -2.064768 3.347934 2.416567 3.447738 -2.132677 -6.374917 -5.561327 2.657343 22.198761 15.227921 2.498522 3.155500 3.467241 -5.249807 -1.622192 -4.479919 22.458553 1.959196 3.330403 -11.332201 1.663952 7.365916 28.457094 3.194244 -4.208448 -7.161608 -3.637397 -46.379421 3.334100 -3.741946 -38.909557 -22.805286 10.317969 -6.948435 -0.828636 11.912842 -16.400578 44.562935 -86.399902 -74.681770 -36.002411 -4.818623 45.334312 1.541418 8.654235 40.461102 -25.965322 -11.247416 4.409871 -21.198563 -6.189354 13.118297 47.300041 86.149506 76.310776 -33.475193 
2.606882 106.321022 17.428732 -177.141190 2.117246 173.768661 2.887125 -2.083872 4.508189 -1.678061 0.943528 -3.452713 -0.458171 4.715315 7.086153 5.972201 6.702981 -16.442076 1.802254 -2.102485 3.485728 2.465139 3.387198 -2.026714 -6.685674 -5.484750 2.555776 22.803793 15.155081 2.563176 3.121560 3.458287 -5.490628 -1.530646 -4.607866 22.583080 2.081533 3.330504 -11.362136 1.578687 7.368235 29.217175 3.181708 -3.965051 -7.734380 -4.011908 -46.818298 3.827623 -3.730977 -38.664341 -22.949142 10.023770 -6.901266 -0.576678 12.250919 -16.478371 44.585552 -86.570358 -74.693604 -35.898735 -4.695604 45.687466 1.770784 8.476590 40.384518 -26.355112 -11.087365 4.419821 -21.005028 -6.142865 13.166888 47.540649 86.222275 76.321518 -33.416843 
2.662771 106.338997 17.328434 -177.132156 2.035027 173.654999 2.906141 -2.044104 4.644453 -1.678465 0.798994 -3.419290 -0.420942 4.761646 7.110652 5.859873 6.655546 -16.510891 1.816082 -2.143125 3.612868 2.448588 3.357476 -1.919044 -6.656850 -5.563233 2.344598 22.512945 15.186283 2.662836 3.075733 3.451238 -5.724315 -1.433104 -4.746009 22.635410 2.230586 3.325983 -11.309768 1.370938 7.313301 29.773277 3.220541 -3.633248 -8.120680 -4.417713 -47.240978 4.295691 -3.738712 -38.398296 -22.977772 9.656594 -6.864313 -0.201314 12.719550 -16.575686 44.649738 -86.748039 -74.704536 -35.736576 -4.682001 46.105545 1.837705 8.515975 40.186386 -26.435999 -10.932498 4.473836 -20.848444 -6.130722 13.256991 47.710278 86.273453 76.353371 -33.378933 
2.716860 106.353539 17.233728 -177.132919 1.952776 173.548813 2.918126 -2.058502 4.759488 -1.698519 0.663673 -3.381285 -0.198892 4.866446 7.191813 5.445441 6.328124 -16.730089 1.796413 -2.194409 3.695660 2.487749 3.337817 -1.757335 -6.841389 -5.608027 2.121060 22.936157 15.101284 3.056105 3.019670 3.447388 -5.999194 -1.327912 -4.890699 22.909361 2.337989 3.331359 -11.557301 1.025302 7.211582 30.681168 3.401608 -3.185043 -8.775138 -4.933538 -47.588871 5.118186 -3.655111 -38.169895 -23.167545 9.278237 -6.876346 0.498878 13.248956 -16.582403 44.511147 -87.361824 -74.706909 -35.235413 -4.483130 46.488514 2.233382 8.474535 40.001404 -26.515409 -10.741638 4.566851 -20.746714 -6.220304 13.338995 47.809582 86.470345 76.316078 -33.259254 
2.767113 106.369804 17.134573 -177.121750 1.856178 173.442337 2.914583 -2.037570 4.889194 -1.659463 0.559309 -3.329200 -0.424089 4.871475 7.041532 5.886365 6.614512 -16.447859 1.821937 -2.195004 3.829374 2.457077 3.209408 -1.679266 -6.800156 -5.591665 2.021282 22.576563 15.155284 2.721850 2.972784 3.436747 -6.225018 -1.229501 -5.028430 22.885798 2.485084 3.298949 -11.312763 1.091808 7.252671 30.939236 3.210798 -3.137414 -8.932061 -5.325213 -47.991581 5.380796 -3.759683 -37.909573 -22.743788 8.975310 -6.857022 0.834056 13.463063 -16.721405 44.991203 -86.819916 -74.704384 -35.743015 -4.594168 46.733913 2.059785 8.760461 39.952435 -26.276472 -10.632226 4.653777 -20.340948 -6.219863 13.367749 47.783417 86.250900 76.363068 -33.412304 
2.814791 106.388306 17.031565 -177.105347 1.740424 173.323822 2.932673 -2.029996 5.018903 -1.645875 0.422286 -3.272306 -0.420889 4.880898 7.004803 5.860252 6.673660 -16.416382 1.825084 -2.233575 3.960226 2.475843 3.152051 -1.569535 -6.902660 -5.649622 1.883489 22.624180 15.263922 2.721019 2.947808 3.391613 -6.480947 -1.132160 -5.146427 22.988295 2.601130 3.252962 -11.233742 0.962125 7.259841 31.508362 3.195126 -2.940163 -9.343678 -5.623745 -48.339111 5.791802 -3.966469 -37.668343 -22.533924 8.744418 -6.934876 1.602422 13.599428 -16.707804 45.257202 -86.869263 -74.715805 -35.645367 -4.655500 47.007568 2.136032 8.967946 39.883049 -26.199274 -10.510772 4.760273 -19.933226 -6.295466 13.388396 47.795265 86.161232 76.375298 -33.476051 
2.857782 106.401260 16.928921 -177.108109 1.646698 173.232056 2.933250 -1.981113 5.115346 -1.648253 0.232436 -3.199005 -0.352686 4.998714 6.948383 5.807823 6.468562 -16.444435 1.806055 -2.298981 4.045877 2.506000 3.163087 -1.413139 -7.115688 -5.662561 1.689753 23.124998 14.991913 2.969798 2.895197 3.407127 -6.765196 -1.048925 -5.374127 23.273569 2.683581 3.263989 -11.441736 0.576135 7.130422 32.280315 3.367451 -2.427694 -9.858703 -6.263271 -48.600826 6.584238 -3.942328 -37.461037 -22.311518 8.500532 -6.973433 2.343982 13.654875 -16.816675 45.581242 -87.018791 -74.709312 -35.635792 -4.415942 47.258991 2.628258 8.913324 39.868839 -26.173105 -10.350515 4.799788 -19.617416 -6.317608 13.421990 47.854469 86.052017 76.385406 -33.589760 
2.903479 106.416092 16.830027 -177.091461 1.540159 173.121674 2.953040 -2.013391 5.213891 -1.645313 0.215973 -3.104774 -0.270724 4.844149 6.938174 5.499381 6.639640 -16.385439 1.818086 -2.341448 4.147717 2.513141 3.095049 -1.276847 -7.132435 -5.743531 1.509003 22.933958 15.199585 3.031839 2.882849 3.328300 -7.078075 -0.986356 -5.459517 23.505075 2.786947 3.183456 -11.422134 0.623423 7.220158 32.641861 3.213021 -2.349097 -10.074629 -6.602377 -48.813480 7.041571 -4.130858 -37.293419 -22.108261 8.387633 -7.140493 3.186424 13.359429 -16.686195 45.881798 -87.011086 -74.684914 -35.553921 -4.430675 47.469452 2.779227 9.105674 39.940723 -26.071590 -10.319294 4.883197 -19.118641 -6.213320 13.288450 47.694653 86.064583 76.376633 -33.538719 
2.954723 106.427246 16.728580 -177.085373 1.425855 173.019440 2.964689 -1.987451 5.327233 -1.627797 0.076635 -3.023954 -0.478998 4.995998 6.785163 6.014297 6.431238 -16.247574 1.844796 -2.334469 4.294584 2.471043 2.933456 -1.196691 -6.977105 -5.721659 1.341318 22.484543 15.118439 2.846298 2.821290 3.288375 -7.309630 -0.892641 -5.635834 23.572657 2.868516 3.129561 -11.296313 0.567852 7.204803 32.962894 3.103725 -2.105785 -10.278319 -6.949583 -49.057835 7.431081 -4.300535 -37.079601 -21.803871 8.288402 -7.296095 3.921281 12.877429 -16.541349 46.237915 -86.898651 -74.728409 -35.584438 -4.375990 47.685760 2.867867 9.262076 40.022099 -25.777941 -10.295116 4.869118 -18.949654 -6.042014 13.234708 47.825172 86.016548 76.350105 -33.701870 
3.002220 106.441246 16.625488 -177.094131 1.343661 172.910965 2.979615 -1.916215 5.417956 -1.627911 -0.127315 -2.918850 -0.598813 5.142006 6.753898 6.083720 6.302568 -16.501024 1.850069 -2.347782 4.388255 2.459757 2.791953 -1.022285 -7.285837 -5.521613 1.198247 23.684652 14.522822 3.335679 2.674531 3.358716 -7.718309 -0.770824 -5.981334 24.309717 2.933423 3.189945 -11.892772 0.442111 7.232100 33.869778 3.103307 -1.857869 -10.816731 -7.810834 -49.174561 8.519892 -4.162961 -37.006145 -21.789904 8.241608 -7.365363 4.373873 12.285085 -16.465532 46.718952 -87.307388 -74.738167 -35.189735 -3.835098 47.767590 3.754204 8.970823 40.314327 -26.102285 -10.256625 4.825119 -18.507837 -5.816997 12.996181 47.818790 86.384590 76.392967 -33.298008 
3.044930 106.449051 16.523392 -177.066788 1.215049 172.800095 3.008868 -1.984712 5.549020 -1.637365 -0.052048 -2.815433 -0.461122 4.813608 6.624280 5.942794 6.603418 -16.341528 1.914779 -2.356645 4.562975 2.423150 2.759237 -0.972569 -7.111449 -5.773362 1.074876 22.614265 15.081119 2.829974 2.601700 3.196346 -7.756321 -0.641256 -6.000853 24.019598 3.103526 2.996168 -11.470020 0.418222 7.287749 33.456779 2.900695 -1.666685 -10.436615 -7.758498 -49.222672 8.365278 -4.683061 -37.029591 -21.393744 8.380452 -7.503774 4.707902 11.420900 -16.170218 47.113045 -86.817451 -74.676300 -35.589588 -4.047162 47.927090 3.306992 9.461627 40.600491 -25.541584 -10.437927 4.707043 -18.419611 -5.272168 12.744950 47.907581 86.113380 76.371361 -33.548656 
3.081184 106.450813 16.419783 -177.052536 1.137522 172.700684 3.080097 -1.909321 5.614253 -1.718928 -0.202989 -2.640101 -0.022342 4.649895 6.608516 5.010334 6.606092 -16.531130 1.945199 -2.302898 4.680844 2.448595 2.618134 -0.813064 -7.670715 -5.591621 0.955920 23.828032 14.556773 3.054355 2.501213 3.153251 -7.846890 -0.527456 -6.213865 24.387604 3.184912 2.959967 -11.994045 0.348827 7.340285 34.011154 2.791662 -1.385023 -10.821135 -8.023335 -48.963924 8.977812 -5.073556 -37.370605 -21.422462 8.739950 -7.685538 5.026822 10.381490 -15.786412 47.390541 -87.252968 -74.633446 -35.118504 -3.688185 47.809101 3.853385 9.531536 41.279644 -25.575266 -10.681429 4.563803 -18.184526 -4.668644 12.311706 47.933598 86.390633 76.374382 -33.254753 
3.106230 106.447548 16.317230 -177.040466 1.022157 172.624390 3.095198 -1.982341 5.691301 -1.702103 -0.195545 -2.521530 -0.406263 4.745104 6.371018 5.963503 6.560419 -16.362383 1.974639 -2.333276 4.802255 2.415030 2.601495 -0.730023 -7.211374 -5.915068 0.729493 22.655895 15.072340 3.026812 2.413530 3.044807 -7.905318 -0.406720 -6.338965 24.335476 3.276224 2.845518 -11.927909 0.283629 7.394664 33.730896 2.655847 -1.170262 -10.578066 -8.096434 -48.869965 9.054166 -5.449982 -37.549389 -21.245621 8.951971 -7.801372 5.031785 9.499679 -15.422448 47.918274 -86.820374 -74.658249 -35.466690 -3.574384 47.782291 3.836045 9.715271 41.830673 -25.325499 -10.881462 4.346351 -18.221046 -4.100863 11.942784 48.083485 85.996704 76.330315 -33.620541 
3.134918 106.442039 16.216887 -177.020920 0.927692 172.533020 3.138430 -1.986325 5.765757 -1.725671 -0.144160 -2.347863 -0.467014 4.564686 6.186752 6.113989 6.633422 -16.326244 2.039012 -2.316841 4.956158 2.366796 2.487946 -0.661543 -7.217728 -5.878093 0.636942 22.393143 15.030870 2.742906 2.347903 2.939360 -7.877409 -0.270361 -6.407598 24.255634 3.345937 2.724041 -11.902787 0.383911 7.460342 33.419281 2.379684 -1.081078 -10.266567 -8.254263 -48.689419 9.114599 -5.845682 -37.887173 -21.139412 9.346553 -7.909179 4.742264 8.300409 -15.022575 48.700607 -86.630753 -74.631424 -35.579014 -3.659534 47.574928 3.640786 10.205694 42.566914 -25.110424 -11.254195 4.151897 -18.168259 -3.364480 11.506040 48.269474 85.922417 76.322762 -33.671143 
3.145687 106.430511 16.122988 -177.005859 0.850538 172.463516 3.153538 -1.995614 5.776164 -1.719176 -0.274956 -2.139854 -0.520800 4.739911 6.111160 6.370702 6.343536 -16.408222 2.107235 -2.349951 5.052005 2.289877 2.665498 -0.544353 -6.868130 -6.353463 0.571760 21.045525 15.491031 2.254790 2.337965 2.911829 -7.906538 -0.285403 -6.591004 24.056988 3.440094 2.716757 -11.623523 -0.155624 7.438373 33.390865 2.699902 -0.571072 -10.415012 -8.153621 -48.596359 8.873034 -6.311669 -38.145786 -21.214888 9.694914 -8.035250 4.687171 7.356480 -14.542840 49.239044 -86.920570 -74.685143 -35.128658 -3.962078 47.450466 3.197330 10.726822 43.099579 -25.037750 -11.537992 3.977555 -18.156815 -2.719494 11.121099 48.622856 85.964844 76.364304 -33.521843 
3.154152 106.417656 16.030407 -177.030960 0.810232 172.433289 3.171684 -2.065415 5.785575 -1.809289 -0.173656 -1.964468 -0.275096 4.593896 6.042864 5.519585 6.256949 -16.598223 2.110182 -2.259070 5.131976 2.261325 2.267613 -0.410673 -6.957296 -5.883652 0.315815 21.318911 14.904819 2.274417 2.314496 2.867425 -8.010443 -0.229245 -6.616070 24.422009 3.358729 2.588807 -12.220915 0.238150 7.439663 33.333538 2.266807 -0.529235 -10.115560 -8.789342 -48.265965 9.802743 -6.095144 -38.658298 -21.790068 10.013908 -8.046822 4.268300 6.580870 -14.294428 50.050518 -87.143898 -74.662582 -35.072060 -3.120814 47.071457 4.330311 10.084055 44.112751 -25.793976 -11.752323 3.608796 -18.169868 -2.185192 10.866068 48.878674 86.092392 76.229553 -33.654522 
3.148037 106.401764 15.942361 -177.041885 0.756997 172.320663 3.152960 -2.077060 5.917902 -1.788632 -0.132248 -1.803997 -0.438919 4.370585 5.686191 6.209203 6.591187 -16.345631 2.102042 -2.302528 5.341938 2.298576 2.325142 -0.385799 -7.239139 -6.002321 0.228111 22.319838 15.076002 2.696724 2.337956 2.756399 -7.852012 -0.182928 -6.593053 24.206993 3.344286 2.471264 -12.123269 0.467748 7.574986 32.806305 2.027753 -0.618781 -9.629698 -9.160686 -48.148376 9.848429 -6.208935 -38.946220 -21.678833 10.298697 -7.960697 4.036222 6.203537 -14.136868 50.289593 -86.439896 -74.622208 -35.560543 -3.005997 47.041168 4.011440 10.510229 44.462547 -25.413326 -11.973988 3.524006 -18.125540 -1.816075 10.552284 49.224453 85.841713 76.279030 -33.689682 
3.136440 106.383865 15.854646 -177.054779 0.749841 172.243927 3.153048 -2.072817 5.978792 -1.808029 -0.172602 -1.618502 -0.513440 4.413564 5.456948 6.426522 6.598930 -16.223932 2.112844 -2.269608 5.474539 2.295860 2.249740 -0.289547 -7.450663 -5.896578 0.122671 22.859838 14.761037 2.817594 2.330008 2.740198 -7.808470 -0.152650 -6.674441 24.278629 3.302289 2.458735 -12.354921 0.537276 7.598124 32.775463 1.920241 -0.504869 -9.532471 -9.541559 -48.006344 10.185005 -6.194713 -39.230274 -21.773701 10.500231 -7.926599 3.767953 6.061806 -13.977733 50.389973 -86.322655 -74.600334 -35.490414 -2.605136 46.787842 4.368397 10.338329 45.019901 -25.579218 -12.066996 3.418191 -17.975973 -1.660016 10.320403 49.355011 85.908546 76.248428 -33.569523 
3.119045 106.362640 15.771111 -177.046341 0.724694 172.174576 3.160506 -2.095797 6.048136 -1.820373 -0.155256 -1.477497 -0.454070 4.295534 5.342812 6.327486 6.689838 -16.320591 2.171213 -2.301178 5.611175 2.246208 2.307178 -0.241485 -7.279473 -6.062556 -0.021218 22.146906 15.072601 2.669925 2.384102 2.664805 -7.692443 -0.162877 -6.654552 24.061399 3.284656 2.373652 -12.188085 0.527820 7.573919 32.045303 1.837966 -0.317982 -8.897177 -9.509347 -47.940025 9.888944 -6.412402 -39.451553 -21.528269 10.632249 -7.798028 3.437134 6.145117 -14.023730 50.324699 -86.279518 -74.592857 -35.676758 -2.695378 46.721416 3.911972 10.689038 45.258560 -25.149796 -12.143155 3.416339 -17.956665 -1.597500 10.264698 49.665668 85.899918 76.260231 -33.618725 
3.097143 106.340370 15.684192 -177.044205 0.704352 172.112839 3.183708 -2.066750 6.089014 -1.845780 -0.209475 -1.322847 -0.485270 4.301687 5.226222 6.523717 6.697328 -16.365963 2.201759 -2.330133 5.735933 2.231374 2.366127 -0.192541 -7.287498 -6.138334 -0.139895 21.994141 15.093052 2.660174 2.422400 2.635961 -7.619067 -0.173136 -6.697417 24.074539 3.235736 2.340645 -12.329856 0.565814 7.568424 31.591593 1.746433 -0.198565 -8.442262 -9.455730 -47.851307 9.726585 -6.650979 -39.707214 -21.352011 10.749019 -7.676065 3.178026 6.319097 -14.015179 50.089039 -86.275124 -74.590881 -35.661495 -2.633233 46.588585 3.831751 10.752738 45.531937 -24.923584 -12.125933 3.439188 -17.809534 -1.732366 10.231686 49.775757 85.884193 76.267998 -33.592056 
3.070906 106.318657 15.606113 -177.037979 0.682354 172.044891 3.199695 -2.092785 6.079387 -1.888816 -0.162528 -1.091040 -0.189152 4.236994 5.197210 5.692231 6.437408 -16.729322 2.245811 -2.393024 5.829657 2.228265 2.576410 -0.086643 -7.615767 -6.211548 -0.218493 22.877388 14.469198 2.675300 2.415068 2.578627 -7.547977 -0.082681 -6.669670 24.284506 3.178473 2.247838 -12.779414 0.401107 7.544342 32.232063 1.823967 0.096203 -9.059544 -9.674493 -47.595436 9.934912 -6.664782 -40.061989 -21.220640 10.902257 -7.543495 2.812591 6.443634 -14.027741 49.870888 -86.782028 -74.625786 -35.003006 -2.393142 46.481800 3.959404 10.762025 45.714516 -24.648298 -12.128681 3.528634 -17.612598 -1.852384 10.228395 49.946556 86.403542 76.322647 -33.030018 
3.043648 106.301224 15.531693 -177.005814 0.674898 172.036621 3.275566 -1.993310 6.049514 -1.926616 -0.385877 -0.933519 -0.416900 4.339831 4.917556 6.241442 6.596749 -16.318592 2.319392 -2.366883 5.915143 2.206045 2.466317 -0.123356 -7.568514 -6.255751 -0.307637 22.237911 15.156290 2.718113 2.524296 2.549570 -7.493575 -0.143022 -6.704506 24.160189 3.133415 2.255741 -12.680060 0.754186 7.663442 30.972939 1.528931 -0.140652 -7.935325 -9.417776 -47.711853 9.517556 -6.818177 -40.101860 -21.073780 10.830945 -7.425995 2.716249 6.739879 -14.069316 49.406029 -86.127052 -74.571495 -35.755886 -2.452866 46.346138 3.787543 10.528329 45.891323 -24.546324 -11.913799 3.604131 -17.296667 -2.186027 10.294257 49.839985 85.703041 76.221725 -33.732204 
3.015129 106.291389 15.453846 -176.995575 0.658186 172.026321 3.279215 -1.979393 6.022758 -1.906136 -0.392444 -0.770344 -0.620570 4.346738 4.753533 6.698626 6.645135 -16.345245 2.377425 -2.396027 5.995424 2.161884 2.542540 -0.146700 -7.395855 -6.364598 -0.371243 21.636337 15.244159 2.463121 2.561461 2.535805 -7.410492 -0.137951 -6.745127 23.945757 3.103735 2.227930 -12.528821 0.786630 7.657666 30.348032 1.410903 -0.086360 -7.491783 -9.058240 -47.711632 8.995910 -7.126490 -40.240299 -20.844461 10.878589 -7.350373 2.700236 6.849278 -14.034446 49.009140 -86.032372 -74.551971 -35.823647 -2.687617 46.260216 3.322016 10.684932 45.951084 -24.112677 -11.806939 3.746596 -17.083162 -2.361455 10.372325 49.907612 85.667030 76.214706 -33.787624 
2.993431 106.290703 15.381836 -176.977905 0.657975 172.034912 3.318374 -1.979741 5.952524 -1.952788 -0.429407 -0.582580 -0.528829 4.343600 4.613865 6.358776 6.568683 -16.353308 2.433842 -2.422675 6.041280 2.159019 2.656682 -0.155554 -7.629375 -6.419292 -0.451498 22.161947 15.171654 2.752761 2.627450 2.496041 -7.393119 -0.184810 -6.715078 23.929539 3.120228 2.187930 -12.600328 0.698910 7.692949 30.134823 1.433567 0.048791 -7.454523 -8.950785 -47.578697 8.837640 -7.150136 -40.454102 -20.792122 10.925921 -7.316469 2.678570 6.812092 -13.927433 48.731739 -86.169060 -74.551186 -35.812778 -2.726519 46.147633 3.207561 10.586330 46.039791 -23.998117 -11.681591 3.954228 -16.764395 -2.550871 10.376115 49.892937 85.796432 76.169197 -33.676331 
2.972704 106.297081 15.310058 -176.980133 0.646888 172.072006 3.294165 -1.987076 5.871383 -1.922409 -0.485275 -0.410504 -0.775630 4.427814 4.428328 6.970898 6.747451 -16.341440 2.489259 -2.433507 6.096054 2.099267 2.733859 -0.253841 -7.410183 -6.570791 -0.445948 21.369375 15.432520 2.374247 2.641673 2.480505 -7.324590 -0.158629 -6.725172 23.528978 3.084493 2.130796 -12.205845 0.803485 7.738606 29.613937 1.307290 0.022427 -7.244560 -8.486215 -47.550915 8.147212 -7.446203 -40.598431 -20.533575 11.013121 -7.318442 2.664360 6.601258 -13.719017 48.618942 -85.953484 -74.539093 -35.880814 -3.080965 46.056080 2.583018 10.801034 46.075245 -23.551409 -11.622558 4.100934 -16.702789 -2.622681 10.388497 50.001987 85.646484 76.189972 -33.790916 
2.958538 106.309898 15.244258 -176.963608 0.652469 172.115341 3.317571 -1.981919 5.767438 -1.945848 -0.475495 -0.205402 -0.675870 4.348753 4.293944 6.641442 6.699880 -16.391418 2.561007 -2.404446 6.143939 2.063255 2.705982 -0.332712 -7.486795 -6.489621 -0.499005 21.629419 15.156329 2.533672 2.684016 2.460481 -7.280215 -0.158451 -6.724734 23.427343 3.077711 2.116863 -12.248913 0.854508 7.754521 29.463427 1.204190 0.035198 -7.277248 -8.369751 -47.424896 8.049591 -7.408395 -40.792225 -20.545441 11.086531 -7.355499 2.658237 6.344954 -13.520287 48.549252 -85.927841 -74.527328 -35.851597 -3.113254 45.885735 2.515595 10.684698 46.194870 -23.482325 -11.549884 4.317813 -16.465357 -2.698196 10.307940 49.966896 85.888496 76.210136 -33.569653 
2.950861 106.325684 15.173415 -176.955658 0.650543 172.150558 3.326766 -1.982275 5.674552 -1.945547 -0.511491 -0.016498 -0.759312 4.402884 4.125680 6.808011 6.707340 -16.420174 2.597901 -2.432221 6.196660 2.062150 2.806390 -0.430922 -7.575439 -6.557952 -0.464525 21.693861 15.199765 2.449067 2.737273 2.436610 -7.240880 -0.176243 -6.698009 23.251135 3.049731 2.078812 -12.133329 0.860662 7.788140 29.220812 1.187222 0.015276 -7.285027 -7.912765 -47.334797 7.627754 -7.577502 -40.988258 -20.453888 11.178421 -7.376664 2.725145 6.111849 -13.321947 48.429688 -86.006378 -74.507309 -35.809998 -3.292855 45.747475 2.283618 10.615964 46.246990 -23.390345 -11.456604 4.524629 -16.316193 -2.810100 10.257663 49.852310 85.888245 76.191368 -33.565536 
2.951248 106.344719 15.105951 -176.946289 0.655543 172.189301 3.340649 -1.960475 5.574653 -1.966470 -0.570301 0.190653 -0.736162 4.410605 3.954968 6.704668 6.726150 -16.407095 2.658540 -2.409960 6.271414 2.027781 2.838622 -0.565816 -7.532763 -6.616839 -0.518347 21.570881 15.159883 2.520849 2.777510 2.440105 -7.182902 -0.199080 -6.691761 23.060917 3.040293 2.068794 -11.997212 0.895545 7.819279 28.984005 1.134223 -0.036705 -7.296776 -7.621955 -47.288616 7.317337 -7.567181 -41.129005 -20.366035 11.264039 -7.413036 2.699768 5.792753 -13.115102 48.506763 -85.862053 -74.519859 -35.855549 -3.493346 45.619171 1.948624 10.660970 46.235809 -23.181145 -11.432686 4.740428 -16.277443 -2.820620 10.174275 49.836300 85.898384 76.205070 -33.546883 
2.955561 106.366165 15.043077 -176.930237 0.672248 172.228012 3.380067 -1.966206 5.448321 -2.013812 -0.551123 0.432882 -0.516400 4.325167 3.805355 6.107878 6.746321 -16.348175 2.700312 -2.409309 6.318795 2.045110 2.883519 -0.665703 -7.745526 -6.609259 -0.529312 21.908825 15.042624 2.643622 2.832805 2.431857 -7.146677 -0.171038 -6.644236 22.988787 2.976048 2.019641 -12.011032 0.910515 7.891448 28.969877 1.112053 -0.142194 -7.499370 -7.238236 -47.180962 7.080455 -7.611252 -41.353622 -20.474422 11.419769 -7.441672 2.735206 5.470927 -12.939758 48.604008 -85.923195 -74.489304 -35.829025 -3.551624 45.452805 1.981537 10.337393 46.339062 -23.476507 -11.370104 4.871321 -16.121723 -2.823911 10.092844 49.751400 85.815018 76.208450 -33.655548 
2.963083 106.390724 14.979549 -176.930344 0.690894 172.293777 3.353577 -1.950086 5.333285 -1.965526 -0.608378 0.631293 -0.786979 4.447473 3.586929 6.740644 6.745220 -16.429964 2.742595 -2.436991 6.365245 1.996717 2.973901 -0.817749 -7.552650 -6.685579 -0.486981 21.526417 15.158891 2.503197 2.893363 2.438406 -7.079002 -0.251405 -6.624454 22.704464 2.996010 2.034935 -11.736787 0.897275 7.904635 28.525185 1.091365 -0.221928 -7.339081 -6.853020 -47.151489 6.618483 -7.603117 -41.492634 -20.372734 11.479815 -7.410161 2.730551 5.296661 -12.844488 48.755142 -85.832397 -74.523460 -35.827351 -3.882304 45.370499 1.412244 10.508567 46.281841 -23.179871 -11.398499 4.960408 -16.204094 -2.747038 10.077418 49.802525 85.938362 76.208572 -33.487888 
2.975096 106.415779 14.912308 -176.920929 0.708211 172.363861 3.376293 -1.965563 5.188095 -1.999799 -0.601985 0.857910 -0.670043 4.433498 3.390795 6.330789 6.716675 -16.336575 2.780037 -2.472685 6.370803 1.999368 3.080011 -0.907435 -7.763131 -6.698146 -0.479346 21.906334 15.103083 2.616336 2.972487 2.433683 -7.056805 -0.303164 -6.564049 22.563250 2.971391 2.010808 -11.666583 0.902919 7.991087 28.460487 1.091902 -0.383571 -7.471957 -6.509953 -47.039028 6.345341 -7.587107 -41.722748 -20.459248 11.567896 -7.402604 2.766071 5.185291 -12.723393 48.877979 -85.912544 -74.518799 -35.808624 -3.951667 45.220749 1.390069 10.214419 46.345860 -23.465586 -11.363223 5.025248 -16.051264 -2.761767 10.082782 49.725460 85.879112 76.161827 -33.526085 
2.991920 106.438919 14.846080 -176.909683 0.723856 172.483749 3.382215 -2.013554 4.991047 -1.986615 -0.598771 1.072893 -0.773534 4.579984 3.325714 6.463235 6.639866 -16.685577 2.830389 -2.495402 6.323116 1.961135 3.240736 -0.984214 -7.673773 -6.796610 -0.516548 22.185417 14.733541 2.933407 3.038092 2.427480 -7.200923 -0.353132 -6.561418 22.838644 2.890893 2.079826 -12.031021 0.689148 7.841969 28.779919 1.204743 -0.254307 -7.898216 -6.407854 -46.897938 6.600646 -7.254559 -41.972317 -20.990625 11.644354 -7.393860 2.998633 5.146129 -12.765606 48.876060 -86.349976 -74.518066 -35.386192 -3.835198 45.009819 1.716958 9.765210 46.480331 -23.995216 -11.381316 5.060681 -15.899112 -2.626290 10.040991 49.841221 86.119820 76.226601 -33.402992 
3.007467 106.464218 14.776157 -176.927048 0.752190 172.543015 3.326567 -2.020556 4.937105 -1.920961 -0.559479 1.194667 -0.968662 4.525264 3.058871 6.910050 6.773873 -16.459902 2.849317 -2.479645 6.401548 1.929614 3.189732 -1.171750 -7.608951 -6.779157 -0.453397 21.569040 15.213510 2.428431 3.065109 2.442196 -7.005286 -0.367967 -6.494108 22.104717 2.909582 1.994838 -11.232168 0.819442 7.991478 27.860481 1.042459 -0.581298 -7.372927 -5.620390 -46.919151 5.553942 -7.555119 -42.042549 -20.639042 11.741807 -7.376936 2.678825 5.138721 -12.602449 49.268810 -85.761467 -74.531952 -35.879169 -4.420768 44.994095 0.756668 10.103154 46.393764 -23.568829 -11.532928 5.066642 -16.030115 -2.409321 9.982559 49.975010 85.940865 76.209824 -33.431393 
3.034826 106.490845 14.710587 -176.919449 0.786666 172.636063 3.340593 -2.067385 4.806395 -1.938829 -0.527639 1.360594 -0.788881 4.522883 2.929793 6.419394 6.736810 -16.411701 2.875988 -2.489707 6.392346 1.953381 3.244038 -1.273037 -7.841706 -6.757148 -0.437355 22.078386 15.092849 2.608539 3.127975 2.439922 -6.988491 -0.393376 -6.427964 22.016041 2.865666 1.973110 -11.238418 0.796130 8.062443 27.856274 1.048127 -0.759459 -7.519858 -5.326796 -46.762714 5.418003 -7.420712 -42.291656 -20.919416 11.842647 -7.370425 2.666582 5.141168 -12.538548 49.452972 -85.889313 -74.525276 -35.729263 -4.425046 44.833279 0.841234 9.752531 46.538746 -23.931400 -11.625658 5.026771 -15.856932 -2.273861 9.994796 50.047741 85.925285 76.202217 -33.472301 
3.057970 106.518776 14.643625 -176.922745 0.821233 172.731567 3.289988 -2.113060 4.722978 -1.861531 -0.502177 1.451510 -0.936147 4.594307 2.819577 6.750483 6.773229 -16.482965 2.917346 -2.468447 6.427739 1.896101 3.267497 -1.444219 -7.584290 -6.806094 -0.454002 21.513876 15.131566 2.487473 3.185337 2.454954 -6.933902 -0.451180 -6.395406 21.769619 2.863841 1.963427 -10.996101 0.764252 8.063993 27.522284 0.983547 -0.882779 -7.443403 -4.882497 -46.711571 4.957907 -7.399686 -42.377895 -20.978403 11.940764 -7.379008 2.589399 5.145579 -12.483624 49.658688 -85.765915 -74.544411 -35.799068 -4.781449 44.783447 0.361236 9.875772 46.503159 -23.778069 -11.789094 5.019130 -15.960877 -2.044816 9.966687 50.215603 86.091011 76.230186 -33.277313 
3.089224 106.542549 14.586116 -176.921021 0.857808 172.830841 3.283720 -2.147822 4.605328 -1.845457 -0.495062 1.575738 -0.940253 4.654130 2.717410 6.736310 6.765902 -16.513643 2.952934 -2.454378 6.435930 1.874249 3.308323 -1.588706 -7.546861 -6.845918 -0.439398 21.446709 15.156288 2.517987 3.232233 2.459264 -6.889582 -0.485023 -6.337703 21.613617 2.842144 1.953179 -10.870368 0.745667 8.120608 27.332706 0.956669 -1.044538 -7.494200 -4.463897 -46.629475 4.631710 -7.257197 -42.530895 -21.218098 11.978851 -7.340050 2.536417 5.242957 -12.488912 49.762089 -85.770737 -74.555756 -35.788589 -4.998020 44.677486 0.118318 9.793567 46.537220 -23.847187 -11.934474 5.032815 -15.957599 -1.939331 9.925482 50.328682 86.096382 76.238228 -33.251892 
3.123863 106.566505 14.533953 -176.916428 0.889866 172.919434 3.257230 -2.198132 4.505375 -1.786990 -0.488379 1.681486 -0.955110 4.725583 2.624292 6.735034 6.782007 -16.503960 3.000198 -2.417353 6.435430 1.850383 3.355271 -1.699482 -7.601365 -6.894094 -0.416942 21.497030 15.151029 2.484679 3.282253 2.457387 -6.797087 -0.521209 -6.287937 21.445023 2.829522 1.939124 -10.758921 0.726688 8.168472 27.134037 0.909026 -1.214262 -7.507465 -4.054574 -46.562508 4.306755 -7.120836 -42.628410 -21.405293 12.041131 -7.331225 2.546899 5.356832 -12.529974 49.750839 -85.751862 -74.558243 -35.800034 -5.273408 44.579617 -0.135531 9.733613 46.569462 -23.945312 -12.036338 5.090939 -15.908866 -1.985877 9.947288 50.339237 86.101616 76.234489 -33.248013 
3.160143 106.587120 14.488941 -176.913422 0.931142 173.000580 3.252559 -2.213199 4.374421 -1.753882 -0.550397 1.837990 -0.995136 4.930102 2.506371 6.919273 6.699767 -16.526947 3.005853 -2.421472 6.404395 1.880400 3.492038 -1.751471 -7.758142 -6.990810 -0.387782 21.934053 15.017727 2.634037 3.339328 2.471616 -6.733361 -0.561479 -6.250693 21.336607 2.791300 1.936817 -10.644526 0.606745 8.240038 27.132200 1.010761 -1.340645 -7.767297 -3.570814 -46.521862 3.883498 -7.005704 -42.684727 -21.517534 12.064240 -7.310195 2.555459 5.493539 -12.607950 49.679672 -85.971634 -74.599937 -35.658539 -5.454900 44.498657 -0.354121 9.562894 46.549835 -23.980085 -12.103848 5.160417 -15.984109 -2.125827 9.944548 50.412464 85.986588 76.246956 -33.342434 
3.197439 106.607185 14.449208 -176.900955 0.973411 173.084915 3.216420 -2.262793 4.280990 -1.675889 -0.480471 1.942621 -0.936328 4.872094 2.432820 6.741348 6.785503 -16.535616 3.082600 -2.372434 6.371129 1.826621 3.478771 -1.798383 -7.628502 -7.016778 -0.402694 21.493685 15.153445 2.483862 3.396863 2.449324 -6.539280 -0.588795 -6.177332 21.089705 2.780335 1.931449 -10.537786 0.723637 8.319981 26.602262 0.883954 -1.585473 -7.408916 -3.251776 -46.474117 3.597420 -6.738603 -42.774570 -21.754494 12.011284 -7.234240 2.567685 5.673607 -12.694334 49.564445 -85.772545 -74.574936 -35.782288 -5.795786 44.393646 -0.732061 9.651755 46.567474 -23.975523 -12.177883 5.288700 -15.899085 -2.292509 9.986149 50.353683 86.114159 76.233391 -33.230816 
3.233912 106.624298 14.425946 -176.897598 1.018094 173.170563 3.186558 -2.296044 4.135824 -1.607537 -0.463520 2.104470 -0.907672 4.939744 2.356395 6.722418 6.795909 -16.554274 3.118112 -2.345184 6.271623 1.822360 3.526833 -1.744721 -7.642870 -7.081021 -0.444847 21.484596 15.156969 2.483551 3.459470 2.441317 -6.354961 -0.623663 -6.112065 20.911707 2.750151 1.923324 -10.467541 0.693045 8.392093 26.270895 0.872418 -1.725666 -7.281873 -2.925488 -46.404140 3.274171 -6.455306 -42.866905 -21.987858 11.963202 -7.167264 2.604269 5.817800 -12.806646 49.370453 -85.786758 -74.583992 -35.780872 -6.054884 44.271942 -1.022137 9.528864 46.623417 -24.058731 -12.154630 5.351493 -15.908609 -2.578347 10.051101 50.340187 86.149063 76.232979 -33.200798 
3.269394 106.641586 14.413278 -176.886871 1.073193 173.247162 3.178431 -2.328812 3.971643 -1.572977 -0.436554 2.315405 -0.660397 4.960939 2.291013 6.269655 6.762761 -16.571716 3.163997 -2.281565 6.136141 1.838356 3.567789 -1.605164 -7.938814 -7.115053 -0.497179 22.013245 15.045918 2.657103 3.527964 2.431769 -6.119294 -0.649411 -6.039030 20.755110 2.704259 1.928654 -10.478358 0.644182 8.416696 26.126553 0.915354 -1.813182 -7.352308 -2.585806 -46.328407 3.013969 -6.181123 -42.984985 -22.285866 11.958606 -7.128211 2.706609 5.895875 -12.871049 49.137787 -85.904976 -74.617310 -35.676956 -6.253360 44.140160 -1.224892 9.373874 46.669739 -24.197163 -12.122908 5.458592 -15.866291 -2.914697 10.098296 50.251575 86.128807 76.222740 -33.211559 
3.307880 106.661148 14.407509 -176.886612 1.122332 173.349106 3.115563 -2.398878 3.777447 -1.463290 -0.448313 2.523986 -0.848764 5.155039 2.183789 6.696480 6.801183 -16.587637 3.219859 -2.233425 5.942751 1.803812 3.628063 -1.430502 -7.709295 -7.275081 -0.581758 21.504261 15.151189 2.506876 3.579999 2.418025 -5.884315 -0.693990 -5.975964 20.476166 2.700379 1.942364 -10.338766 0.610335 8.476447 25.807497 0.942192 -1.918760 -7.296148 -2.306503 -46.278637 2.706545 -5.893641 -43.042828 -22.447058 11.955409 -7.101971 2.654507 5.955931 -12.874865 48.849430 -85.839577 -74.599113 -35.746227 -6.537258 44.024288 -1.557323 9.330370 46.707401 -24.241600 -12.153754 5.577576 -15.894341 -3.151377 10.113820 50.240009 86.220612 76.233154 -33.147305 
3.348907 106.680748 14.413340 -176.876205 1.180928 173.454483 3.090735 -2.454270 3.546588 -1.407384 -0.475611 2.783957 -0.709293 5.362816 2.087203 6.515516 6.642200 -16.667725 3.263947 -2.159945 5.705083 1.827311 3.721670 -1.169792 -7.862402 -7.387720 -0.683801 21.736067 15.064248 2.613716 3.640038 2.398382 -5.601519 -0.711900 -5.915072 20.269213 2.671637 1.975958 -10.390224 0.383285 8.418477 25.887533 1.123584 -1.817875 -7.601603 -2.027048 -46.214302 2.538374 -5.640280 -43.122192 -22.699652 12.004992 -7.104413 2.637805 5.955477 -12.865007 48.570625 -85.987938 -74.641563 -35.663158 -6.693841 43.921093 -1.633647 9.069166 46.740456 -24.469707 -12.111003 5.688191 -15.858998 -3.411419 10.128326 50.184208 86.093361 76.244141 -33.210369 
3.392628 106.699844 14.422927 -176.878387 1.251009 173.511398 3.035707 -2.524611 3.322568 -1.318189 -0.506172 3.098078 -0.660281 5.555499 1.996130 6.644210 6.738887 -16.648878 3.308115 -2.088672 5.464689 1.845183 3.860149 -0.851977 -7.916643 -7.667265 -0.807327 21.888420 15.268534 2.839151 3.683728 2.418610 -5.291630 -0.736619 -5.892085 20.055466 2.630524 2.003203 -10.356154 0.438930 8.537216 25.930204 1.129143 -1.994685 -7.905715 -1.687346 -46.074516 2.294225 -5.347267 -43.258057 -23.031721 12.003995 -7.131734 2.725197 5.946897 -12.729122 48.106136 -86.081978 -74.631393 -35.500221 -6.904944 43.736382 -1.831130 8.923545 46.862492 -24.573811 -12.097132 5.806864 -15.731776 -3.671656 10.132560 50.021381 86.288933 76.255547 -33.062862 
3.443190 106.715080 14.434513 -176.866013 1.306420 173.598892 2.995732 -2.617180 3.096230 -1.210074 -0.363180 3.421952 -0.713120 5.537695 1.839774 6.779867 6.838840 -16.644550 3.393152 -1.979540 5.231580 1.806375 3.759231 -0.550488 -7.804764 -7.623278 -0.948140 21.591658 15.101705 2.592975 3.742671 2.347696 -4.907017 -0.775150 -5.758785 19.723705 2.652534 1.994483 -10.257057 0.410700 8.543750 25.516495 1.087463 -2.022692 -7.772430 -1.383125 -45.982811 1.877939 -5.180816 -43.365841 -23.035713 12.047015 -7.068907 2.607308 5.897846 -12.752405 47.909821 -85.996040 -74.633286 -35.627644 -7.275781 43.619591 -2.270577 9.049183 46.924107 -24.412123 -12.184090 5.940425 -15.690450 -3.757848 10.133409 49.869579 86.416908 76.236900 -32.990700 
3.493616 106.722748 14.451945 -176.850327 1.372078 173.668594 2.970472 -2.725182 2.839068 -1.138056 -0.300195 3.798954 -0.639808 5.667182 1.721992 6.815790 6.846174 -16.660921 3.475961 -1.874084 4.957526 1.797760 3.808069 -0.170106 -7.850645 -7.772762 -1.112104 21.562429 15.094770 2.600458 3.802121 2.319406 -4.518659 -0.798655 -5.674323 19.493578 2.630709 2.004014 -10.257283 0.394319 8.579242 25.228127 1.092192 -2.088098 -7.744856 -0.944872 -45.843628 1.479238 -5.019448 -43.518211 -23.146936 12.052337 -7.030401 2.545514 5.945911 -12.741670 47.564678 -86.017769 -74.640129 -35.610935 -7.566359 43.450275 -2.546602 8.954608 47.025551 -24.369308 -12.172605 6.058219 -15.662226 -3.900569 10.121601 49.661304 86.467667 76.235519 -32.951332 
3.540501 106.726204 14.473660 -176.843857 1.446416 173.756866 2.954136 -2.761040 2.508974 -1.108633 -0.355814 4.227777 -0.195490 5.939194 1.812425 6.025994 6.384906 -16.990072 3.529225 -1.772839 4.610444 1.811381 3.772221 0.317462 -7.968541 -7.718773 -1.318482 21.664293 14.596054 2.699987 3.849148 2.339544 -4.247636 -0.854977 -5.657697 19.762442 2.593194 2.097721 -10.830763 0.109950 8.444202 25.392752 1.320109 -1.909988 -8.026039 -0.638138 -45.642101 1.498939 -4.745653 -43.762806 -23.542507 12.085478 -7.002059 2.526366 6.050501 -12.859151 47.379021 -86.726799 -74.705528 -35.117226 -7.568329 43.109489 -2.143211 8.372099 47.360100 -24.870001 -12.110464 6.160963 -15.491619 -4.145740 10.104895 49.307602 86.940468 76.187881 -32.482780 
3.589577 106.725151 14.498001 -176.817093 1.517330 173.787033 2.948828 -2.938686 2.241615 -1.033401 -0.153389 4.722651 -0.283290 5.945701 1.506225 6.471577 6.715496 -16.808126 3.621356 -1.654898 4.333796 1.848577 3.903087 0.769892 -8.151608 -8.079200 -1.507446 21.981514 14.957863 2.928103 3.949491 2.282577 -3.695590 -0.890001 -5.532499 19.311871 2.555553 2.072821 -10.629871 0.305582 8.594042 24.728323 1.128528 -2.179615 -7.659740 -0.107539 -45.524342 0.943239 -4.617917 -43.887650 -23.524725 12.134048 -6.972306 2.424659 6.038013 -12.766293 46.987709 -86.205460 -74.682884 -35.389427 -8.022313 43.094856 -2.794540 8.600064 47.298794 -24.392504 -12.191599 6.271565 -15.643094 -4.179540 10.120539 49.245468 86.526566 76.257736 -32.908073 
3.635006 106.728416 14.527283 -176.805527 1.581923 173.849457 2.897421 -3.114655 1.906193 -0.921083 -0.033293 5.260624 -0.365442 6.066924 1.285938 6.954763 6.964243 -16.736397 3.714593 -1.561312 3.982931 1.822062 3.954562 1.289401 -8.041955 -8.230079 -1.672921 21.407293 15.089096 2.533517 3.994766 2.219127 -3.222201 -0.880409 -5.383470 18.854515 2.505016 2.019316 -10.294598 0.544371 8.759282 23.893543 0.891816 -2.485189 -7.174031 0.720327 -45.385777 0.008745 -4.834609 -44.030308 -23.245502 12.200541 -6.927063 2.294788 6.267531 -12.806669 46.666382 -86.056732 -74.671135 -35.561935 -8.591186 42.937359 -3.649016 9.032078 47.347847 -23.823853 -12.336988 6.462788 -15.667792 -4.197257 10.055476 48.955681 86.520164 76.217278 -32.893044 
3.680258 106.733795 14.558021 -176.789780 1.664921 173.894257 2.870348 -3.287287 1.552078 -0.860352 0.063553 5.861716 -0.268962 6.270809 1.087369 6.985870 6.844652 -16.718344 3.804200 -1.395346 3.600837 1.847419 3.952058 1.918060 -8.114658 -8.396283 -1.949137 21.485003 15.044205 2.637125 4.050961 2.195986 -2.738939 -0.926926 -5.279879 18.640362 2.503160 2.030982 -10.332087 0.511052 8.761171 23.393547 0.846890 -2.548309 -6.930052 1.152152 -45.206177 -0.378023 -4.712645 -44.207794 -23.294884 12.220601 -6.940837 2.281055 6.561244 -12.885755 46.397076 -86.000687 -74.654533 -35.591465 -8.883453 42.768642 -4.015283 9.065440 47.447605 -23.589828 -12.343357 6.592295 -15.648369 -4.330744 10.126986 48.638374 86.560951 76.209969 -32.866116 
3.722538 106.736908 14.595314 -176.777390 1.766670 173.949875 2.833613 -3.469401 1.140115 -0.769603 0.089987 6.534560 -0.584001 6.757994 0.802973 8.013721 6.728724 -16.723663 3.867944 -1.265954 3.126125 1.887691 4.057950 2.683627 -7.859680 -8.669578 -2.300798 20.924259 14.970096 2.518517 4.090395 2.173888 -2.303757 -0.928908 -5.172772 18.451174 2.455383 2.054886 -10.346487 0.379054 8.757824 23.349602 0.935132 -2.562951 -7.198926 1.688774 -45.048973 -0.877579 -4.725655 -44.402618 -23.174025 12.282513 -6.873755 2.026065 6.972296 -12.992722 46.290279 -86.101097 -74.664497 -35.472626 -9.054955 42.608147 -4.210824 8.794192 47.554703 -23.511806 -12.240419 6.627880 -15.814199 -4.567824 10.287430 48.475571 86.292671 76.159203 -33.246674 
3.761951 106.727905 14.637916 -176.756744 1.873371 174.002182 2.820590 -3.681199 0.703149 -0.752419 0.296534 7.296087 -0.025652 6.722366 0.620722 7.119917 6.838583 -16.751907 3.940192 -1.012259 2.598953 2.003621 3.942354 3.575303 -8.149861 -8.780907 -2.670981 21.293936 15.034493 2.677607 4.174750 2.116700 -1.728924 -0.997218 -5.006547 18.052599 2.470189 2.054504 -10.204483 0.523346 8.806416 22.401867 0.669383 -2.750697 -6.536895 2.188945 -44.815144 -1.366211 -4.694374 -44.664101 -23.294451 12.312571 -6.886037 2.327734 7.453622 -13.061530 45.848885 -85.992447 -74.666275 -35.600010 -9.545388 42.441067 -4.922851 9.148347 47.632954 -23.112053 -12.224186 6.769272 -15.524741 -4.753851 10.337051 47.894974 86.608353 76.204597 -32.817875 
3.805252 106.699783 14.684853 -176.729462 1.993916 174.073380 2.825755 -3.906996 0.142206 -0.720432 0.461560 8.236316 0.083711 6.952069 0.308794 7.166082 6.831522 -16.776936 4.013768 -0.776164 1.967578 2.118954 3.937300 4.607836 -8.190051 -9.035173 -3.117207 21.222261 15.025244 2.703765 4.256083 2.069722 -1.203042 -1.044110 -4.851486 17.654314 2.467551 2.066737 -10.040690 0.490647 8.823612 21.943039 0.599705 -2.824540 -6.435382 2.724004 -44.600494 -1.870974 -4.709308 -44.880638 -23.288902 12.306228 -6.889679 2.467287 8.074418 -13.167533 45.484295 -85.957184 -74.677933 -35.622108 -9.866690 42.265442 -5.336618 9.076065 47.736095 -22.972963 -12.065308 6.819812 -15.370439 -5.078688 10.524223 47.388485 86.657196 76.206718 -32.770462 
3.858103 106.644005 14.736855 -176.706879 2.121837 174.132767 2.838655 -4.132733 -0.459841 -0.697318 0.643465 9.275955 0.207690 7.181831 -0.046112 7.203013 6.823252 -16.786034 4.068690 -0.530889 1.300626 2.262285 3.912687 5.737463 -8.264992 -9.267362 -3.616816 21.334459 14.932739 2.791994 4.339252 2.024781 -0.650964 -1.107828 -4.702652 17.243208 2.466274 2.088219 -9.827927 0.450334 8.797246 21.477911 0.524909 -2.874466 -6.355669 3.289935 -44.382679 -2.401370 -4.705623 -45.074387 -23.312693 12.294329 -6.929731 2.606460 8.571319 -13.187860 45.226868 -85.944092 -74.689034 -35.623520 -10.188435 42.092861 -5.755120 9.003697 47.834366 -22.849300 -11.966683 6.896445 -15.237306 -5.371381 10.664194 46.892132 86.741333 76.207527 -32.692741 
3.921919 106.563759 14.790375 -176.679443 2.265132 174.191864 2.884135 -4.355904 -1.126617 -0.710891 0.852116 10.439643 0.330949 7.423152 -0.453183 7.235425 6.814836 -16.800440 4.138805 -0.252780 0.581747 2.406351 3.901083 6.960964 -8.277754 -9.572944 -4.163949 21.225435 14.948052 2.812236 4.426432 1.973689 -0.085833 -1.176688 -4.515924 16.757832 2.471721 2.099711 -9.501809 0.463467 8.814166 20.974722 0.426487 -2.971004 -6.210544 3.922001 -44.153378 -3.007776 -4.745775 -45.276505 -23.342039 12.249707 -6.974683 2.852496 9.118451 -13.228395 44.900333 -85.896996 -74.692902 -35.643387 -10.539821 41.909855 -6.231314 8.950075 47.890961 -22.694748 -11.857499 7.017802 -15.066814 -5.638933 10.820369 46.367577 86.793816 76.210632 -32.637783 
3.995531 106.467979 14.848430 -176.652512 2.409343 174.241119 2.935469 -4.609860 -1.812319 -0.739704 1.024407 11.659587 0.426294 7.752275 -0.876623 7.301985 6.773127 -16.822580 4.195226 0.049879 -0.171712 2.572883 3.871463 8.266500 -8.300693 -9.900311 -4.732680 21.195398 14.918604 2.924814 4.508035 1.920048 0.519834 -1.251525 -4.345554 16.284294 2.481672 2.121761 -9.218026 0.429782 8.778867 20.660006 0.360060 -3.014353 -6.259562 4.541991 -43.908169 -3.592983 -4.805979 -45.454723 -23.313227 12.196825 -7.041088 3.090145 9.606950 -13.254317 44.592018 -85.905563 -74.696205 -35.619968 -10.869635 41.753025 -6.666696 8.958718 47.916065 -22.490631 -11.827496 7.189335 -14.937442 -5.906499 10.922272 45.861252 86.860962 76.207832 -32.568413 
4.075634 106.354736 14.910892 -176.624619 2.561525 174.289078 2.994226 -4.895701 -2.533813 -0.788130 1.185369 12.945662 0.584009 8.111525 -1.308451 7.218808 6.832151 -16.838840 4.254765 0.371217 -0.960072 2.753125 3.827497 9.637731 -8.391273 -10.211313 -5.335161 21.327194 14.841261 2.976189 4.580326 1.872496 1.113081 -1.314730 -4.156321 15.880674 2.496272 2.146606 -8.970309 0.471899 8.800344 20.388664 0.259410 -3.136509 -6.329142 5.171459 -43.636395 -4.128166 -4.865538 -45.660309 -23.362808 12.170323 -7.167967 3.408278 9.920601 -13.211270 44.235405 -85.914818 -74.698608 -35.583534 -11.234538 41.564938 -7.039918 9.017355 47.967369 -22.390541 -11.927211 7.426968 -14.709099 -6.087148 10.963826 45.281723 86.924149 76.209755 -32.505592 
4.161837 106.223045 14.972206 -176.632263 2.744456 174.302856 3.040426 -5.163605 -3.280959 -0.904556 1.284866 14.341139 0.859428 8.661229 -1.749995 6.971444 6.530728 -17.007826 4.238127 0.721660 -1.774061 2.961796 3.559755 11.133924 -8.900756 -10.223988 -5.961453 23.102718 14.118868 3.688251 4.571626 1.900824 1.677699 -1.340076 -4.052829 15.878854 2.501841 2.230903 -9.235583 0.329944 8.708651 21.111277 0.362888 -3.095405 -7.299319 5.374624 -43.274937 -4.007720 -4.547853 -45.989708 -23.688711 12.163471 -7.314421 3.515770 10.144224 -13.182017 44.058876 -86.190285 -74.695877 -35.322689 -11.173817 41.319656 -6.729554 8.602431 48.177475 -22.654711 -12.044739 7.673128 -14.596445 -6.273916 10.904682 44.812920 87.117714 76.258018 -32.320045 
4.249950 106.069534 15.037911 -176.612320 2.887087 174.313095 3.141186 -5.588512 -4.040938 -1.018412 1.682794 15.766036 1.306167 9.037069 -2.115079 6.310334 6.111463 -17.361229 4.269544 0.861689 -2.626195 3.226389 3.811705 12.695755 -9.222054 -10.629407 -6.484937 24.075542 13.894319 3.781042 4.617335 1.737441 2.396710 -1.356415 -3.700909 15.200583 2.515464 2.185122 -8.822805 -0.234841 8.369989 21.070429 0.792072 -2.653346 -7.688961 6.086682 -43.008480 -4.594433 -4.827284 -46.075607 -23.576273 12.172111 -7.626475 4.267259 10.413537 -12.753489 42.977230 -87.239441 -74.741127 -34.027443 -11.663167 41.160362 -7.094314 8.806704 48.128265 -22.571411 -12.246465 8.035245 -14.307305 -6.383409 10.763200 44.040478 88.122299 76.361824 -31.244570 
4.339703 105.893097 15.111005 -176.577148 3.049997 174.380600 3.220710 -5.757174 -4.913839 -1.134144 1.528747 17.316036 0.855126 9.527170 -2.928588 7.314845 6.867971 -16.809444 4.317420 1.396189 -3.501665 3.400882 3.541199 14.194013 -8.415318 -11.146186 -7.354087 21.335556 14.600986 3.151497 4.711124 1.732934 3.022400 -1.501544 -3.601027 14.706419 2.571925 2.244589 -8.237040 0.416249 8.735758 20.139244 0.117485 -3.313582 -7.309452 6.965741 -42.812740 -5.645591 -4.979636 -46.202221 -23.328041 12.061756 -7.567609 4.193091 10.640873 -13.162025 43.174301 -85.950378 -74.721725 -35.452305 -12.351724 41.077454 -8.074542 9.148386 48.025833 -22.163517 -12.384058 8.292514 -14.414666 -6.504734 10.935805 43.879951 87.056900 76.221695 -32.387344 
4.428362 105.688416 15.187074 -176.568069 3.220795 174.403198 3.322349 -6.049107 -5.797708 -1.317129 1.613544 18.921715 0.858278 10.182858 -3.581844 7.519213 6.648067 -16.813839 4.297918 1.715426 -4.458426 3.675607 3.464782 15.906096 -8.388764 -11.556271 -8.127569 21.329241 14.675776 3.412230 4.750025 1.709047 3.663523 -1.562488 -3.453463 14.345122 2.585177 2.295100 -7.980434 0.173225 8.605026 20.252146 0.278380 -3.174537 -7.964038 7.618574 -42.545109 -6.214801 -5.088476 -46.320362 -23.269066 12.034886 -7.753855 4.426002 10.821757 -13.162846 42.775135 -86.201210 -74.744064 -35.223587 -12.729642 40.902412 -8.361067 9.020214 48.056019 -22.206234 -12.470376 8.565620 -14.360007 -6.713992 10.896395 43.393990 87.144890 76.221893 -32.271454 
4.512228 105.451797 15.271148 -176.579590 3.378457 174.447296 3.380586 -6.354392 -6.703059 -1.476632 1.729086 20.540880 0.969043 10.648498 -4.213725 7.471777 6.866579 -16.842556 4.267162 2.059620 -5.497114 3.902618 3.243940 17.729599 -8.285570 -11.762712 -8.904464 21.290850 14.536896 3.362795 4.764928 1.634441 4.343142 -1.644679 -3.273232 14.016983 2.601614 2.346357 -7.871287 0.275513 8.614044 20.237301 0.166384 -3.259368 -8.439729 7.955222 -42.263523 -6.396136 -4.826639 -46.515404 -23.431225 11.965141 -7.898633 4.671335 10.997227 -13.187578 42.369709 -86.067032 -74.754570 -35.302357 -13.035419 40.676853 -8.458977 8.851405 48.210621 -22.487753 -12.625051 8.886058 -14.166922 -6.849987 10.838093 42.948589 87.404106 76.235550 -32.074825 
4.589687 105.184769 15.357564 -176.587967 3.528710 174.484604 3.460027 -6.647932 -7.625536 -1.666822 1.824705 22.177336 1.065862 11.212190 -4.842260 7.511199 6.897016 -16.848715 4.209757 2.362521 -6.575570 4.183780 3.096282 19.624083 -8.162370 -12.076215 -9.730335 21.114164 14.527456 3.425082 4.782832 1.569719 5.026354 -1.712758 -3.097124 13.691944 2.622853 2.394880 -7.713373 0.147826 8.524700 20.310301 0.239432 -3.190367 -9.098832 8.447140 -41.993824 -6.726223 -4.705768 -46.675499 -23.568213 11.919313 -8.060230 4.934129 11.157577 -13.181559 41.891426 -86.146797 -74.765091 -35.215649 -13.444447 40.482841 -8.607578 8.632339 48.268150 -22.775627 -12.762351 9.244163 -14.032784 -7.062205 10.776790 42.623447 87.527878 76.254196 -31.964642 
4.665428 104.884323 15.447789 -176.592529 3.681036 174.511322 3.546847 -6.934210 -8.577147 -1.891111 1.864261 23.870035 0.973461 11.981015 -5.620777 7.927659 6.680756 -16.819462 4.144571 2.610652 -7.666952 4.502240 3.005160 21.533045 -8.133729 -12.482886 -10.482008 21.103823 14.794752 3.379648 4.817419 1.494386 5.729736 -1.788409 -2.900037 13.281752 2.648137 2.414100 -7.408707 -0.060560 8.489257 20.366108 0.410231 -3.118681 -9.840771 9.062030 -41.733814 -7.214653 -4.693275 -46.776520 -23.688383 11.902784 -8.250499 5.151980 11.253350 -13.205486 41.575935 -86.129021 -74.772957 -35.183132 -13.994093 40.367558 -8.855328 8.350248 48.216774 -23.198698 -12.878235 9.607325 -13.916181 -7.277476 10.680502 42.390526 87.534302 76.289536 -31.950060 
4.735678 104.545746 15.546269 -176.618347 3.841052 174.527481 3.650472 -7.298267 -9.528028 -2.101989 2.155723 25.578539 1.365997 12.383727 -6.168048 7.456394 6.968494 -16.844374 4.022536 2.920413 -8.766766 4.815234 2.727941 23.479294 -8.232457 -12.656309 -11.291598 21.535675 14.527960 3.613427 4.834845 1.447728 6.462052 -1.869729 -2.760197 13.099907 2.624071 2.487012 -7.449513 -0.099742 8.393482 20.513042 0.449934 -3.023316 -10.579056 9.521675 -41.432880 -7.378121 -4.539807 -46.967846 -24.022291 11.888509 -8.460824 5.613832 11.399347 -13.217808 41.083981 -86.475983 -74.785751 -34.914028 -14.353024 40.099476 -8.805791 8.018702 48.374481 -23.713350 -13.078034 9.994202 -13.669290 -7.494273 10.663592 42.146969 87.808250 76.298904 -31.738867 
4.803654 104.168694 15.656491 -176.608063 3.966379 174.520950 3.786717 -7.567360 -10.509789 -2.340758 2.301019 27.361551 1.412992 12.959015 -6.908258 7.500180 7.007256 -16.811945 3.950491 3.222143 -9.849304 5.055541 2.393155 25.439840 -8.088113 -12.833532 -12.173553 21.305254 14.365982 3.593461 4.863362 1.366249 7.269127 -1.913474 -2.593552 12.796509 2.621271 2.531964 -7.331782 -0.059365 8.422489 20.537809 0.427908 -3.109728 -11.260269 10.054584 -41.198536 -7.702977 -4.407281 -47.084805 -24.235588 11.894378 -8.628732 5.704144 11.368140 -13.295820 41.029255 -86.353470 -74.804398 -34.965908 -14.834813 39.956188 -9.015075 7.754333 48.320892 -24.124252 -13.259890 10.398396 -13.475070 -7.646733 10.668392 42.068169 87.983437 76.309280 -31.548481 
4.870241 103.752930 15.778368 -176.606491 4.099484 174.510559 3.930139 -7.752517 -11.530203 -2.621541 2.388170 29.174089 1.526299 13.624753 -7.579564 7.618936 6.892995 -16.889240 3.842983 3.499461 -10.988795 5.372411 2.136554 27.472265 -7.845593 -13.165755 -13.126464 20.896376 14.427505 3.840919 4.863753 1.339299 8.069285 -1.949616 -2.488622 12.594940 2.628816 2.635295 -7.300119 -0.218867 8.344505 20.609974 0.591430 -3.039521 -12.008427 10.643744 -41.022736 -8.050117 -4.267348 -47.138367 -24.533379 11.846363 -8.792985 6.016646 11.426875 -13.364364 40.761387 -86.611610 -74.812065 -34.774185 -15.293416 39.876041 -9.316299 7.470210 48.138393 -24.395002 -13.374551 10.758204 -13.400300 -7.806524 10.773205 42.122421 87.972710 76.300308 -31.558235 
4.932957 103.303490 15.910275 -176.590485 4.198000 174.493301 4.077037 -8.019815 -12.529469 -2.836204 2.615005 30.999853 1.655418 14.059941 -8.317493 7.566577 7.066679 -16.810402 3.760721 3.792399 -12.082369 5.603561 1.733154 29.438982 -7.752443 -13.299717 -13.921898 20.786879 14.290707 3.735428 4.835860 1.244639 8.996098 -1.957067 -2.315790 12.264805 2.692996 2.695206 -7.257903 -0.126983 8.378219 20.419355 0.490473 -3.165275 -12.463061 11.027763 -40.799259 -8.282275 -4.041010 -47.281239 -24.752895 11.824112 -8.903306 6.235048 11.400758 -13.498836 40.621552 -86.568146 -74.840172 -34.732998 -15.817462 39.783447 -9.688376 7.328041 47.972813 -24.668655 -13.530600 11.176163 -13.001723 -7.845845 10.840986 42.016239 88.276176 76.344673 -31.279232 
4.996052 102.813202 16.046139 -176.625656 4.293211 174.418594 4.218907 -8.210258 -13.572693 -3.280859 2.812197 32.916000 3.435599 14.884520 -8.489690 4.480531 6.096539 -17.305239 3.557000 4.032755 -13.211789 5.944908 1.180710 31.558771 -9.174614 -13.399058 -14.508914 24.294783 13.474394 4.661587 4.686573 1.196798 9.914801 -1.836972 -2.304244 12.217468 2.603601 2.895551 -7.614720 -0.709592 7.968743 21.616751 1.068454 -2.575581 -14.320457 11.409424 -40.405495 -8.329089 -4.122900 -47.541225 -25.051258 11.908880 -9.239380 7.209784 11.419024 -13.293495 39.768112 -88.170219 -74.968170 -33.062080 -15.956822 39.435913 -9.423847 6.815606 48.049068 -25.513073 -13.578420 11.730001 -12.195004 -7.967085 10.782995 41.822121 89.662720 76.693390 -29.862194 
5.055454 102.286034 16.190498 -176.587112 4.365740 174.412842 4.365169 -8.429131 -14.609694 -3.298181 3.010231 34.797531 1.926941 15.110812 -9.826178 7.550362 7.143216 -16.777550 3.511522 4.343508 -14.327554 6.169404 0.967151 33.506809 -7.547873 -13.806417 -15.687642 20.576689 14.206234 3.832498 4.808269 1.069925 10.770089 -2.044273 -2.035736 11.795441 2.712516 2.815136 -7.086585 -0.114270 8.404980 20.072823 0.600079 -3.228537 -13.664101 12.142286 -40.341778 -9.008956 -3.716996 -47.470730 -25.224749 11.681568 -9.150236 6.796636 11.675086 -13.715754 40.200111 -86.776031 -74.884499 -34.523666 -16.888990 39.584225 -10.420664 6.693595 47.585865 -25.255232 -13.614880 11.902253 -12.458392 -8.187495 11.127460 41.805458 88.633316 76.395355 -30.949574 
5.116247 101.711708 16.339403 -176.597427 4.426860 174.359711 4.514280 -8.637502 -15.668631 -3.495624 3.281423 36.730309 2.045478 15.577172 -10.610539 7.527582 7.178891 -16.764074 3.368749 4.572744 -15.463075 6.436826 0.577242 35.572231 -7.421225 -14.051230 -16.587263 20.461496 14.163072 3.882787 4.792358 0.968770 11.655250 -2.125257 -1.903013 11.592397 2.704082 2.854034 -6.954118 -0.082577 8.456678 19.813057 0.732565 -3.222928 -14.286818 12.704766 -40.116970 -9.399758 -3.509286 -47.546833 -25.408222 11.593849 -9.232196 7.013098 12.009037 -13.855940 39.898853 -86.912674 -74.912903 -34.403961 -17.448961 39.463837 -10.773462 6.244991 47.392605 -25.550415 -13.562081 12.226902 -12.220543 -8.456857 11.297077 41.580254 88.840370 76.424828 -30.770367 
5.177471 101.086533 16.495674 -176.611191 4.468798 174.296432 4.677144 -8.813164 -16.768482 -3.667775 3.594206 38.720188 2.120822 15.993124 -11.379032 7.492687 7.211997 -16.751738 3.208768 4.781718 -16.612967 6.726690 0.184672 37.665821 -7.321039 -14.307431 -17.482038 20.336926 14.124635 3.933395 4.793898 0.843695 12.597015 -2.236873 -1.763040 11.341244 2.678369 2.871346 -6.804026 -0.060433 8.497179 19.462650 0.877257 -3.182111 -14.848950 13.230479 -39.904110 -9.801169 -3.253948 -47.609100 -25.504602 11.473189 -9.274535 7.243057 12.563453 -13.989395 39.465748 -87.071953 -74.945915 -34.277733 -18.024260 39.309200 -11.136060 5.739208 47.206196 -25.761421 -13.412357 12.528355 -11.905946 -8.882760 11.474797 41.211613 89.074478 76.456024 -30.574036 
5.238428 100.405746 16.653431 -176.624710 4.503428 174.233521 4.860422 -8.947113 -17.916822 -3.831993 3.933675 40.767494 2.281874 16.385965 -12.083734 7.319561 7.186179 -16.773556 3.044943 4.922973 -17.788120 7.060449 -0.159294 39.788422 -7.299973 -14.639244 -18.365597 20.367023 14.135293 3.974928 4.804117 0.713426 13.520857 -2.391204 -1.627407 11.083117 2.655795 2.887256 -6.587045 -0.056864 8.556938 19.051157 1.081489 -3.102822 -15.405331 13.921555 -39.701290 -10.309878 -3.096514 -47.625202 -25.627728 11.320391 -9.320803 7.567481 13.395553 -14.095279 38.736080 -87.278343 -74.966461 -34.161045 -18.708763 39.118103 -11.528829 5.227015 46.969444 -26.074438 -13.180244 12.893311 -11.366405 -9.494536 11.635027 40.538113 89.315666 76.426628 -30.375372 
5.292503 99.672997 16.812975 -176.653381 4.517211 174.176300 5.039882 -9.081168 -19.142275 -4.063049 4.212959 42.902298 2.195948 16.922110 -12.956706 7.537591 7.191618 -16.390398 2.844368 5.050789 -19.018276 7.434235 -0.514053 41.965809 -7.356451 -15.044391 -19.248714 20.357264 14.207971 4.043343 4.794451 0.602431 14.449533 -2.494923 -1.549297 10.786811 2.574016 2.897017 -6.261234 0.031328 8.675939 18.552366 1.218195 -3.108841 -15.966717 14.561471 -39.537544 -10.811785 -2.736702 -47.559464 -25.679749 11.120288 -9.341089 7.578499 14.400801 -14.207943 38.223083 -87.181847 -75.003265 -34.331684 -19.292723 38.974457 -11.996245 4.550800 46.682003 -26.074924 -12.920656 13.148655 -11.352982 -10.114017 11.922539 40.403713 88.994110 76.485558 -30.727369 
5.348131 98.885498 16.968065 -176.668381 4.488490 174.100143 5.250452 -9.232682 -20.349720 -4.055495 4.723793 45.026592 2.288195 17.055811 -13.474131 7.348480 7.288888 -16.703264 2.641386 5.180625 -20.209219 7.603723 -1.060649 44.129425 -7.014608 -15.065927 -20.223604 19.927652 14.012627 4.102200 4.776244 0.418519 15.435740 -2.618839 -1.417722 10.634788 2.557197 2.894996 -6.254973 -0.001644 8.659028 18.024803 1.380906 -2.945035 -16.419460 14.958682 -39.360725 -11.031172 -2.333948 -47.579506 -25.800619 11.012361 -9.358117 7.653073 15.323031 -14.225114 37.519955 -87.602188 -75.048363 -33.929817 -19.986532 38.780907 -12.353529 4.145967 46.416759 -26.189056 -12.756064 13.587814 -10.690919 -10.781402 11.952385 39.741955 89.814339 76.547661 -29.974495 
5.399689 98.058853 17.119417 -176.679962 4.465496 174.034637 5.472523 -9.340000 -21.627972 -4.121312 5.137064 47.218460 2.306654 17.347424 -14.077549 7.261940 7.321674 -16.685858 2.424299 5.287178 -21.438974 7.883501 -1.536971 46.303337 -6.919281 -15.293289 -21.099642 19.795477 13.993449 4.153610 4.767499 0.271279 16.368670 -2.738586 -1.329870 10.439781 2.535642 2.893424 -6.086461 0.013532 8.724309 17.529696 1.507887 -2.884350 -16.960745 15.549953 -39.234821 -11.401092 -2.033326 -47.505947 -26.007391 10.943179 -9.377070 7.687998 16.213167 -14.224555 36.920998 -87.771049 -75.079803 -33.825935 -20.714510 38.639668 -12.774796 3.655520 46.074753 -26.341766 -12.578571 13.988534 -10.225432 -11.414564 12.052325 39.300827 90.039032 76.574806 -29.792765 
5.449802 97.192368 17.261175 -176.704163 4.402724 173.980392 5.699040 -9.469101 -22.949715 -4.175731 5.568387 49.419334 2.293550 17.606379 -14.627034 7.190237 7.354170 -16.660467 2.175400 5.377474 -22.704350 8.132045 -2.054976 48.502205 -6.809564 -15.484663 -21.950018 19.657158 13.963581 4.217009 4.753919 0.129308 17.252163 -2.855397 -1.269644 10.273628 2.515051 2.882512 -5.899919 -0.025918 8.741526 17.105955 1.644577 -2.800270 -17.620296 16.083984 -39.150234 -11.732679 -1.665184 -47.395199 -26.273483 10.904925 -9.404343 7.697119 16.920378 -14.202376 36.434483 -87.961517 -75.112984 -33.704575 -21.417885 38.516842 -13.207964 3.196697 45.724678 -26.510151 -12.447467 14.358358 -9.775942 -11.957056 12.154521 38.963879 90.293358 76.609268 -29.583115 
5.498760 96.293388 17.396528 -176.729279 4.329647 173.916412 5.931949 -9.578197 -24.292816 -4.199019 6.010928 51.660023 2.268611 17.808393 -15.141950 7.082741 7.390775 -16.636395 1.925701 5.469125 -23.964560 8.339337 -2.589672 50.704273 -6.735794 -15.679336 -22.776428 19.613676 13.903081 4.281991 4.723947 -0.019984 18.132969 -2.965151 -1.223912 10.107384 2.515486 2.860354 -5.710446 -0.091512 8.734660 16.740654 1.751420 -2.677901 -18.341759 16.566298 -39.071014 -12.004687 -1.256261 -47.265675 -26.634354 10.908475 -9.435545 7.721596 17.399639 -14.136042 36.083652 -88.186142 -75.148895 -33.552753 -22.068783 38.434723 -13.509296 2.626763 45.394390 -26.878710 -12.369478 14.698527 -9.366523 -12.392133 12.195181 38.628689 90.580482 76.643280 -29.344681 
5.547905 95.365135 17.529068 -176.759583 4.229167 173.850876 6.181263 -9.701429 -25.677938 -4.226563 6.456472 53.939560 2.248413 17.979931 -15.588350 6.967225 7.448529 -16.615919 1.653448 5.554347 -25.231176 8.512284 -3.157180 52.903786 -6.646042 -15.853012 -23.564657 19.538908 13.853687 4.354529 4.697159 -0.159132 18.994337 -3.068393 -1.200090 9.970764 2.525782 2.828874 -5.541715 -0.191099 8.676195 16.454403 1.830233 -2.545036 -19.154192 16.991619 -39.035812 -12.181765 -0.760780 -47.094456 -27.133959 10.974611 -9.488381 7.759303 17.516104 -14.042938 35.791752 -88.417862 -75.182655 -33.391785 -22.706001 38.365944 -13.776659 2.078828 45.081100 -27.354240 -12.330935 15.015970 -9.057579 -12.644844 12.179046 38.411175 90.866547 76.679337 -29.105030 
5.594246 94.407700 17.665604 -176.797516 4.111180 173.792114 6.445921 -9.830261 -27.111965 -4.247106 6.926642 56.248730 2.199427 18.135914 -16.014286 6.875246 7.486650 -16.565996 1.349498 5.656133 -26.534533 8.661312 -3.774613 55.125290 -6.602048 -16.030195 -24.303579 19.601715 13.805336 4.457267 4.639626 -0.308850 19.887619 -3.153584 -1.191437 9.788722 2.558927 2.785681 -5.379036 -0.351551 8.577655 16.258802 1.934209 -2.353999 -20.077139 17.422739 -38.956909 -12.332108 -0.289092 -46.930073 -27.647865 11.080009 -9.532990 7.788946 17.407717 -13.966344 35.573372 -88.636833 -75.224419 -33.259377 -23.288921 38.296009 -13.995906 1.481450 44.867809 -27.957943 -12.286371 15.225200 -8.861354 -12.795789 12.156872 38.161526 91.194870 76.715157 -28.832098 
5.637917 93.427162 17.805193 -176.835739 4.000921 173.738007 6.738878 -9.948891 -28.592176 -4.275947 7.417962 58.603107 2.286838 18.275814 -16.297770 6.497060 7.494812 -16.557444 1.033632 5.767052 -27.868134 8.768638 -4.411815 57.377033 -6.517778 -16.153519 -25.041466 19.668518 13.692572 4.628033 4.571960 -0.430897 20.763962 -3.205873 -1.211077 9.686861 2.598363 2.750533 -5.324471 -0.531207 8.457379 16.257017 2.008064 -2.144663 -21.182796 17.784313 -38.877529 -12.379047 0.217937 -46.742397 -28.265299 11.181844 -9.635444 7.942346 17.111475 -13.768296 35.298717 -88.994194 -75.266899 -32.935707 -23.860359 38.259659 -14.163772 0.903228 44.681484 -28.623449 -12.258561 15.374854 -8.812589 -12.786103 12.075557 37.942890 91.569359 76.767593 -28.513464 
5.681934 92.430008 17.944986 -176.868240 3.854226 173.669312 7.030968 -10.058849 -30.103828 -4.280205 7.865020 60.998497 2.130433 18.351616 -16.593781 6.590757 7.629298 -16.536573 0.701047 5.854027 -29.191250 8.820405 -5.083040 59.610649 -6.336027 -16.221151 -25.705521 19.441702 13.676222 4.582534 4.503115 -0.587891 21.616932 -3.269023 -1.224429 9.554511 2.666507 2.672989 -5.088119 -0.703194 8.386872 16.092276 2.042815 -1.966376 -22.274437 18.234735 -38.714752 -12.563733 0.695969 -46.586330 -28.840277 11.305763 -9.692953 7.921947 16.712109 -13.632639 35.202499 -89.242554 -75.296600 -32.803322 -24.458132 38.194038 -14.496244 0.355194 44.573853 -29.339834 -12.233809 15.447045 -8.798947 -12.712412 11.989557 37.697048 91.907516 76.809654 -28.257647 
5.720379 91.404503 18.080317 -176.914337 3.693775 173.577423 7.375720 -10.226568 -31.678190 -4.367904 8.394932 63.467159 2.130763 18.579929 -16.811876 6.733021 7.641406 -16.554310 0.294606 5.911583 -30.525499 8.973865 -5.829436 61.846581 -7.050356 -16.609356 -26.055305 21.188795 13.393267 5.126827 4.392444 -0.778953 22.477734 -3.313690 -1.178657 9.392807 2.779958 2.583711 -4.909441 -1.179190 8.287965 16.570259 2.367643 -1.697301 -23.918625 18.724222 -38.533783 -12.896703 0.834506 -46.447456 -28.975485 11.473073 -9.729221 7.535510 16.246733 -13.525826 35.222054 -90.028427 -75.333717 -32.164433 -25.048988 38.116570 -14.681576 -0.181166 44.475159 -30.069298 -12.208672 15.506050 -8.935207 -12.687110 11.805583 37.450569 92.388168 76.861595 -27.817842 
5.754215 90.364647 18.209515 -176.968109 3.566721 173.572372 7.701749 -10.291596 -33.280586 -4.368863 8.901194 65.869713 2.198395 18.506292 -16.846813 6.205597 7.863515 -16.362450 -0.063854 5.989743 -31.977697 8.892699 -6.466642 64.188423 -6.395791 -16.449146 -26.744886 19.819422 13.605253 4.792478 4.287251 -0.863648 23.387405 -3.325453 -1.245223 9.220177 2.830940 2.514140 -4.941895 -1.036032 8.185045 16.302551 2.071749 -1.642574 -24.655001 19.052744 -38.381268 -12.601226 1.485158 -46.297520 -29.967512 11.493889 -9.823233 8.119184 16.168871 -13.215747 34.545933 -89.910553 -75.362831 -32.375225 -25.501860 38.108685 -14.817290 -0.574551 44.445595 -30.736088 -12.243612 15.533462 -8.840383 -12.576483 11.719461 36.923210 92.550156 76.877159 -27.761425 
5.782162 89.310036 18.328512 -177.034683 3.398209 173.536713 8.036057 -10.400471 -34.891972 -4.541616 9.386555 68.252892 2.156344 18.707125 -16.886580 6.109126 7.780354 -16.438723 -0.497868 6.007491 -33.396912 8.868340 -7.128206 66.521408 -6.112787 -16.326382 -27.294943 19.373608 13.528939 4.836348 4.147417 -0.960691 24.284992 -3.299853 -1.346788 8.997362 2.925141 2.483138 -4.873754 -1.339250 7.931943 16.386181 2.136617 -1.308242 -25.803860 19.415754 -38.348621 -12.617080 1.849017 -45.983303 -30.309578 11.488564 -9.874285 8.104191 16.170307 -13.046080 34.146442 -90.227150 -75.407471 -32.154461 -25.989340 38.174919 -15.044333 -0.919273 44.281567 -31.116335 -12.260680 15.521899 -9.026416 -12.543662 11.654811 36.586399 93.001205 76.942162 -27.394394 
5.798996 88.244850 18.440454 -177.096542 3.235659 173.495163 8.393689 -10.493114 -36.508801 -4.744457 9.880187 70.641953 2.151238 18.841295 -16.935621 5.921919 7.818839 -16.401693 -0.960780 6.003209 -34.829750 8.906609 -7.762591 68.871773 -6.012634 -16.228039 -27.697786 19.363400 13.490584 4.922442 4.002101 -1.076856 25.135633 -3.260491 -1.408280 8.816547 3.022279 2.435080 -4.807484 -1.566557 7.787558 16.572323 2.160062 -1.105433 -27.016102 19.795801 -38.218239 -12.591779 2.173531 -45.763889 -30.696634 11.430701 -9.929868 8.160186 16.455423 -12.845153 33.603733 -90.584053 -75.446678 -31.937775 -26.426910 38.221848 -15.213103 -1.299990 44.148491 -31.587366 -12.223898 15.525793 -9.030797 -12.605672 11.570145 36.138168 93.371964 76.987991 -27.105822 
5.800919 87.162804 18.534597 -177.166626 3.076491 173.480331 8.752250 -10.515456 -38.170532 -5.190997 10.291753 72.985550 1.962913 19.261862 -17.085541 5.897110 7.441384 -16.358559 -1.443129 5.908650 -36.330570 9.084838 -8.307528 71.270302 -5.671509 -16.241091 -28.175667 18.929689 13.660220 4.926862 3.855993 -1.148387 25.859272 -3.175209 -1.554062 8.676605 3.080064 2.471337 -4.648545 -2.078760 7.488826 17.015675 2.414480 -0.715823 -28.570879 20.456736 -38.099350 -12.810158 2.192825 -45.471264 -30.916239 11.371085 -10.017885 8.317743 16.937319 -12.526707 32.839901 -91.269203 -75.500870 -31.454918 -26.890335 38.258236 -15.481082 -1.667028 43.955448 -31.863493 -12.137115 15.447109 -9.082658 -12.811778 11.502744 35.751614 93.489471 77.054047 -27.061750 
5.786201 86.074669 18.614862 -177.221893 2.889675 173.398376 9.139891 -10.635652 -39.697903 -5.209212 10.865202 75.336983 2.014231 18.905746 -17.102880 5.516571 7.886996 -16.324699 -1.987873 5.866167 -37.673744 9.002525 -9.050436 73.581322 -5.702236 -15.835667 -28.482035 19.341707 13.424102 5.100670 3.739572 -1.321469 26.747910 -3.136453 -1.531093 8.537287 3.186759 2.355045 -4.752028 -2.099752 7.471962 17.006416 2.253843 -0.753777 -29.403561 20.429482 -38.003029 -12.326062 2.913378 -45.347923 -31.582684 11.257787 -10.032253 8.133868 17.335085 -12.364305 32.636597 -91.307701 -75.524620 -31.531553 -27.169138 38.375122 -15.398615 -2.104858 43.842648 -32.527218 -12.132579 15.495270 -8.843426 -12.843611 11.427111 35.364651 94.118126 77.080208 -26.525915 
5.760120 84.970619 18.684675 -177.273010 2.717993 173.320541 9.519671 -10.651386 -41.239479 -5.400984 11.339867 77.662437 1.950384 18.858755 -17.199093 5.310618 7.810454 -16.323257 -2.521895 5.741973 -39.069233 9.064079 -9.677001 75.948425 -5.440982 -15.542286 -28.869736 19.056049 13.451962 5.166487 3.626487 -1.456537 27.592949 -3.058919 -1.593480 8.478930 3.249783 2.326059 -4.909045 -2.381339 7.334432 17.207907 2.334435 -0.587654 -30.481031 20.637669 -37.955029 -12.128080 3.280459 -45.140026 -32.011951 11.199045 -10.075014 8.058638 17.751373 -12.135281 32.322781 -91.643600 -75.561180 -31.349043 -27.446627 38.518806 -15.364747 -2.606129 43.652458 -32.987087 -12.047162 15.452380 -8.793281 -12.940324 11.359028 35.116543 94.338570 77.129738 -26.379332 
5.720592 83.851868 18.755136 -177.305939 2.552565 173.176407 9.904930 -10.626308 -42.698380 -5.476361 11.809670 80.009521 1.871274 18.548721 -17.336418 5.134090 7.944509 -16.255056 -3.055773 5.587893 -40.405479 9.105877 -10.333917 78.316048 -5.383750 -15.189692 -29.096857 19.196762 13.398922 5.178817 3.530802 -1.619807 28.605661 -2.979262 -1.627621 8.301421 3.297323 2.270448 -4.973133 -2.495765 7.386964 16.915169 2.299080 -0.649309 -31.099981 20.994583 -37.773495 -12.225029 3.378209 -45.047039 -32.126560 11.280083 -10.114016 7.882490 17.965630 -11.884500 32.004364 -91.952301 -75.595177 -31.188841 -27.825502 38.509651 -15.600242 -2.907173 43.582619 -33.093628 -12.022731 15.401460 -8.774906 -12.971951 11.249985 34.711281 94.827133 77.166199 -25.971685 
5.675293 82.700043 18.819790 -177.337509 2.399523 173.022171 10.330425 -10.516530 -44.166691 -5.704523 12.275130 82.347687 1.709608 18.298962 -17.575722 5.290907 7.984135 -16.240049 -3.616290 5.392014 -41.787724 9.237306 -10.967862 80.745232 -5.268999 -14.880190 -29.343348 19.087561 13.533482 5.076199 3.450196 -1.783917 29.544006 -2.932617 -1.642119 8.249748 3.331658 2.209120 -5.084752 -2.574353 7.527710 16.549953 2.297833 -0.791693 -31.578442 21.611900 -37.558025 -12.527482 3.193148 -44.963715 -32.090042 11.462375 -10.178120 7.551713 18.053116 -11.614858 31.847754 -92.265251 -75.639679 -31.035170 -28.206091 38.470226 -15.819347 -3.298404 43.513214 -33.250824 -11.938651 15.307446 -8.963873 -13.039976 11.139075 34.476730 95.002052 77.190132 -25.913080 
5.626305 81.515289 18.885431 -177.383514 2.248062 172.894333 10.809465 -10.399459 -45.622368 -5.972655 12.827558 84.630768 1.770262 17.894491 -17.777195 4.866295 7.991063 -16.115582 -4.218444 5.195382 -43.215324 9.241123 -11.635823 83.214439 -5.151535 -14.293229 -29.589806 19.111271 13.246007 5.198122 3.338050 -1.944651 30.513493 -2.821266 -1.668090 8.177724 3.325602 2.156627 -5.354610 -2.705754 7.486620 16.020618 2.292893 -0.737762 -31.741100 21.787313 -37.459045 -12.325418 3.535097 -44.814522 -32.448936 11.548633 -10.281507 7.553407 18.110184 -11.188484 31.389198 -92.495079 -75.633209 -30.920254 -28.479815 38.518227 -15.826826 -3.798105 43.406906 -33.547512 -11.818684 15.240767 -8.892896 -13.084734 10.958008 33.967953 95.285187 77.226067 -25.668049 
5.579178 80.306129 18.939560 -177.454117 2.116863 172.761963 11.292758 -10.210861 -47.048798 -6.376778 13.389247 86.850220 2.022393 17.530169 -17.899820 4.271379 7.959755 -16.314943 -4.887990 4.985409 -44.668060 9.296534 -12.308731 85.692368 -5.020263 -13.768261 -29.832458 19.146919 13.304841 5.491621 3.221913 -2.047275 31.323692 -2.756388 -1.734032 8.207298 3.363226 2.121529 -5.534982 -3.001119 7.439674 15.857763 2.485139 -0.560579 -32.273716 22.067987 -37.431210 -12.324875 3.722287 -44.573799 -32.509647 11.694613 -10.365115 7.056822 18.053442 -10.910786 31.449795 -92.984299 -75.737495 -30.635853 -28.789255 38.644142 -15.937334 -4.299784 43.146301 -33.778770 -11.652980 15.195229 -9.126621 -13.016717 10.770869 33.836590 95.773163 77.306778 -25.092077 
5.537697 79.095093 18.981878 -177.497025 1.971504 172.623856 11.802352 -10.058339 -48.466145 -6.745626 13.913622 89.072136 1.874635 16.966534 -18.291588 4.475028 8.089552 -16.100372 -5.552257 4.789329 -46.112991 9.320527 -12.979019 88.133011 -4.750679 -13.064094 -29.937582 18.812925 13.391553 5.216878 3.108122 -2.205086 32.096508 -2.677829 -1.745637 8.087842 3.383688 2.058291 -5.504029 -2.906235 7.620144 15.671412 2.327245 -0.707990 -32.700405 22.183298 -37.496788 -12.178264 4.185941 -44.286213 -32.886669 11.780454 -10.383931 6.887316 18.012970 -10.606468 31.296045 -92.960648 -75.710533 -30.761135 -28.962645 38.816067 -16.014006 -4.847926 42.957642 -34.176590 -11.535766 15.086647 -9.168568 -13.003334 10.690768 33.674679 96.185036 77.320335 -24.925755 
5.501232 77.890816 19.009020 -177.544724 1.865162 172.404083 12.273292 -9.818815 -49.793236 -7.268850 14.456488 91.261871 2.388561 16.714945 -18.464121 3.336374 7.915665 -16.030716 -6.195168 4.572212 -47.521442 9.508076 -13.616590 90.590744 -4.998778 -12.747739 -29.955418 20.094360 13.826762 5.660932 3.004956 -2.300630 32.680458 -2.611344 -1.763945 8.569038 3.395482 2.035161 -6.062697 -2.876532 7.928808 16.575226 2.357089 -0.923728 -34.025341 22.111822 -37.585888 -11.572461 4.738252 -44.107929 -33.755859 11.916878 -10.424430 6.600412 17.861271 -10.413044 31.555540 -93.362442 -75.787247 -30.421947 -28.735878 39.123013 -15.301797 -5.958043 42.741341 -35.252941 -11.361496 14.918845 -9.067673 -12.980368 10.551250 33.531891 96.435661 77.413185 -24.610575 
5.464329 76.686035 19.033428 -177.592972 1.745690 172.246063 12.729224 -9.621305 -51.020992 -7.567222 14.940889 93.331459 2.136497 16.010916 -18.888224 4.101330 8.142673 -16.001297 -6.833601 4.370004 -48.862976 9.496090 -14.077061 92.948044 -4.470663 -11.592261 -30.038795 18.917957 13.375771 5.312189 2.873059 -2.420589 33.580257 -2.534798 -1.800015 8.122159 3.483237 2.014651 -5.792343 -3.161509 7.758599 15.865002 2.428538 -0.627824 -34.009674 22.295582 -37.804813 -11.891108 4.698314 -43.726910 -33.663494 11.956663 -10.468651 6.264418 17.973141 -10.182623 31.693783 -93.574463 -75.777649 -30.457706 -29.130465 39.451252 -15.714291 -6.022980 42.317860 -35.312717 -11.358958 14.928447 -9.360277 -12.836614 10.598009 33.720436 96.928642 77.427368 -24.333302 
5.428513 75.473045 19.047760 -177.651337 1.669500 172.016937 13.177162 -9.352754 -52.223473 -7.895216 15.510345 95.426575 2.250540 15.565285 -19.160448 3.972029 8.169557 -15.973933 -7.428590 4.155700 -50.216957 9.600164 -14.530498 95.351326 -4.281594 -10.834064 -29.975592 18.677919 13.397819 5.203429 2.737638 -2.516123 34.347893 -2.465122 -1.782932 8.108734 3.508730 1.993861 -5.871519 -3.190735 7.881895 15.543569 2.407570 -0.701105 -34.237061 22.488707 -37.873230 -11.912535 4.773241 -43.504978 -33.792480 11.952409 -10.512411 6.043116 18.228531 -9.939461 31.582403 -93.791000 -75.802719 -30.391853 -29.198689 39.684212 -15.654564 -6.473674 42.055622 -35.585754 -11.278565 14.868966 -9.467858 -12.965595 10.510020 33.480164 97.233459 77.459213 -24.095495 
5.393494 74.263466 19.053423 -177.697708 1.605211 171.736908 13.610297 -9.065169 -53.363987 -8.180805 16.090866 97.499298 2.433028 15.201255 -19.388186 3.682883 8.140104 -15.954793 -7.992959 3.932488 -51.490143 9.695478 -14.997503 97.708900 -4.144452 -10.164862 -29.923355 18.718611 13.427365 5.237525 2.605495 -2.630012 35.170773 -2.401236 -1.768237 8.105761 3.508216 1.991327 -6.006827 -3.189459 8.022300 15.154305 2.395185 -0.798723 -34.320992 22.718800 -37.809376 -11.884814 4.802022 -43.409676 -33.916840 11.916033 -10.525488 5.993503 18.623095 -9.710041 31.297226 -94.023163 -75.815483 -30.345802 -29.162424 39.860229 -15.461194 -6.996791 41.886398 -35.891788 -11.179510 14.803234 -9.638290 -13.149466 10.422378 33.247288 97.432976 77.493103 -23.978159 
5.358738 73.046547 19.047106 -177.739792 1.544260 171.393082 14.018849 -8.778828 -54.436722 -8.382435 16.666372 99.582932 2.457730 14.845829 -19.624899 3.610361 8.126376 -15.923050 -8.553812 3.710797 -52.639679 9.709907 -15.451219 99.997124 -4.065929 -9.417981 -29.888117 18.858038 13.208420 5.240784 2.471857 -2.762958 36.075340 -2.346237 -1.686309 7.983116 3.513595 1.943938 -6.008962 -3.170404 8.184364 14.785656 2.354223 -0.928145 -34.457478 22.939201 -37.695393 -11.960251 4.787662 -43.368671 -33.841099 11.844246 -10.535686 5.866186 19.023275 -9.445003 30.916456 -94.391617 -75.845940 -30.109367 -29.172737 39.984253 -15.406329 -7.381617 41.721474 -36.089382 -11.071521 14.802655 -9.691299 -13.329142 10.261791 32.878704 97.819054 77.520432 -23.654047 
5.319521 71.810059 19.027037 -177.742630 1.542496 170.726532 14.516649 -8.552733 -55.297707 -8.650176 17.378727 101.797165 1.902484 14.710313 -20.432289 4.452016 7.985430 -14.491557 -9.075525 3.540100 -53.426414 9.966514 -16.165588 102.091103 -6.613590 -9.796989 -28.901175 24.496691 12.773717 3.965820 2.450285 -2.736483 37.285675 -2.221605 -1.811432 6.896922 3.432221 1.768110 -4.329187 -2.787662 9.383100 15.156528 2.300933 -2.030580 -35.896614 24.273262 -36.519081 -13.989303 3.140587 -44.059525 -32.398697 12.094831 -10.467079 5.460378 19.266039 -9.244219 30.584589 -94.560791 -75.731209 -30.256456 -29.298487 39.044376 -16.160789 -7.697597 42.654015 -36.551216 -11.015451 14.564891 -8.401077 -13.938325 10.079364 31.169832 98.924477 77.327866 -22.902517 
5.287838 70.558914 18.992085 -177.861237 1.459432 170.695068 14.781352 -8.126226 -56.646393 -8.616488 17.844524 103.793633 2.536220 14.112493 -19.845610 3.354895 8.223962 -15.816468 -9.740377 3.289513 -54.959869 9.664832 -16.409376 104.513786 -3.504609 -8.024213 -29.963474 18.188879 13.451362 5.096364 2.201350 -2.961884 37.683041 -2.238473 -1.589231 7.785127 3.490784 1.898892 -5.901732 -3.067828 8.488812 13.920676 2.229612 -1.187765 -34.629452 23.406982 -37.389942 -12.058357 4.793644 -43.310635 -33.721584 11.593792 -10.559922 5.760482 19.709101 -9.011370 29.999542 -94.572708 -75.901718 -30.224255 -29.131359 40.101158 -15.275760 -8.133645 41.543835 -36.457340 -10.797645 14.726609 -9.992648 -13.580866 9.994421 32.220650 98.370964 77.588829 -23.270578 
5.258799 69.299850 18.943169 -177.929321 1.420843 170.291718 15.152655 -7.761727 -57.708656 -8.774702 18.473101 105.872429 2.683505 13.914418 -19.809246 2.978501 7.991009 -15.913083 -10.305882 3.022287 -56.050262 9.551262 -16.865307 106.769615 -3.497757 -7.447653 -29.980024 18.564123 13.294059 5.208292 2.098072 -3.089061 38.470871 -2.242961 -1.523784 7.832541 3.451462 1.888305 -6.104006 -3.105357 8.571095 13.880416 2.282219 -1.199182 -35.040474 23.572470 -37.270401 -11.843551 4.827130 -43.282616 -33.874775 11.477411 -10.640665 6.129399 19.899357 -8.754265 29.227194 -94.981003 -75.925140 -30.052069 -29.022615 40.148811 -14.902783 -8.594805 41.435490 -36.836063 -10.572582 14.725416 -9.944809 -13.736638 9.778165 31.723289 98.568138 77.605713 -23.106495 
5.233887 68.036285 18.880276 -178.011795 1.374694 169.900803 15.513265 -7.431277 -58.799107 -8.762787 19.062218 107.997917 2.628490 13.432137 -19.853739 3.006243 8.243722 -15.747019 -10.886377 2.791930 -57.158508 9.333503 -17.331293 109.013290 -3.223616 -6.905930 -30.008558 18.074480 13.485485 5.097345 1.962166 -3.191826 39.246277 -2.224049 -1.459333 7.543020 3.439161 1.833534 -5.783142 -3.047708 8.696837 13.347452 2.210950 -1.302844 -35.127777 23.782833 -37.128956 -12.097882 4.701927 -43.231136 -33.415035 11.381824 -10.660575 6.071973 19.967407 -8.590960 28.742571 -94.964355 -75.940620 -30.129702 -29.156075 40.082123 -15.178086 -8.588868 41.389347 -36.641376 -10.421140 14.768386 -10.119270 -13.753704 9.639372 31.502579 98.951714 77.651764 -22.854664 
5.210869 66.774994 18.798933 -178.089096 1.319963 169.452377 15.911007 -7.110854 -59.798031 -8.864845 19.723537 110.025360 2.671068 13.227471 -19.882298 2.657065 7.907839 -15.518229 -11.452163 2.494607 -58.140541 9.149633 -17.780380 111.204697 -3.284803 -6.485141 -30.093828 18.593542 13.139352 5.540703 1.873023 -3.317771 39.974453 -2.234596 -1.429428 7.638075 3.372239 1.858371 -6.009972 -3.235523 8.592485 13.561577 2.407819 -1.081817 -35.782791 23.829382 -37.129967 -11.917029 4.684454 -43.166935 -33.384064 11.328881 -10.729218 6.409454 19.917051 -8.408318 28.082804 -95.627113 -76.038918 -29.710499 -28.930767 40.044571 -14.675717 -9.071873 41.351177 -37.086967 -10.200328 14.765417 -10.007457 -13.805980 9.480518 31.178186 99.237404 77.670677 -22.693945 
5.187614 65.516937 18.699465 -178.201889 1.278866 169.054184 16.238865 -6.789336 -60.859558 -8.725034 20.240335 112.108940 2.525251 12.610919 -19.858997 2.793581 8.262056 -15.708261 -12.009246 2.237154 -59.220810 8.819904 -18.116428 113.426605 -2.807683 -5.868499 -30.050280 17.639175 13.472500 5.019034 1.730991 -3.407914 40.662167 -2.234255 -1.344606 7.359093 3.365795 1.770455 -5.689353 -3.104152 8.813615 12.997463 2.262073 -1.313995 -35.784195 23.977295 -37.001595 -12.089328 4.567255 -43.152847 -33.063164 11.281889 -10.736076 6.424025 19.769819 -8.328835 27.604086 -95.410927 -75.987762 -29.981390 -29.213053 40.029099 -15.089939 -8.824096 41.235462 -36.731586 -10.056183 14.840751 -9.961908 -13.792876 9.362819 30.941425 99.463982 77.704346 -22.487823 
5.167389 64.269951 18.582266 -178.295105 1.245629 168.609787 16.645475 -6.467695 -61.837048 -8.683602 20.843349 114.101227 2.508265 12.230731 -19.792284 2.627856 8.088122 -15.793386 -12.495794 1.942478 -60.183178 8.493730 -18.387499 115.606987 -2.768267 -5.367944 -30.117691 17.913383 13.157931 5.282123 1.633422 -3.501908 41.316227 -2.266617 -1.301248 7.388348 3.352799 1.765005 -5.872441 -3.400785 8.676574 13.270973 2.524141 -1.013129 -36.452271 23.867819 -37.047985 -11.762291 4.663713 -43.094131 -33.167408 11.205044 -10.771346 6.778894 19.682165 -8.212691 26.998850 -95.982559 -76.026939 -29.640486 -29.091249 40.048115 -14.667411 -9.141912 41.129116 -37.047176 -9.782538 14.885587 -9.720826 -13.886749 9.220304 30.771526 99.748863 77.753479 -22.232494 
5.144360 63.037930 18.450064 -178.397186 1.194432 168.219543 16.998053 -6.182673 -62.852230 -8.544220 21.365992 116.094246 2.404870 11.709579 -19.836775 2.568862 8.269629 -15.619486 -13.051862 1.694407 -61.179024 8.179581 -18.736732 117.703247 -2.434344 -4.942231 -30.116362 17.323088 13.475651 4.951029 1.502535 -3.597130 41.901596 -2.248038 -1.236671 7.146523 3.313016 1.711806 -5.579168 -3.254720 8.905462 12.991672 2.406685 -1.228642 -36.696217 23.955088 -37.030739 -11.985825 4.462777 -43.063828 -32.757599 11.178316 -10.726583 6.734269 19.551039 -8.232862 26.713568 -95.870285 -76.035316 -29.806158 -29.193962 40.003242 -14.977952 -8.968199 41.073444 -36.724983 -9.560572 14.938169 -9.380018 -13.924209 9.130673 30.513756 99.917572 77.756424 -22.149092 
5.119684 61.827782 18.304411 -178.498505 1.162931 167.788406 17.336290 -5.898782 -63.773739 -8.488073 21.919691 117.985954 2.428441 11.379457 -19.822315 2.320241 8.236994 -15.630684 -13.523160 1.445248 -62.087654 7.877276 -18.997641 119.751923 -2.334523 -4.615619 -30.154253 17.372677 13.463927 4.983747 1.392064 -3.644201 42.483421 -2.228902 -1.195133 7.098748 3.304980 1.685699 -5.609204 -3.311584 8.945491 13.075099 2.430786 -1.202250 -37.177238 23.820061 -37.148918 -11.832086 4.407915 -42.977642 -32.614262 11.205239 -10.758042 6.906002 19.524996 -8.168393 26.284657 -96.173256 -76.046608 -29.641695 -29.138672 40.070122 -14.974421 -8.936266 40.924023 -36.514599 -9.272451 15.025064 -8.950288 -14.072984 9.036541 30.336935 100.272133 77.783836 -21.864639 
5.089211 60.651928 18.152056 -178.598038 1.114954 167.370300 17.641264 -5.653598 -64.657967 -8.447042 22.453041 119.790367 2.387162 11.101181 -19.828114 2.312868 8.266373 -15.648707 -13.969510 1.194185 -62.955750 7.572237 -19.208717 121.728584 -2.108045 -4.305079 -30.210485 17.130522 13.481706 4.977931 1.295160 -3.688697 43.046783 -2.217532 -1.170813 6.985604 3.326421 1.665310 -5.584135 -3.467234 8.934155 13.162213 2.513353 -1.118370 -37.662548 23.689951 -37.341637 -11.701227 4.284553 -42.851276 -32.499821 11.284688 -10.780101 7.104154 19.546812 -8.150467 25.961479 -96.426682 -76.064644 -29.562101 -29.111853 40.184864 -14.965614 -8.879068 40.717121 -36.363075 -8.976540 15.118189 -8.435131 -14.177791 8.978732 30.178978 100.453629 77.819962 -21.744322 
5.063566 59.497253 17.999989 -178.689209 1.114923 166.934601 17.922274 -5.387888 -65.450630 -8.459476 23.008247 121.513756 2.450865 11.018882 -19.900307 2.171037 8.174181 -15.620907 -14.332545 0.979725 -63.778584 7.314475 -19.406860 123.655037 -2.178210 -4.184768 -30.293049 17.524832 13.459987 5.054940 1.213108 -3.699528 43.599415 -2.218587 -1.145896 6.822982 3.350687 1.636865 -5.417044 -3.608540 9.008934 13.234713 2.606991 -1.111272 -38.156189 23.771318 -37.438015 -11.867312 3.798162 -42.798386 -32.295658 11.464488 -10.858865 7.317684 19.564302 -8.115502 25.742777 -96.763657 -76.085373 -29.383759 -29.146532 40.257412 -15.097752 -8.703291 40.576138 -36.156269 -8.756069 15.232566 -7.918689 -14.292770 8.880774 30.074236 100.615150 77.859909 -21.615524 
5.037554 58.383221 17.849100 -178.774734 1.073242 166.436295 18.131144 -5.198420 -66.141090 -8.503979 23.555492 123.160896 2.464857 11.109316 -20.044683 2.035302 7.915687 -15.419433 -14.641346 0.760905 -64.455956 7.071995 -19.540693 125.489471 -2.237380 -4.153710 -30.364202 17.908415 13.568301 5.126418 1.095363 -3.769632 44.244022 -2.209467 -1.095214 6.692126 3.366921 1.659187 -5.328041 -3.946008 8.904013 13.469877 2.873242 -0.914850 -38.807961 23.716223 -37.644650 -11.953607 3.478436 -42.698650 -31.748674 11.671103 -10.834228 6.952870 19.690048 -8.176175 25.849323 -97.241806 -76.184860 -29.043961 -28.969023 40.232273 -14.966949 -8.774254 40.523975 -36.094337 -8.510419 15.314425 -7.212851 -14.501701 8.708342 29.712517 100.903427 77.854675 -21.382847 
5.011019 57.308254 17.700176 -178.872101 1.069360 165.982025 18.375927 -5.045373 -66.800720 -8.441674 24.072128 124.712746 2.456421 10.945149 -20.012833 2.189441 8.164155 -15.635465 -14.912124 0.629829 -65.187630 6.785938 -19.569397 127.283043 -1.848073 -3.796129 -30.466562 17.086731 13.389295 5.061749 0.980825 -3.782631 44.867680 -2.154277 -1.058031 6.806259 3.364124 1.616335 -5.753240 -3.791755 9.001637 13.249042 2.611468 -0.985652 -38.710968 23.324993 -37.779831 -11.206180 3.744236 -42.648083 -32.153549 11.581383 -10.898054 7.617617 20.064838 -7.857452 25.206196 -97.361420 -76.125038 -28.985319 -28.667183 40.613731 -14.468717 -9.019100 40.240604 -36.059452 -8.234213 15.405325 -6.992935 -14.760779 8.663614 29.645857 100.871162 77.889557 -21.468573 
4.981560 56.273197 17.552269 -178.973206 1.067921 165.505112 18.498182 -4.938498 -67.416870 -8.285502 24.465418 126.280304 2.441981 10.891644 -20.113274 2.145851 8.282832 -15.566198 -15.142479 0.556669 -65.861794 6.548496 -19.614733 128.982849 -1.577763 -3.708442 -30.544119 16.636124 13.498295 4.900135 0.836572 -3.772314 45.525265 -2.078559 -1.019368 6.574927 3.382151 1.579825 -5.572031 -3.816907 9.138193 12.888202 2.570293 -1.080635 -38.742867 23.350817 -37.771423 -11.303940 3.469116 -42.599403 -31.666466 11.525853 -10.943041 7.669205 20.360819 -7.675088 24.980631 -97.226585 -76.125206 -29.316908 -28.544664 40.667267 -14.509276 -8.988849 40.233768 -35.689129 -8.077601 15.445150 -6.727870 -14.962879 8.524659 29.301958 101.146019 77.910561 -21.262932 
4.951611 55.274734 17.405098 -179.058624 1.076291 165.025589 18.596113 -4.861019 -67.986801 -8.119186 24.829231 127.789742 2.442645 10.963722 -20.218061 2.132724 8.291121 -15.545394 -15.287477 0.508814 -66.490044 6.326969 -19.585064 130.622238 -1.451162 -3.653260 -30.630747 16.524456 13.501221 4.884340 0.729299 -3.772756 46.140564 -2.028868 -0.978419 6.519119 3.401417 1.574916 -5.636998 -3.914035 9.202599 12.731796 2.590848 -1.103374 -38.876839 23.297539 -37.838272 -11.244886 3.280894 -42.535122 -31.294645 11.432426 -10.980846 7.823738 20.658316 -7.444235 24.751467 -97.378487 -76.138657 -29.311430 -28.339769 40.842289 -14.324289 -9.090148 40.120304 -35.493526 -7.890796 15.474398 -6.575271 -15.246680 8.405245 28.990063 101.299927 77.928757 -21.170450 
4.902508 54.326836 17.263920 -179.139282 1.080306 164.577835 18.655470 -4.806750 -68.544479 -7.927330 25.154572 129.246490 2.424142 11.090120 -20.382212 2.145389 8.315699 -15.528405 -15.411820 0.499242 -67.101570 6.108906 -19.536947 132.148087 -1.333335 -3.634473 -30.705133 16.453156 13.489563 4.859388 0.657781 -3.808394 46.653465 -2.021629 -0.949503 6.519099 3.395159 1.579591 -5.710329 -4.026972 9.288310 12.543294 2.640848 -1.118719 -39.026142 23.262877 -38.022869 -11.190619 3.204674 -42.335781 -31.065571 11.262940 -10.996593 7.990252 20.826340 -7.290267 24.785286 -97.540924 -76.153366 -29.294916 -28.186127 41.131836 -14.158603 -9.260282 39.908756 -35.523994 -7.672304 15.399158 -6.577110 -15.434319 8.355679 28.918653 101.491035 77.951248 -21.042164 
4.851295 53.418747 17.124508 -179.213104 1.079301 164.134171 18.688868 -4.768805 -69.076965 -7.742798 25.474134 130.648239 2.523729 11.310107 -20.523270 1.974235 8.295670 -15.520007 -15.560878 0.511246 -67.687286 5.929451 -19.538103 133.596344 -1.297979 -3.669395 -30.770325 16.598692 13.543262 4.879805 0.625832 -3.845583 47.091862 -2.032804 -0.954275 6.646365 3.373351 1.599558 -5.898197 -4.045718 9.413974 12.483885 2.641517 -1.187319 -39.264229 23.272375 -38.192879 -10.999444 3.237582 -42.118992 -31.199291 11.014995 -11.063110 8.379824 20.887127 -7.072528 24.768446 -97.902512 -76.141014 -29.114285 -28.020325 41.465244 -13.929595 -9.464351 39.693596 -35.674522 -7.515076 15.273829 -6.758554 -15.531829 8.351312 28.963621 101.577415 77.987099 -21.000874 
4.802214 52.551624 16.984606 -179.271057 1.073656 163.731171 18.730597 -4.766777 -69.589645 -7.494013 25.720034 131.998795 2.495190 11.437418 -20.720467 2.025594 8.337822 -15.516218 -15.783743 0.559465 -68.247520 5.726504 -19.552429 134.951614 -1.133519 -3.507988 -30.815212 16.306271 13.465598 4.880544 0.585792 -3.905128 47.525539 -2.023986 -0.915364 6.639394 3.363753 1.606757 -5.954656 -4.192372 9.432099 12.364796 2.727349 -1.127943 -39.468033 23.139494 -38.427303 -10.975842 3.296763 -41.906063 -30.957079 10.799728 -10.991587 8.341941 20.791140 -7.101217 25.129911 -97.875801 -76.184692 -29.243832 -27.977736 41.755138 -13.883192 -9.500963 39.502632 -35.773899 -7.433979 15.162360 -6.899948 -15.537419 8.355077 28.959919 101.796173 77.991661 -20.855326 
4.760101 51.731590 16.844044 -179.310089 1.082226 163.345352 18.751375 -4.759055 -70.072197 -7.270068 25.940248 133.282257 2.416446 11.619169 -20.942284 2.199297 8.405231 -15.481153 -15.945357 0.621268 -68.792603 5.578108 -19.569225 136.230103 -1.072314 -3.423435 -30.822046 16.389711 13.430202 4.816863 0.579911 -3.968403 47.891647 -2.039351 -0.871827 6.649089 3.354258 1.610313 -5.970924 -4.293681 9.520790 12.346684 2.798153 -1.132992 -39.785984 23.068041 -38.614056 -10.936381 3.329258 -41.717369 -30.910088 10.628811 -10.983723 8.485159 20.583300 -7.067981 25.443624 -98.050308 -76.197029 -29.179537 -27.990931 42.031891 -13.959809 -9.410804 39.343719 -35.786884 -7.476090 15.062252 -7.116084 -15.352200 8.360787 29.037479 102.006516 78.020813 -20.675884 
4.719095 50.960991 16.707207 -179.342911 1.090907 162.980316 18.770000 -4.744393 -70.516243 -7.071347 26.155582 134.474289 2.444778 11.808133 -21.117367 2.251054 8.454453 -15.465132 -16.060476 0.656706 -69.321419 5.510567 -19.608152 137.411987 -1.060111 -3.397011 -30.822269 16.449268 13.392828 4.795290 0.588278 -4.026475 48.216442 -2.052655 -0.835594 6.701046 3.319241 1.615653 -6.015579 -4.260003 9.626361 11.786077 2.741749 -1.246154 -39.448311 23.003834 -38.819233 -10.880447 3.433747 -41.512047 -30.936108 10.458190 -10.965350 8.665605 20.299322 -7.061252 25.744476 -98.159721 -76.209785 -29.167017 -27.947958 42.280907 -14.052405 -9.340205 39.191662 -35.768677 -7.504288 14.996095 -7.317305 -15.135262 8.323221 29.117275 102.101463 78.032036 -20.606695 
4.680264 50.241100 16.570459 -179.372635 1.085750 162.638626 18.760994 -4.732468 -70.933060 -6.909690 26.367464 135.584000 2.548064 12.066252 -21.259024 2.198451 8.464702 -15.450449 -16.186356 0.634051 -69.798187 5.485127 -19.700371 138.507919 -1.142007 -3.442819 -30.817167 16.634451 13.385651 4.821471 0.620476 -4.087753 48.442116 -2.071087 -0.812266 6.856300 3.245769 1.620532 -6.087029 -4.138518 9.762126 10.842012 2.630826 -1.433926 -38.648792 22.930769 -39.063240 -10.794839 3.608220 -41.298023 -31.029152 10.324850 -10.932754 8.755210 20.011692 -7.080264 26.044067 -98.229027 -76.233391 -29.181196 -27.803659 42.568531 -14.121888 -9.307189 38.968426 -35.704277 -7.550644 15.003290 -7.534729 -14.825290 8.237136 29.305908 102.016060 78.037773 -20.676741 
4.636192 49.580891 16.435839 -179.434311 1.085779 162.347733 18.820728 -4.740026 -71.344604 -6.709497 26.616282 136.592117 2.500523 12.191589 -21.399927 2.271283 8.546852 -15.421165 -16.350998 0.601909 -70.259666 5.428640 -19.731670 139.510986 -1.112267 -3.373177 -30.808250 16.440844 13.370951 4.732934 0.636444 -4.122476 48.639606 -2.095504 -0.790891 6.859587 3.201167 1.621675 -6.002594 -4.048917 9.872941 10.155463 2.538911 -1.545499 -38.148048 22.842468 -39.415966 -10.807202 3.737848 -40.976757 -31.021976 10.248133 -10.880491 8.790743 19.775854 -7.172479 26.234688 -98.294907 -76.221710 -29.199583 -27.812365 42.866871 -14.441978 -9.073069 38.688404 -35.445847 -7.574656 15.011933 -7.664347 -14.448667 8.199149 29.367682 102.163940 78.040672 -20.553724 
4.592239 48.979744 16.299639 -179.503067 1.088200 162.078201 18.929041 -4.751012 -71.701942 -6.543454 26.927404 137.479004 2.516051 12.344838 -21.489313 2.370140 8.571820 -15.437873 -16.539194 0.561205 -70.664749 5.368686 -19.756029 140.426987 -1.130441 -3.290043 -30.817265 16.462214 13.332675 4.732965 0.657897 -4.134301 48.787270 -2.119577 -0.793755 6.916819 3.180265 1.646319 -6.022914 -4.023476 9.882242 9.856574 2.537924 -1.516093 -37.907406 22.658587 -39.892727 -10.678215 3.873418 -40.577450 -31.079327 10.299031 -10.860923 8.862690 19.496758 -7.245069 26.348412 -98.540230 -76.235580 -29.048056 -27.845306 43.249092 -14.716835 -8.789325 38.314140 -35.234627 -7.576171 15.016585 -7.605031 -14.066027 8.175620 29.467299 102.264290 78.052551 -20.470171 
4.552313 48.444057 16.166632 -179.571915 1.089345 161.826706 18.971478 -4.755366 -72.019821 -6.398507 27.167328 138.295197 2.476116 12.475970 -21.558523 2.439981 8.595359 -15.452761 -16.673870 0.525716 -71.011314 5.323160 -19.752939 141.259827 -1.152737 -3.251512 -30.836752 16.519024 13.268549 4.741251 0.701375 -4.161295 48.874664 -2.165287 -0.800037 7.020568 3.165780 1.654187 -6.051973 -4.025775 9.798512 9.767207 2.528901 -1.423641 -37.856144 22.404610 -40.377926 -10.502513 3.998770 -40.161442 -31.165363 10.462716 -10.879022 8.874121 19.165316 -7.285866 26.521149 -98.744522 -76.244362 -28.925690 -27.868622 43.585289 -14.753261 -8.689436 37.938068 -35.195148 -7.547726 15.046889 -7.532656 -13.783878 8.144639 29.497370 102.370178 78.062714 -20.383465 
4.518501 47.974312 16.037951 -179.628311 1.090122 161.582581 18.994997 -4.754678 -72.274284 -6.304235 27.424570 139.008499 2.571088 12.766188 -21.614973 2.346820 8.369779 -15.438867 -16.808281 0.479550 -71.281693 5.300074 -19.820047 141.992569 -1.555402 -3.405400 -30.840672 17.502003 13.049850 5.037431 0.759773 -4.205479 48.914082 -2.222970 -0.825005 7.266768 3.151969 1.664010 -6.270527 -4.230539 9.647405 10.221593 2.715483 -1.128204 -38.321419 22.171074 -40.765583 -10.187844 3.975526 -39.833660 -31.206764 10.784378 -10.932796 8.836853 18.870438 -7.283015 26.547626 -98.985970 -76.249825 -28.785137 -27.705915 43.835213 -14.306864 -8.904972 37.686222 -35.424889 -7.492032 15.053381 -7.464372 -13.696795 8.116850 29.465500 102.221191 78.092155 -20.588573 
4.488655 47.582844 15.921073 -179.656006 1.093931 161.461853 18.998722 -4.747892 -72.580803 -6.139515 27.481623 139.652863 2.508551 12.690376 -21.631855 2.379393 8.615704 -15.437046 -16.881821 0.457508 -71.600845 5.228950 -19.754911 142.618591 -1.165419 -3.221964 -30.904490 16.504326 13.360697 4.775209 0.793128 -4.211414 48.910427 -2.178686 -0.823341 7.284241 3.164098 1.650821 -6.147190 -4.039652 9.785661 9.932786 2.435685 -1.313921 -38.108475 22.264162 -40.958820 -10.363218 3.645174 -39.601990 -30.990664 11.083072 -11.015584 8.919892 18.656059 -7.169840 26.532118 -98.892998 -76.231331 -28.870077 -27.995718 44.019260 -14.757108 -8.457102 37.448948 -34.959282 -7.486619 15.155861 -7.271111 -13.707823 8.100604 29.348009 102.348442 78.096512 -20.431713 
4.462475 47.292480 15.820436 -179.677429 1.090294 161.326935 18.981472 -4.780128 -72.748428 -6.025002 27.558155 140.138123 2.475547 12.741233 -21.682905 2.516155 8.635290 -15.415591 -16.956890 0.461129 -71.765488 5.162216 -19.717585 143.093979 -1.136122 -3.151145 -30.913858 16.416496 13.298013 4.719973 0.826214 -4.253225 49.001724 -2.150601 -0.822155 7.324943 3.162684 1.660106 -6.193429 -4.108976 9.754377 9.996449 2.406377 -1.249314 -38.233818 22.253368 -40.984741 -10.407818 3.466430 -39.548153 -30.705568 11.222886 -11.014347 8.799559 18.560192 -7.081922 26.602285 -98.790321 -76.233856 -28.963177 -28.040297 44.021435 -14.728351 -8.348246 37.440205 -34.711571 -7.480577 15.180211 -7.202411 -13.942327 8.129218 29.242971 102.406105 78.095100 -20.379038 
4.439827 47.093563 15.737187 -179.697021 1.092049 161.218903 18.924496 -4.784861 -72.863007 -5.973319 27.621309 140.483521 2.536889 12.957848 -21.659225 2.385858 8.289788 -15.450667 -17.092602 0.483325 -71.886215 5.189388 -19.868704 143.412857 -1.011779 -3.256582 -30.978315 16.198261 13.447007 4.962922 0.856836 -4.348727 49.019711 -2.132746 -0.824121 7.604770 3.050960 1.695076 -6.552310 -4.143039 9.735817 10.377960 2.448802 -1.130514 -38.614544 22.282356 -40.802223 -10.044401 3.571696 -39.646278 -31.009628 11.141418 -11.026251 9.152414 18.569424 -6.873933 26.310566 -98.802742 -76.169228 -29.036892 -27.794989 43.977985 -14.043620 -8.745726 37.550179 -34.876183 -7.420050 15.063290 -7.435397 -14.476611 8.290781 29.352808 101.881546 78.059753 -20.958624 
4.417976 46.979034 15.670444 -179.672272 1.107038 161.177261 18.870737 -4.806758 -72.944725 -5.835837 27.476751 140.773544 2.410947 12.796658 -21.749369 2.707136 8.573601 -15.314154 -17.089447 0.525658 -71.970383 5.076803 -19.761034 143.631012 -1.067204 -3.150788 -30.882839 16.477724 13.460445 4.771284 0.944767 -4.471173 49.159878 -2.181484 -0.771627 7.320853 3.029680 1.661207 -6.202684 -4.064076 9.930012 9.839659 2.326088 -1.329632 -38.271217 22.734919 -40.452065 -10.686069 3.078601 -39.831566 -30.408602 11.151374 -11.003019 9.042722 18.622438 -6.744968 26.455120 -98.542763 -76.190842 -29.220743 -28.150389 43.615990 -14.463335 -8.341581 37.893051 -34.585152 -7.531191 15.103890 -7.216979 -14.941777 8.256869 29.342319 102.253578 78.104988 -20.521980 
4.393108 46.936325 15.617202 -179.665466 1.101295 161.178741 18.852215 -4.862229 -73.013725 -5.729405 27.421995 140.907471 2.525823 12.697135 -21.599575 2.551420 8.624697 -15.392660 -17.135399 0.567565 -72.024933 5.014445 -19.732601 143.729309 -0.978476 -3.009893 -30.782093 16.213270 13.338643 4.611656 0.966007 -4.574240 49.312260 -2.127400 -0.691351 7.329576 2.968418 1.625146 -6.454346 -4.023238 9.937607 9.250277 2.191799 -1.346382 -37.655094 22.744207 -40.158913 -10.609471 3.089386 -40.101116 -30.252337 11.090786 -10.893438 8.999021 18.669149 -6.660106 26.584944 -98.348801 -76.220932 -29.378557 -28.076994 43.369164 -14.110970 -8.476914 38.238518 -34.623806 -7.614929 15.046467 -7.108127 -15.390198 8.290807 29.278099 102.392578 78.079628 -20.411762 
4.365532 46.974258 15.568205 -179.631668 1.106315 161.242447 18.822033 -4.899827 -73.077141 -5.630473 27.299908 140.955154 2.559240 12.635856 -21.499624 2.538307 8.623317 -15.366177 -17.174572 0.615720 -72.038750 4.974452 -19.756178 143.699570 -0.952266 -2.975281 -30.716314 16.242065 13.339025 4.596105 1.034102 -4.664780 49.312222 -2.081574 -0.660547 7.328318 2.926192 1.620740 -6.519231 -3.991185 10.056154 8.763463 2.076781 -1.453740 -37.208855 22.949060 -39.855728 -10.763102 2.886655 -40.333725 -30.153576 11.084199 -10.856464 9.012486 18.652910 -6.553383 26.764631 -98.122742 -76.213783 -29.564377 -28.063999 43.190319 -14.002352 -8.508596 38.531662 -34.560005 -7.773631 14.988304 -7.171689 -15.654142 8.354554 29.501202 102.334114 78.068794 -20.451633 
4.339527 47.097530 15.521495 -179.602402 1.098260 161.395554 18.783667 -4.949931 -73.147484 -5.548575 27.149754 140.874878 2.555452 12.551345 -21.356382 2.559403 8.618169 -15.391453 -17.212543 0.652712 -72.042099 4.952822 -19.759140 143.548325 -0.839857 -2.899766 -30.630522 16.112446 13.359147 4.535010 1.121399 -4.716541 49.112846 -2.023072 -0.658633 7.371545 2.931523 1.629490 -6.512410 -3.998323 10.119694 8.420506 1.967514 -1.551398 -36.915257 23.120232 -39.709049 -10.885376 2.683646 -40.449680 -30.229097 11.092954 -10.824832 9.056285 18.669416 -6.550872 26.938601 -97.972633 -76.202095 -29.670593 -28.096344 43.132950 -13.941718 -8.483674 38.681759 -34.585678 -7.953955 14.951772 -7.203989 -15.675396 8.436152 29.857433 102.248528 78.064201 -20.518579 
4.315033 47.309738 15.482260 -179.584412 1.100165 161.618622 18.787378 -5.014503 -73.202225 -5.461374 27.004463 140.665512 2.527691 12.399171 -21.174767 2.531287 8.604071 -15.405250 -17.247303 0.707331 -72.024452 4.933676 -19.760344 143.268341 -0.763496 -2.854462 -30.538450 16.101072 13.362465 4.514637 1.198341 -4.734041 48.827141 -1.957558 -0.682272 7.393498 2.969251 1.644398 -6.489554 -4.046481 10.183301 8.248711 1.886488 -1.588778 -36.740364 23.195274 -39.648384 -10.986433 2.462972 -40.521030 -30.331940 11.128101 -10.778221 9.014623 18.712767 -6.583927 27.148062 -97.864998 -76.192612 -29.734343 -28.066658 43.177570 -13.890129 -8.486757 38.789207 -34.624611 -8.106009 14.886087 -7.282769 -15.479766 8.517358 30.230600 102.170341 78.059311 -20.570768 
4.285717 47.628639 15.454346 -179.594803 1.085061 161.878738 18.813404 -5.129499 -73.196556 -5.378119 26.902899 140.292984 2.514018 12.264939 -20.949011 2.500864 8.584737 -15.422879 -17.281372 0.746907 -71.900848 4.930151 -19.718496 142.833069 -0.743635 -2.847167 -30.441795 16.101347 13.366911 4.525443 1.265002 -4.727108 48.572006 -1.895371 -0.714690 7.319065 3.030277 1.660025 -6.476091 -4.139972 10.162485 8.250179 1.844209 -1.566240 -36.738441 23.160898 -39.706429 -10.997301 2.307231 -40.533707 -30.383074 11.221103 -10.730180 8.949881 18.687265 -6.643651 27.218582 -97.831390 -76.184120 -29.729948 -28.057943 43.223240 -13.903605 -8.416717 38.839413 -34.526264 -8.149134 14.858235 -7.277885 -15.172919 8.504104 30.401615 102.086304 78.053459 -20.630640 
4.252190 48.050056 15.442813 -179.624390 1.082848 162.186691 18.779646 -5.243541 -73.123428 -5.359025 26.831972 139.742615 2.587716 12.289522 -20.639561 2.323657 8.403961 -15.464039 -17.266317 0.784378 -71.708694 4.967316 -19.638140 142.235077 -0.712787 -2.873284 -30.402571 16.028334 13.327351 4.668932 1.344074 -4.712040 48.283215 -1.857609 -0.757693 7.272171 3.086049 1.685000 -6.535579 -4.331749 9.963212 8.405311 1.888855 -1.374328 -36.884045 23.097916 -39.871399 -10.956616 2.196166 -40.427128 -30.454496 11.248966 -10.708466 8.987548 18.804300 -6.639150 27.021919 -98.016228 -76.162933 -29.552280 -28.140572 43.324951 -13.996505 -8.322507 38.765301 -34.382542 -7.985202 14.825063 -7.311361 -14.844324 8.441413 30.443073 101.969360 78.055534 -20.691404 
4.227024 48.578766 15.450334 -179.623795 1.074100 162.461182 18.762869 -5.455153 -72.940620 -5.305177 26.756226 139.147141 2.544329 12.382847 -20.520067 2.593683 8.086215 -15.562814 -17.190945 0.851549 -71.381416 5.068149 -19.779856 141.519516 -1.314316 -3.417293 -30.358042 17.583748 12.966131 5.439301 1.478170 -4.665893 48.063217 -1.821295 -0.903250 7.141431 3.139954 1.818760 -6.483087 -4.981631 9.531466 9.239942 2.401187 -0.858480 -37.819386 23.061937 -40.018642 -11.196689 2.004580 -40.368546 -29.966030 11.279462 -10.530203 8.204955 18.934034 -6.996203 27.253790 -98.215149 -76.166908 -29.537346 -27.974215 43.200157 -13.922409 -8.586259 38.865902 -34.196686 -7.632874 14.612316 -7.621497 -14.751569 8.626109 30.518957 101.420761 77.976868 -21.641603 
4.208290 49.202488 15.470564 -179.624023 1.060147 162.839081 18.553539 -5.612379 -72.672493 -5.350633 26.464510 138.272934 2.464115 12.193501 -20.177212 2.423814 8.548244 -15.499621 -17.081938 0.992235 -71.020645 5.017172 -19.531359 140.626251 -0.844272 -3.185189 -30.148323 16.292828 13.371591 4.645052 1.507190 -4.703408 47.893658 -1.790529 -0.797919 6.926236 3.228118 1.717285 -6.505234 -4.530056 9.832011 8.773035 1.799749 -1.224391 -37.314556 22.854578 -40.067657 -10.963840 2.175163 -40.321583 -30.252464 11.264761 -10.576034 8.633119 18.775978 -6.769390 26.666645 -98.046913 -76.170395 -29.438828 -28.324955 43.302818 -14.437987 -7.987743 38.817917 -33.832409 -7.553334 14.776352 -7.079977 -14.198824 8.279107 29.967976 101.974274 78.030891 -20.709738 
4.189533 49.891159 15.496430 -179.606659 1.049936 163.204666 18.317865 -5.770899 -72.340408 -5.458416 26.228004 137.328430 2.615454 12.359483 -19.878099 1.983966 8.394320 -15.532990 -16.897804 1.112713 -70.575012 5.068078 -19.459625 139.636948 -0.962231 -3.501434 -30.069637 16.433485 13.419189 4.696184 1.632418 -4.738451 47.591110 -1.821806 -0.788874 6.719685 3.291276 1.685354 -6.341043 -4.652544 9.797882 9.007346 1.807023 -1.163537 -37.627190 23.058218 -40.062412 -11.217501 1.906889 -40.258255 -30.317938 11.250628 -10.618519 8.905240 18.741438 -6.757697 26.298817 -98.382706 -76.155296 -29.139706 -28.644316 43.290062 -14.772018 -7.682382 38.773785 -33.718586 -7.383608 14.827819 -6.880678 -13.860428 8.119169 29.768572 102.063438 78.025833 -20.512054 
4.175520 50.646442 15.526005 -179.620834 1.038635 163.622879 18.152266 -5.997109 -72.009964 -5.446237 25.961178 136.347458 2.439021 12.269135 -19.664276 2.378342 8.516681 -15.541433 -16.720108 1.262778 -70.130898 5.097544 -19.362427 138.569626 -0.984118 -3.702290 -29.949743 16.534252 13.347144 4.751891 1.732418 -4.739318 47.252518 -1.831970 -0.859393 6.709692 3.317672 1.769221 -6.522583 -4.779508 9.550213 9.316352 1.867055 -0.891961 -37.906219 22.556002 -40.300545 -10.724679 2.554957 -40.118660 -30.461340 11.123125 -10.516325 8.510329 18.573683 -6.864148 26.456707 -98.166809 -76.161087 -29.236675 -28.427952 43.329594 -14.515429 -7.847414 38.806934 -33.733677 -7.227462 14.756045 -6.896759 -13.677928 8.120449 29.766594 101.888733 78.004044 -20.762959 
4.159525 51.454212 15.552863 -179.636032 1.022767 164.064362 17.948820 -6.203123 -71.635689 -5.505655 25.714094 135.252441 2.409775 12.285089 -19.394651 2.366529 8.521819 -15.571867 -16.506500 1.407659 -69.655792 5.163210 -19.243711 137.410278 -1.005025 -3.992005 -29.845104 16.559883 13.362537 4.775825 1.845775 -4.766404 46.840767 -1.872046 -0.889595 6.634099 3.329369 1.780031 -6.543582 -4.874000 9.416064 9.504090 1.911608 -0.710068 -38.040730 22.347641 -40.419170 -10.536759 2.836000 -40.019524 -30.613405 11.092788 -10.487980 8.488913 18.381077 -6.958684 26.561150 -98.159920 -76.157372 -29.181080 -28.361334 43.359959 -14.398027 -7.870311 38.855305 -33.885960 -7.196659 14.720103 -6.826964 -13.494934 8.123519 29.902822 101.839546 77.987595 -20.791182 
4.146980 52.306107 15.577318 -179.651718 1.024601 164.470444 17.742510 -6.374890 -71.181824 -5.710723 25.603201 134.050522 2.452989 12.680427 -19.189840 2.295162 8.208306 -15.485106 -16.260956 1.570946 -69.095490 5.282752 -19.175713 136.188278 -1.278480 -4.550253 -29.908810 17.353065 13.262786 5.479485 1.951161 -4.772207 46.400883 -1.882416 -0.898822 6.608587 3.310123 1.787412 -6.486269 -5.447136 9.053405 9.998757 2.418019 -0.190461 -38.621990 22.366814 -40.469498 -10.785657 2.793822 -39.944889 -30.294081 11.153059 -10.455481 8.060596 18.096588 -7.187497 27.128677 -98.527596 -76.218971 -28.930033 -28.480230 43.373013 -14.666029 -7.594646 38.860237 -33.551624 -7.316008 14.682130 -7.400077 -13.378186 8.369467 30.681044 101.320663 77.965584 -21.432508 
4.136580 53.198406 15.598033 -179.664703 1.006051 164.987076 17.549271 -6.593653 -70.793671 -5.681157 25.242256 132.851624 2.354640 12.483961 -18.868382 2.419055 8.419943 -15.703432 -16.028349 1.719726 -68.617249 5.357427 -19.070707 134.871994 -1.296914 -4.856461 -29.606157 17.242710 13.497004 5.054655 2.107125 -4.802918 45.901237 -1.964267 -0.953208 6.710498 3.295316 1.821365 -6.854074 -5.046349 9.184441 9.932698 2.054024 -0.412224 -38.280602 22.138266 -40.488575 -10.115140 3.241703 -40.030033 -31.157211 11.185716 -10.477851 8.515057 17.790386 -7.149603 27.157333 -98.212982 -76.185295 -29.025143 -28.209419 43.290936 -13.933171 -7.923932 39.104694 -34.296249 -7.417632 14.651522 -6.809514 -13.362515 8.190474 30.489655 101.584076 77.990150 -20.879261 
4.128157 54.128944 15.619361 -179.663986 0.990796 165.503479 17.355103 -6.799992 -70.352936 -5.691018 24.910555 131.585190 2.353641 12.397002 -18.591095 2.337618 8.486279 -15.604934 -15.784699 1.905299 -68.093239 5.396257 -18.897987 133.508942 -1.202154 -5.022734 -29.458195 16.849676 13.372393 4.830698 2.231411 -4.812240 45.481632 -2.003940 -0.954705 6.532163 3.327724 1.808170 -6.792268 -4.959678 9.209542 9.728508 1.947573 -0.442777 -38.001720 22.074137 -40.504715 -10.288520 3.252805 -40.042358 -30.975801 11.290102 -10.432300 8.372379 17.484074 -7.282788 27.545832 -97.771141 -76.122116 -29.269220 -28.341841 43.153557 -14.162864 -7.601048 39.302528 -34.118694 -7.641940 14.677873 -6.896301 -13.420313 8.381274 30.864927 101.499527 77.938759 -20.973032 
4.123323 55.091965 15.641571 -179.653290 0.970186 166.009933 17.149015 -6.995007 -69.878319 -5.758971 24.602976 130.250198 2.345928 12.426413 -18.302855 2.373365 8.505746 -15.637053 -15.505556 2.075574 -67.531013 5.481091 -18.771740 132.081757 -1.282632 -5.414675 -29.293301 16.982428 13.435262 4.840758 2.374440 -4.809429 44.989662 -2.031195 -0.984892 6.498926 3.342304 1.814119 -6.833185 -4.954707 9.187011 9.673875 1.921450 -0.427721 -37.824177 22.161837 -40.443802 -10.463352 3.156101 -40.132118 -30.998142 11.417579 -10.428364 8.331323 17.167578 -7.354488 27.988882 -97.531441 -76.100800 -29.374197 -28.449589 43.054813 -14.302757 -7.362285 39.484482 -34.066185 -7.918784 14.677814 -6.940326 -13.447332 8.462426 31.185112 101.292198 77.906258 -21.123520 
4.119732 56.080109 15.663122 -179.647827 0.950398 166.500046 16.934057 -7.202073 -69.352654 -5.815887 24.285267 128.861725 2.352544 12.493282 -18.009996 2.354624 8.477867 -15.684784 -15.230121 2.252297 -66.932877 5.556631 -18.617233 130.609848 -1.284721 -5.731106 -29.137644 16.985029 13.373409 4.857318 2.497257 -4.788342 44.503120 -2.030598 -1.020891 6.527431 3.360254 1.838246 -6.957401 -4.967496 9.160941 9.690677 1.897802 -0.403714 -37.660706 22.179897 -40.385712 -10.538721 3.170015 -40.222904 -31.044071 11.508056 -10.397017 8.172451 16.876980 -7.455479 28.430861 -97.400642 -76.090614 -29.352474 -28.456938 42.930141 -14.293236 -7.274070 39.710022 -34.073181 -8.224716 14.654081 -7.133913 -13.452919 8.623568 31.609653 101.212074 77.882729 -21.168432 
4.115847 57.087734 15.682826 -179.628204 0.939662 166.983444 16.695385 -7.376634 -68.807137 -5.920299 23.961693 127.442841 2.385622 12.675087 -17.741966 2.347120 8.274282 -15.730658 -14.937766 2.441149 -66.299675 5.684671 -18.506943 129.083847 -1.400167 -6.182793 -29.010130 17.158279 13.378781 4.899085 2.617414 -4.771607 43.994701 -2.032446 -1.032736 6.463898 3.405280 1.834851 -6.895195 -5.138175 9.086770 9.765903 2.004902 -0.311772 -37.623535 22.450333 -40.224770 -10.919947 2.897625 -40.334335 -30.994081 11.632299 -10.381788 8.038608 16.615772 -7.594825 28.842215 -97.362885 -76.053810 -29.370420 -28.556606 42.836349 -14.433764 -7.233287 39.873295 -34.073032 -8.519929 14.622618 -7.462981 -13.418151 8.784577 32.133553 100.897415 77.867516 -21.438248 
4.114525 58.114185 15.695750 -179.614914 0.932230 167.454407 16.501534 -7.593199 -68.219582 -5.900838 23.603813 126.018814 2.319447 12.592447 -17.455458 2.372536 8.453138 -15.729774 -14.639784 2.659510 -65.645874 5.724677 -18.312744 127.538666 -1.343731 -6.450164 -28.821936 17.154377 13.384557 4.880001 2.721584 -4.722162 43.517822 -1.992111 -1.087886 6.483788 3.437923 1.860929 -7.026055 -4.992098 9.142373 9.761697 1.812654 -0.405872 -37.371719 22.328934 -40.091740 -10.778893 3.124196 -40.482468 -31.214424 11.687964 -10.359638 7.911209 16.326881 -7.583345 29.157833 -97.002342 -76.060570 -29.479162 -28.468592 42.689667 -14.291149 -7.428127 40.140617 -34.320545 -8.737298 14.592335 -7.437954 -13.294216 8.860099 32.314293 100.918976 77.840530 -21.358648 
4.114407 59.151207 15.701423 -179.601532 0.924834 167.920425 16.271646 -7.784888 -67.612518 -5.932596 23.253605 124.556923 2.284309 12.668172 -17.193785 2.402913 8.441765 -15.756162 -14.343216 2.873204 -64.952705 5.806604 -18.148178 125.957642 -1.382658 -6.825784 -28.701054 17.245565 13.380851 4.907033 2.827525 -4.687201 42.985050 -1.976257 -1.127031 6.452844 3.471016 1.867305 -7.011267 -5.028292 9.095389 9.896861 1.796033 -0.349062 -37.304794 22.411970 -39.911846 -10.885733 3.131662 -40.623714 -31.323942 11.762305 -10.342884 7.780720 16.055202 -7.588640 29.418756 -96.839020 -76.046432 -29.515015 -28.497229 42.509232 -14.301813 -7.602682 40.380310 -34.496838 -8.886026 14.544042 -7.555909 -13.153943 8.924704 32.489929 100.799812 77.820755 -21.435858 
4.114120 60.196701 15.696320 -179.603760 0.920949 168.383270 16.035631 -7.973457 -66.981995 -5.966207 22.928091 123.073906 2.315820 12.753131 -16.974155 2.288924 8.433194 -15.651050 -14.045642 3.088198 -64.247681 5.916955 -18.009087 124.356766 -1.495337 -7.322233 -28.617952 17.477602 13.490032 4.984912 2.939940 -4.636749 42.397182 -1.983829 -1.176732 6.420697 3.490653 1.873596 -6.917196 -5.023132 9.068238 10.055046 1.766850 -0.342927 -37.250797 22.573399 -39.679890 -11.114900 3.058087 -40.780628 -31.323441 11.817202 -10.374287 7.641876 15.789592 -7.559988 29.655741 -96.630699 -76.030602 -29.586435 -28.589128 42.239090 -14.426519 -7.718974 40.639233 -34.560146 -8.960109 14.519667 -7.625216 -13.064605 8.940855 32.533527 100.568924 77.776672 -21.644871 
4.114862 61.244396 15.685009 -179.618011 0.912564 168.860046 15.798939 -8.169363 -66.352173 -5.978590 22.592701 121.555641 2.232844 12.817190 -16.690115 2.446358 8.400408 -15.809228 -13.752616 3.281035 -63.535679 5.992022 -17.792374 122.741989 -1.456570 -7.632524 -28.535244 17.390667 13.386193 4.984044 3.035580 -4.587178 41.744713 -1.990702 -1.206689 6.475601 3.501704 1.868980 -6.906045 -5.032790 8.950353 10.124504 1.746515 -0.233177 -37.081944 22.682505 -39.502708 -11.196455 3.131894 -40.888699 -31.442968 11.826788 -10.378777 7.578789 15.562976 -7.521195 29.786005 -96.470779 -76.016197 -29.625223 -28.722618 42.011398 -14.524381 -7.824571 40.814846 -34.582050 -9.022532 14.517344 -7.740707 -12.905998 8.896374 32.570000 100.467613 77.776237 -21.682219 
4.113449 62.291637 15.668818 -179.627075 0.916438 169.336151 15.553521 -8.358359 -65.708237 -5.957809 22.238100 120.031868 2.179072 12.895977 -16.475376 2.503856 8.346599 -15.800708 -13.437448 3.491908 -62.830585 6.074099 -17.601440 121.140335 -1.499497 -8.066703 -28.537519 17.375683 13.381781 5.004320 3.146752 -4.514743 41.052967 -1.995542 -1.248597 6.524941 3.508749 1.873009 -6.815586 -5.006216 8.819689 10.199070 1.695523 -0.162734 -36.903278 22.806604 -39.268776 -11.397813 3.112225 -41.043472 -31.464447 11.902328 -10.438977 7.460524 15.270852 -7.460805 30.057158 -96.228661 -76.006790 -29.688086 -28.796721 41.720917 -14.699437 -7.935388 41.056980 -34.526714 -9.087071 14.493318 -7.879285 -12.696983 8.829216 32.613392 100.196800 77.749367 -21.925377 
4.120028 63.331001 15.645877 -179.656143 0.903769 169.811569 15.325215 -8.575059 -65.069405 -5.950262 21.934128 118.483368 2.117090 12.958233 -16.231897 2.563129 8.382812 -15.854838 -13.164746 3.682020 -62.135021 6.143093 -17.401947 119.531128 -1.574259 -8.483272 -28.495028 17.512716 13.398132 5.035977 3.235139 -4.443044 40.297115 -2.017348 -1.292499 6.604243 3.522934 1.866113 -6.703054 -4.951457 8.734836 10.207025 1.652565 -0.122793 -36.649124 22.993242 -39.000565 -11.630758 3.075505 -41.216728 -31.521280 11.914876 -10.475830 7.379700 15.012624 -7.380688 30.223743 -96.030258 -75.973587 -29.790241 -28.922861 41.408203 -14.926191 -7.966846 41.284031 -34.505405 -9.158715 14.526850 -7.974535 -12.398150 8.723049 32.709728 100.037430 77.724274 -22.014782 
4.130974 64.402000 15.616160 -179.674271 0.903891 170.235397 15.077326 -8.782292 -64.326973 -5.952152 21.605516 116.886742 2.041079 13.031237 -16.025927 2.631484 8.368999 -15.878543 -12.841760 3.885654 -61.333771 6.214703 -17.164286 117.852859 -1.635901 -8.900584 -28.476236 17.575142 13.398111 5.060611 3.323831 -4.375813 39.624886 -2.036638 -1.328492 6.651476 3.533595 1.866781 -6.592831 -4.905180 8.650081 10.239388 1.603205 -0.091008 -36.392563 23.140827 -38.749542 -11.806741 3.098220 -41.366062 -31.623850 11.938273 -10.521991 7.246676 14.761015 -7.340732 30.548416 -95.795738 -75.956688 -29.886297 -29.003136 41.118900 -15.117769 -8.060927 41.525581 -34.553555 -9.227318 14.506561 -8.149374 -12.066860 8.631731 32.878334 99.826103 77.696060 -22.175568 
4.137262 65.521515 15.578414 -179.697449 0.881342 170.609390 14.786755 -8.986786 -63.487549 -6.040740 21.290659 115.202538 2.095225 13.179863 -15.753407 2.464879 8.295831 -15.918226 -12.495816 4.065111 -60.400867 6.348972 -16.892277 116.052734 -1.640166 -9.363520 -28.473331 17.577093 13.520329 5.197223 3.419132 -4.317505 38.981731 -2.046008 -1.392017 6.809156 3.521370 1.881190 -6.646578 -4.914579 8.549463 10.429298 1.621303 -0.016859 -36.272949 23.276199 -38.565170 -11.864130 3.143827 -41.496006 -31.864874 11.959833 -10.546978 7.201287 14.511528 -7.288536 30.824570 -95.675262 -75.946823 -29.829655 -29.074242 40.893234 -15.143043 -8.249437 41.716366 -34.753380 -9.279088 14.477782 -8.323185 -11.716153 8.520995 33.085598 99.411514 77.679962 -22.516121 
4.143574 66.682022 15.534410 -179.686523 0.872781 170.916016 14.465652 -9.186032 -62.507915 -6.103637 20.902630 113.473557 2.129173 13.273259 -15.545682 2.154817 8.306623 -15.979696 -12.094408 4.301803 -59.306900 6.495170 -16.647509 114.115753 -2.142128 -9.951397 -28.327602 18.844143 13.305694 5.407455 3.544668 -4.282887 38.462070 -2.117144 -1.423654 6.850716 3.578380 1.871926 -6.617813 -4.907517 8.476295 10.613820 1.592602 0.022600 -36.168880 23.265657 -38.356655 -11.834275 3.311055 -41.657970 -32.129093 11.968402 -10.553221 7.341696 14.339609 -7.185636 30.913651 -95.700928 -75.924431 -29.692333 -29.152212 40.670330 -15.245939 -8.330582 41.919411 -34.936920 -9.364401 14.519962 -8.337732 -11.364802 8.380505 33.209972 99.260910 77.631401 -22.629984 
4.151960 67.866692 15.482209 -179.703461 0.841463 171.219849 14.111930 -9.414691 -61.491528 -6.170135 20.505779 111.675003 1.922919 13.350726 -15.436223 2.749032 8.385854 -15.914596 -11.675822 4.502065 -58.182156 6.595579 -16.255751 112.146400 -1.981039 -10.296665 -28.313120 18.096560 13.446915 5.155225 3.598739 -4.219788 37.938999 -2.088803 -1.486470 6.785196 3.596459 1.877725 -6.357329 -4.801175 8.454218 10.504722 1.468377 -0.025741 -35.835724 23.414486 -38.232605 -12.197008 3.261986 -41.725960 -31.990614 12.024373 -10.488681 6.911556 14.147527 -7.305840 31.497866 -95.245956 -75.905830 -30.084291 -29.305758 40.434341 -15.666631 -8.293698 42.187279 -34.785652 -9.492982 14.395964 -8.492937 -10.983067 8.352925 33.360229 99.148926 77.604561 -22.723166 
4.160500 69.067703 15.425551 -179.704529 0.828681 171.485397 13.729369 -9.600264 -60.400799 -6.233199 20.056440 109.840439 1.796103 13.439600 -15.269359 2.963456 8.298406 -15.967598 -11.204105 4.711298 -56.992893 6.706841 -15.826070 110.125435 -2.019680 -10.686660 -28.284964 18.089003 13.362668 5.197306 3.691856 -4.156145 37.419258 -2.107417 -1.552335 6.885662 3.631731 1.896767 -6.385759 -4.798391 8.344211 10.723760 1.451119 0.039720 -35.726994 23.405764 -38.169815 -12.218844 3.344602 -41.785164 -32.132271 12.083894 -10.440653 6.781742 13.936431 -7.380187 31.778751 -95.042938 -75.891609 -30.105782 -29.339424 40.351032 -15.777411 -8.389503 42.310390 -34.822906 -9.573422 14.327804 -8.650314 -10.634372 8.319277 33.645920 98.958282 77.585808 -22.846516 
4.170929 70.282555 15.363471 -179.648117 0.811010 171.658325 13.398717 -9.773678 -59.232197 -6.280887 19.611736 108.038536 1.684618 13.724203 -15.278738 3.175589 7.741602 -15.811727 -10.663325 4.862761 -55.675957 7.033129 -15.571543 107.965118 -3.423458 -11.864957 -27.864857 21.471601 13.404753 5.857430 3.890993 -4.111791 36.897179 -2.135087 -1.652526 6.925563 3.609023 1.905796 -6.171662 -4.853091 8.454134 11.559293 1.548862 -0.075851 -36.327518 23.692610 -37.910637 -12.679725 2.938889 -41.991898 -31.854572 12.312103 -10.427929 6.152651 13.584528 -7.472184 32.391403 -95.128708 -75.961273 -29.926117 -29.337070 40.049313 -15.847891 -8.616554 42.590923 -35.367409 -9.536844 14.252973 -8.262469 -10.475821 8.318247 33.598507 98.653687 77.434914 -23.339691 
4.186626 71.504669 15.292789 -179.692261 0.750645 171.968109 12.881886 -9.918069 -58.101227 -6.628871 19.160511 105.980354 1.721557 14.070107 -15.025410 3.430927 7.915695 -15.978388 -10.259526 5.018912 -54.500343 7.119295 -15.032047 105.892982 -2.479945 -11.862600 -28.142904 19.020082 13.285218 5.614273 3.901509 -4.021163 36.271957 -2.151388 -1.715091 6.841600 3.738048 1.948344 -5.825289 -5.334588 7.880915 11.380593 1.897438 0.488226 -35.967342 23.771143 -38.037781 -13.044066 2.915215 -41.853691 -31.909733 12.335185 -10.377507 6.393380 13.459085 -7.645251 32.345005 -94.923027 -75.902374 -30.124172 -29.781610 40.067341 -16.640497 -8.111354 42.522312 -34.696163 -9.666869 14.137093 -9.003912 -10.145189 8.339068 34.499897 98.455162 77.571579 -23.190105 
4.207310 72.743347 15.214881 -179.695786 0.688637 172.214325 12.412759 -10.067611 -56.864021 -6.588747 18.562056 104.002495 1.776841 13.877378 -14.802938 3.266009 8.235535 -16.076336 -9.795774 5.171019 -53.212826 7.118403 -14.526024 103.751205 -2.459054 -12.037264 -28.002403 18.552034 13.311208 5.279974 4.010135 -3.961115 35.720531 -2.153548 -1.789481 7.250034 3.706976 1.948712 -6.390150 -4.773531 8.024713 11.775570 1.445770 0.193385 -35.736423 23.308117 -38.151741 -12.296241 3.510049 -41.919903 -32.556812 12.396699 -10.300772 6.453241 13.183060 -7.697557 32.188316 -94.550072 -75.838051 -30.189278 -29.495056 40.136566 -16.250076 -8.332527 42.643864 -35.122765 -9.635947 14.068440 -8.799481 -10.024487 8.375794 34.513336 98.361610 77.504150 -23.312639 
4.231518 73.984550 15.128519 -179.686493 0.612038 172.418472 12.001386 -10.185823 -55.574120 -6.754970 18.091751 101.931526 2.073847 14.131557 -14.579972 2.940931 7.896704 -16.267439 -9.324668 5.246199 -51.832386 7.331967 -14.084989 101.499184 -3.109958 -12.644364 -27.836117 20.060820 13.041326 5.824410 4.157630 -3.925667 35.104954 -2.237071 -1.880823 7.527835 3.734143 1.972449 -6.577037 -4.972760 7.842227 12.666136 1.695864 0.405855 -36.169579 23.179943 -38.122910 -12.130805 3.617502 -42.026756 -32.866158 12.486308 -10.231903 6.391406 12.865174 -7.905906 32.147621 -94.758263 -75.838440 -30.003311 -29.393307 40.072826 -15.975747 -8.567458 42.740097 -35.666737 -9.594644 13.995912 -8.777987 -9.944655 8.388991 34.877731 98.393196 77.528336 -23.338940 
4.270363 75.239944 15.029762 -179.697235 0.531845 172.601547 11.424617 -10.273863 -54.210464 -6.795720 17.409409 99.812012 1.969038 14.170483 -14.499603 3.412100 8.149083 -16.166811 -8.820394 5.365947 -50.459084 7.451357 -13.498402 99.306580 -2.598088 -12.857076 -27.910995 18.542355 13.406986 5.256406 4.212531 -3.845076 34.636871 -2.195390 -1.964268 7.460866 3.702507 1.967721 -6.432211 -4.824779 7.746162 12.830085 1.630760 0.394718 -35.835667 23.164492 -38.152920 -12.281639 3.615254 -42.051079 -32.876083 12.523197 -10.130180 6.242997 12.588158 -8.042833 32.069794 -94.252914 -75.795486 -30.245228 -29.417988 40.054016 -16.309835 -8.297695 42.873184 -35.466454 -9.667250 13.824516 -8.948960 -9.860685 8.615463 35.294163 97.850189 77.435860 -23.761372 
4.308462 76.494896 14.916652 -179.690063 0.473866 172.716949 10.930802 -10.347559 -52.748363 -6.937829 16.802504 97.614441 1.826114 14.349151 -14.419741 3.871461 8.134715 -16.118942 -8.352404 5.465600 -48.972149 7.627767 -12.960869 97.034721 -2.817422 -13.154308 -27.748018 18.858479 13.268366 5.054131 4.353124 -3.794172 34.126820 -2.300353 -2.064905 7.557471 3.708819 1.992801 -6.343846 -4.762553 7.740969 13.247504 1.687981 0.331192 -35.759346 23.175066 -38.028355 -12.374897 3.563787 -42.269394 -33.061630 12.668448 -10.026889 6.313650 12.167368 -8.211584 31.794205 -94.292625 -75.778488 -30.033754 -29.441614 39.867916 -16.422644 -8.095409 43.144863 -35.666470 -9.810691 13.736222 -8.905548 -9.729231 8.633265 35.607201 97.691338 77.399414 -23.839636 
4.347502 77.754303 14.798940 -179.714279 0.402988 172.852859 10.447866 -10.450219 -51.293221 -7.029400 16.272333 95.380615 1.961972 14.461335 -14.278397 3.787769 8.128041 -16.218269 -7.932626 5.565560 -47.527634 7.808253 -12.446526 94.760094 -3.039519 -13.501984 -27.640232 19.304291 13.294225 5.284475 4.395053 -3.712148 33.597416 -2.271833 -2.140372 7.754716 3.640207 1.995853 -6.444857 -4.702689 7.642594 13.722618 1.736285 0.387893 -35.686939 22.901316 -37.996288 -12.143373 3.875572 -42.433971 -33.403561 12.709537 -9.905287 6.049629 11.768595 -8.427088 31.849720 -93.875710 -75.743340 -30.364807 -29.158978 39.738873 -16.240875 -8.181929 43.455025 -35.858654 -9.949555 13.598352 -9.151958 -9.522069 8.701072 36.031780 97.459709 77.393372 -24.015202 
4.383659 79.023705 14.671079 -179.715897 0.340332 172.989746 9.972085 -10.525382 -49.770641 -7.080045 15.690737 93.069618 1.975998 14.538979 -14.172896 3.875936 8.121704 -16.265617 -7.490777 5.673363 -46.026657 7.931601 -11.868375 92.397385 -3.044839 -13.685443 -27.548317 19.303490 13.237535 5.378332 4.502788 -3.649111 33.065559 -2.326820 -2.219759 7.890581 3.623118 1.999090 -6.492031 -4.627708 7.597713 14.046992 1.772340 0.361691 -35.437828 22.696018 -37.977627 -12.050071 3.987674 -42.619495 -33.594704 12.819116 -9.752962 5.758734 11.237961 -8.608290 31.954260 -93.718895 -75.741348 -30.339357 -29.062649 39.657913 -16.206490 -8.020897 43.709690 -36.007484 -10.167729 13.493491 -9.293956 -9.137489 8.704109 36.352055 97.315735 77.354919 -24.132298 
4.421373 80.303162 14.539878 -179.704132 0.277663 173.098236 9.513298 -10.577057 -48.202297 -7.203594 15.111187 90.688194 1.981995 14.729324 -14.114118 4.006750 7.987684 -16.252674 -7.032689 5.748890 -44.501808 8.130157 -11.276588 89.995911 -3.174078 -13.965863 -27.438412 19.562706 13.201258 5.495583 4.603981 -3.575212 32.511993 -2.354310 -2.297240 8.111659 3.578524 2.007067 -6.576746 -4.503033 7.601205 14.411938 1.793718 0.287829 -35.222481 22.609825 -37.867481 -11.915621 4.090250 -42.886719 -33.932693 12.920606 -9.616830 5.566317 10.734213 -8.737367 31.976990 -93.533073 -75.718445 -30.375881 -28.897915 39.568966 -16.154415 -7.957803 43.989635 -36.110302 -10.336400 13.330999 -9.616477 -8.711571 8.687049 36.707359 96.898109 77.313240 -24.445433 
4.458349 81.591064 14.403429 -179.683563 0.223134 173.145660 9.052211 -10.618378 -46.524666 -7.281800 14.516662 88.270714 2.037963 14.880239 -14.113750 4.000810 7.838861 -16.260405 -6.597634 5.831851 -42.862606 8.321863 -10.731918 87.493340 -4.018802 -14.357757 -27.079853 21.444324 12.736105 5.799848 4.698423 -3.489271 32.051338 -2.371038 -2.387359 8.310191 3.572854 2.056636 -6.707048 -4.664899 7.560868 15.224891 2.047791 0.324842 -35.427200 22.432909 -37.758980 -11.963183 3.913214 -43.264782 -33.667542 13.166014 -9.432881 4.823153 10.120997 -8.854738 32.424892 -93.620171 -75.714684 -30.173029 -28.660936 39.314754 -15.966652 -7.914511 44.415550 -36.347145 -10.460611 13.207865 -9.508764 -8.382581 8.638135 36.707333 96.721161 77.254196 -24.667116 
4.493492 82.907387 14.262482 -179.654785 0.160692 173.309937 8.597091 -10.666400 -44.868004 -7.283141 13.881656 85.680916 1.860727 14.848013 -14.091602 4.510718 8.071662 -16.380173 -6.097950 5.896739 -41.338699 8.363634 -10.009833 84.959839 -3.362728 -14.313004 -27.036209 19.602283 13.229939 5.294391 4.769794 -3.409000 31.518805 -2.345291 -2.411576 8.336371 3.560405 2.017446 -6.612141 -4.290567 7.675198 14.872708 1.813694 0.018641 -34.485809 22.556116 -37.594162 -12.180275 3.605233 -43.582684 -33.828773 13.304653 -9.341097 4.868653 9.605806 -8.890306 32.462936 -93.056419 -75.664383 -30.537966 -28.832344 39.206303 -16.468306 -7.255522 44.675369 -35.834187 -10.685239 13.100289 -9.994764 -7.761670 8.656825 37.170380 96.473450 77.249222 -24.796703 
4.528603 84.256142 14.111735 -179.605942 0.091732 173.387451 8.127381 -10.676242 -43.081711 -7.335290 13.205953 83.022858 1.836033 14.935987 -14.087427 4.697492 8.041747 -16.403156 -5.597272 5.931145 -39.668602 8.450417 -9.339373 82.325745 -3.464737 -14.475289 -26.787518 19.685476 13.251989 5.263721 4.843634 -3.319809 31.089108 -2.305340 -2.474191 8.447858 3.573787 2.029240 -6.761162 -4.178731 7.759687 15.308359 1.817344 -0.149999 -34.218651 22.486643 -37.476269 -12.222960 3.265121 -43.987652 -33.764442 13.537284 -9.192217 4.530597 9.076783 -8.962688 32.809578 -92.812653 -75.637772 -30.620768 -28.759712 39.098183 -16.574682 -6.818614 45.017776 -35.565552 -10.862503 12.958096 -10.184390 -7.264943 8.640540 37.375584 96.144203 77.214859 -25.056509 
4.564318 85.613762 13.955500 -179.560684 0.040884 173.480606 7.653930 -10.637331 -41.262020 -7.359155 12.501318 80.289474 1.805928 14.976397 -14.071126 4.895669 8.012720 -16.445576 -5.108600 5.970040 -38.009468 8.503909 -8.653446 79.644363 -3.565585 -14.593981 -26.495558 19.802097 13.264143 5.242348 4.919583 -3.243628 30.595886 -2.292435 -2.519578 8.535426 3.560071 2.043570 -6.867092 -4.077168 7.832170 15.866973 1.901962 -0.276800 -34.043541 22.354389 -37.422104 -12.151346 3.036286 -44.343235 -33.771080 13.747989 -9.056259 4.199624 8.537572 -9.004283 33.169796 -92.610466 -75.612457 -30.679527 -28.599541 39.041264 -16.538813 -6.475278 45.313869 -35.457401 -11.003275 12.836572 -10.331436 -6.809383 8.640385 37.635265 95.854919 77.182259 -25.283697 
4.598152 86.947746 13.795006 -179.521912 -0.041349 173.627899 7.212690 -10.581571 -39.497307 -7.436985 11.816747 77.490845 1.938246 15.140012 -13.973261 4.765518 7.732806 -16.533310 -4.694706 5.948095 -36.425274 8.564995 -8.004418 76.961433 -3.772438 -14.670483 -26.168079 20.461470 12.990715 5.510713 4.997573 -3.197301 29.932329 -2.303554 -2.571084 8.799056 3.523739 2.064392 -7.132083 -4.266466 7.681815 16.685942 2.236993 -0.039895 -34.071819 22.151527 -37.443832 -11.905123 2.888098 -44.630039 -33.825409 13.911850 -8.951924 3.883015 8.137059 -9.026110 33.528431 -92.844589 -75.575287 -30.407875 -28.275620 39.043293 -16.139711 -6.431313 45.563713 -35.724892 -11.042441 12.710593 -10.326433 -6.505211 8.670347 37.782955 95.528664 77.112938 -25.553982 
4.638250 88.265549 13.632045 -179.493896 -0.114195 173.890259 6.797520 -10.557076 -37.839630 -7.405731 11.148358 74.617607 1.857829 15.116562 -13.901538 5.313565 7.980718 -16.509621 -4.325344 5.973617 -34.995880 8.586783 -7.388883 74.233482 -3.747417 -14.742413 -25.665817 20.078936 13.342262 5.169412 5.059353 -3.100597 29.099228 -2.284603 -2.633927 8.803796 3.466899 2.032723 -6.841872 -3.792520 7.959755 16.495367 2.043328 -0.505023 -33.189232 22.149971 -37.301762 -11.985406 2.707007 -44.971336 -33.860321 14.011375 -8.860702 3.643052 7.710556 -8.975080 33.841167 -92.086647 -75.555641 -30.924414 -28.193304 38.826462 -16.360630 -5.903362 45.987389 -35.391354 -11.167733 12.605962 -10.539794 -6.189341 8.704412 38.118797 95.240845 77.106018 -25.770861 
4.674578 89.571487 13.463416 -179.468567 -0.202786 174.179626 6.401481 -10.492935 -36.177223 -7.419801 10.468562 71.657509 2.007531 15.227231 -13.700553 5.298911 7.759167 -16.561615 -4.007958 5.916148 -33.581089 8.623333 -6.761668 71.490273 -3.854893 -14.717610 -25.171251 20.276541 13.092965 5.291756 5.122577 -3.024218 28.175076 -2.277636 -2.691976 9.112339 3.405968 2.054244 -7.014445 -3.791761 7.878065 16.767117 2.233644 -0.445658 -32.608700 22.023632 -37.301483 -11.743845 2.603547 -45.269341 -33.970482 14.048348 -8.737735 3.410389 7.533793 -8.948361 34.042229 -91.971260 -75.565445 -30.940865 -27.783800 38.736153 -15.842975 -6.026644 46.292503 -35.775738 -11.057320 12.468454 -10.451249 -6.156659 8.775231 38.283573 94.824005 77.090683 -26.033798 
4.720297 90.851166 13.287233 -179.435165 -0.270065 174.516266 6.038631 -10.428813 -34.553619 -7.393355 9.789897 68.629059 1.947306 15.235471 -13.484852 5.778538 7.898551 -16.617573 -3.694030 5.890461 -32.226353 8.587837 -6.152641 68.687523 -3.807476 -14.703243 -24.510260 20.110283 13.406511 5.035299 5.173432 -2.923398 27.207355 -2.249469 -2.741671 9.107449 3.351817 2.029520 -6.693710 -3.484210 8.032193 16.487242 2.149604 -0.750433 -31.586618 22.085325 -37.177071 -11.901115 2.311577 -45.559967 -33.769314 13.998251 -8.616693 3.253051 7.496466 -8.911471 33.984806 -91.425179 -75.482330 -31.335188 -27.672791 38.582050 -16.075602 -5.340034 46.641315 -35.174980 -11.219388 12.436173 -10.784875 -6.046682 8.818494 38.559120 94.539795 77.022499 -26.336729 
4.772568 92.087006 13.109536 -179.419525 -0.338224 174.910812 5.708591 -10.356698 -33.010731 -7.330463 9.144597 65.583344 1.960338 15.248171 -13.191748 5.980805 7.864031 -16.657707 -3.481942 5.785698 -30.959856 8.599032 -5.592511 65.889694 -3.873248 -14.606024 -23.809944 20.142937 13.458826 4.961275 5.232543 -2.822005 26.105095 -2.257073 -2.787974 9.303770 3.269924 2.027498 -6.566709 -3.271991 8.082817 16.350031 2.204823 -0.943165 -30.689472 22.170403 -37.067825 -11.963788 2.044028 -45.842583 -33.586308 13.931962 -8.509785 3.054675 7.435895 -8.892308 33.867279 -91.051285 -75.438103 -31.583179 -27.490808 38.381554 -16.015436 -4.799202 47.003849 -34.817059 -11.414961 12.432236 -10.998391 -6.027529 8.832891 38.692863 94.146660 76.971748 -26.658760 
4.834925 93.298164 12.920334 -179.407166 -0.414274 175.335922 5.393334 -10.253826 -31.488295 -7.221622 8.498829 62.497158 1.926788 15.194865 -12.817576 6.148682 7.819669 -16.697409 -3.298758 5.638375 -29.710133 8.589791 -5.044506 63.053215 -3.924187 -14.468544 -23.047911 20.226255 13.506763 4.904520 5.297769 -2.709033 24.909903 -2.276797 -2.848855 9.490304 3.194356 2.024040 -6.387988 -3.096664 8.083431 16.360163 2.284488 -1.115493 -29.914728 22.184086 -37.023327 -12.009316 1.785484 -46.100883 -33.455807 13.871858 -8.382315 2.910919 7.421219 -8.918469 33.833485 -90.690109 -75.394203 -31.824455 -27.295835 38.203362 -15.949569 -4.226396 47.357407 -34.515820 -11.601088 12.426973 -11.229989 -6.021515 8.863451 38.951626 93.752853 76.923843 -26.980898 
4.906429 94.509903 12.713262 -179.384277 -0.467625 175.724121 5.089759 -10.131711 -29.866791 -7.049829 7.860905 59.328449 1.821377 15.066940 -12.413828 6.330570 7.789784 -16.746881 -3.086944 5.474360 -28.372055 8.535507 -4.460072 60.130257 -4.021198 -14.291254 -22.166586 20.429930 13.538048 4.861758 5.367828 -2.583623 23.733139 -2.310983 -2.894893 9.647307 3.152199 2.005961 -6.157931 -2.974287 8.059249 16.658489 2.392860 -1.214514 -29.450613 22.070686 -37.051849 -11.977449 1.594426 -46.320389 -33.479229 13.885450 -8.257372 2.760325 7.332010 -9.028254 33.932526 -90.413216 -75.355949 -31.998175 -27.083679 38.062538 -15.860045 -3.658831 47.717403 -34.366314 -11.849563 12.401423 -11.458215 -5.882116 8.917985 39.346737 93.432915 76.878532 -27.236294 
4.979025 95.718773 12.493033 -179.368118 -0.535039 176.079514 4.774449 -9.995650 -28.171511 -6.829354 7.239616 56.098064 1.699336 14.880427 -11.942861 6.313028 7.720824 -16.790083 -2.884930 5.292136 -26.950317 8.418621 -3.889688 57.143509 -4.027601 -14.052934 -21.267925 20.560753 13.592686 4.838612 5.428091 -2.445512 22.572720 -2.340331 -2.958127 9.866265 3.122865 1.992705 -6.035309 -2.875437 8.006120 17.352552 2.526586 -1.272931 -29.381969 21.807310 -37.174881 -11.744316 1.572195 -46.510742 -33.787910 13.928219 -8.118357 2.569684 7.156449 -9.214473 34.223515 -90.162201 -75.330971 -32.142990 -26.802813 37.993801 -15.594991 -3.221776 48.022678 -34.445278 -12.097790 12.372008 -11.627561 -5.644320 9.016801 39.845848 93.072853 76.853683 -27.527842 
5.059883 96.911423 12.271474 -179.329269 -0.598697 176.427750 4.491096 -9.828353 -26.443642 -6.563194 6.624475 52.817223 1.505524 14.653417 -11.423890 6.440367 7.682652 -16.821922 -2.651965 5.108003 -25.494135 8.248534 -3.330242 54.099689 -4.029996 -13.783232 -20.274715 20.816761 13.624907 4.822226 5.467661 -2.305574 21.454165 -2.342062 -3.012099 9.998432 3.156266 1.977492 -5.864662 -2.842531 7.925333 18.355389 2.647217 -1.309493 -29.644936 21.476305 -37.300400 -11.517194 1.499416 -46.675419 -33.997604 13.975215 -8.009679 2.401593 7.069000 -9.427290 34.427132 -90.028511 -75.308289 -32.198345 -26.532654 37.971840 -15.358543 -2.781848 48.289787 -34.502300 -12.354605 12.363925 -11.725875 -5.338522 9.113804 40.364838 92.810944 76.832230 -27.739136 
5.145582 98.084511 12.047981 -179.296631 -0.673107 176.746124 4.207540 -9.615399 -24.684097 -6.260093 6.011945 49.522301 1.218338 14.326389 -10.881124 6.630015 7.706358 -16.684320 -2.421405 4.891173 -23.991941 8.036790 -2.784995 51.029995 -4.036953 -13.508522 -19.240200 21.145550 13.683845 4.831059 5.454854 -2.172515 20.403711 -2.301793 -3.054986 10.156702 3.201305 1.951295 -5.801307 -2.818134 7.878028 19.607830 2.786799 -1.369708 -30.155123 21.131351 -37.402462 -11.209333 1.451443 -46.876255 -34.231556 14.021964 -7.871797 2.133595 7.051820 -9.646061 34.700977 -89.790871 -75.312561 -32.362495 -26.147850 37.982628 -14.951372 -2.587093 48.577179 -34.733303 -12.567164 12.316181 -11.862796 -5.041677 9.192082 40.971386 92.311897 76.822914 -28.187113 
5.229273 99.228394 11.835401 -179.249710 -0.743364 177.036407 3.964725 -9.370720 -22.957655 -6.104436 5.326684 46.236645 1.121599 14.352530 -10.168573 6.544253 7.226106 -16.809574 -2.162767 4.603264 -22.478985 7.889445 -2.155793 47.964634 -4.222238 -13.374769 -18.128065 21.917482 13.606812 5.068732 5.432505 -2.011923 19.376682 -2.189319 -3.149345 10.283425 3.182746 1.949611 -5.602983 -2.932324 7.805127 20.881823 3.042852 -1.365118 -30.792673 21.102455 -37.360798 -11.301157 0.960952 -47.101124 -34.143543 14.127056 -7.824839 2.015978 7.076503 -9.855774 34.671173 -90.052727 -75.278473 -32.050579 -25.820251 37.899380 -14.856822 -2.200956 48.861549 -34.661304 -12.755641 12.290932 -11.859245 -4.710578 9.211737 41.384739 92.184494 76.769249 -28.228880 
5.316528 100.332428 11.634840 -179.173248 -0.807616 177.356552 3.714424 -9.093082 -21.218391 -5.753284 4.693895 42.928356 0.878444 13.914511 -9.347033 6.619590 7.492009 -16.930769 -1.865870 4.458383 -20.941322 7.494872 -1.754765 44.803574 -3.948150 -12.913152 -17.004675 21.488134 13.755484 4.782490 5.433402 -1.888162 18.505568 -2.185491 -3.189951 10.371548 3.335998 1.960132 -5.683531 -2.825411 7.717637 21.550856 2.961684 -1.486090 -30.693512 20.723814 -37.452076 -10.914489 0.947721 -47.276756 -34.232826 14.142781 -7.720015 1.919446 7.280082 -10.069032 34.582253 -89.688820 -75.250496 -32.385937 -25.699913 37.817299 -14.673728 -1.634915 49.110992 -34.547337 -12.935726 12.386365 -11.679540 -4.394514 9.234350 41.582985 92.014877 76.773643 -28.421350 
5.400105 101.394386 11.439138 -179.088837 -0.870197 177.612473 3.502000 -8.783617 -19.493771 -5.456625 4.038289 39.717030 0.637958 13.668676 -8.567868 6.677353 7.418674 -16.962923 -1.576152 4.204910 -19.411140 7.227916 -1.280674 41.741432 -3.906977 -12.619881 -15.851772 21.717762 13.816810 4.764894 5.416472 -1.761567 17.667391 -2.098527 -3.236276 10.515386 3.392833 1.957856 -5.732005 -2.750768 7.721241 22.383236 2.979823 -1.669999 -30.849640 20.653381 -37.403202 -10.862063 0.573812 -47.506065 -34.040638 14.191566 -7.676327 1.722230 7.480212 -10.207794 34.546604 -89.560684 -75.230583 -32.485954 -25.527929 37.714905 -14.596860 -1.169378 49.328907 -34.233120 -13.037309 12.422769 -11.566916 -4.173155 9.268467 41.773884 91.729301 76.749878 -28.676125 
5.481503 102.413055 11.259313 -178.999496 -0.929662 177.869415 3.325155 -8.486874 -17.805012 -5.113664 3.465734 36.542099 0.385001 13.341428 -7.745439 6.765117 7.355202 -16.988880 -1.275856 3.936798 -17.957983 6.925612 -0.838235 38.778320 -3.804158 -12.307095 -14.687988 21.821798 13.869411 4.706900 5.376674 -1.627471 16.868874 -1.996087 -3.268302 10.592043 3.478159 1.945589 -5.709663 -2.684985 7.701800 23.070883 2.988035 -1.866101 -30.945211 20.685282 -37.300339 -10.931912 0.086175 -47.765846 -33.724026 14.298049 -7.638645 1.525631 7.662134 -10.321285 34.534451 -89.419128 -75.210281 -32.590267 -25.407814 37.560368 -14.669125 -0.602080 49.585175 -33.766495 -13.153481 12.444993 -11.510610 -3.933699 9.258055 41.976433 91.470383 76.733963 -28.909184 
5.561077 103.383812 11.077728 -178.895828 -0.981567 178.154663 3.189944 -8.111986 -16.243750 -4.850835 2.808750 33.447350 0.271199 13.304216 -6.775826 6.729266 6.721615 -17.223595 -0.948699 3.603767 -16.644852 6.703609 -0.279168 35.958153 -3.742035 -12.158958 -13.497972 21.587078 14.073197 4.575086 5.337020 -1.475358 15.860757 -1.912442 -3.346484 11.094061 3.563869 2.018828 -6.056793 -2.923570 7.558897 24.057690 3.224686 -1.800120 -31.302280 20.812799 -37.164906 -10.838233 -0.438314 -48.065811 -33.539005 14.438607 -7.639072 1.679142 7.857961 -10.345064 34.220871 -89.703003 -75.225189 -32.373589 -25.229620 37.461113 -14.457314 -0.299445 49.765209 -33.473110 -13.189172 12.420781 -11.442179 -3.834378 9.347865 42.127228 90.939514 76.690895 -29.459553 
5.627777 104.299408 10.901951 -178.820190 -1.028272 178.357239 3.036025 -7.898974 -14.515772 -4.317189 2.594221 30.350302 -0.142437 12.535771 -6.007005 6.893503 7.227261 -17.026518 -0.665400 3.357263 -15.160475 6.263239 -0.020662 33.076210 -3.525085 -11.656507 -12.401713 21.935574 14.045044 4.568287 5.241142 -1.346206 15.336225 -1.727423 -3.351826 10.851985 3.629734 1.924958 -5.829737 -2.505612 7.756362 24.125984 2.919677 -2.357160 -30.880688 20.813942 -36.926582 -11.061981 -0.901386 -48.392654 -32.901585 14.583735 -7.621680 1.340398 7.870027 -10.425984 34.484177 -89.013741 -75.163139 -32.928795 -25.028961 37.212933 -14.666613 0.220141 50.169800 -32.722672 -13.321356 12.419192 -11.335238 -3.655468 9.362363 42.285057 90.901070 76.691193 -29.430508 
5.686752 105.152397 10.722998 -178.737061 -1.060785 178.580338 2.922792 -7.586649 -12.913960 -3.865482 2.344959 27.340437 -0.448266 12.001911 -5.056659 6.916032 7.175284 -17.024069 -0.375326 3.082317 -13.799105 5.909249 0.320450 30.318111 -3.459524 -11.320190 -11.234167 22.124512 14.106469 4.510233 5.180674 -1.226571 14.621937 -1.613929 -3.387084 11.002556 3.667797 1.917521 -5.937345 -2.385287 7.837740 24.493628 2.882760 -2.649897 -30.722387 20.900194 -36.676064 -11.162361 -1.341605 -48.742172 -32.359890 14.779983 -7.603862 1.251847 7.705611 -10.433208 34.564251 -88.813591 -75.140205 -33.093529 -24.767076 37.043926 -14.611350 0.513767 50.524361 -32.227165 -13.484385 12.368827 -11.367422 -3.485582 9.338149 42.465240 90.659088 76.674202 -29.640219 
5.743073 105.937057 10.542497 -178.633392 -1.110951 178.818115 2.849820 -7.181393 -11.408553 -3.442989 2.051542 24.422750 -0.872439 11.516797 -4.031237 7.035861 7.090618 -17.037258 -0.067360 2.779798 -12.489973 5.567112 0.679340 27.605867 -3.196256 -11.113965 -10.118056 21.706993 14.459279 4.353534 5.147936 -1.113165 13.863585 -1.500634 -3.431769 11.155213 3.671729 1.910648 -5.996063 -2.203995 7.977595 24.671001 2.859507 -3.026545 -30.371790 21.191301 -36.444561 -11.374060 -1.843426 -49.004169 -31.883543 15.024713 -7.638275 1.278262 7.259937 -10.431968 34.636848 -88.527252 -75.118042 -33.266941 -24.612459 36.909840 -14.623304 0.962045 50.817284 -31.667696 -13.861279 12.347536 -11.565770 -3.176830 9.350052 42.817448 90.103638 76.610863 -30.177073 
5.793495 106.639107 10.363599 -178.531693 -1.179112 179.038498 2.793811 -6.858075 -9.926111 -2.969429 2.014809 21.580351 -1.099696 10.789077 -2.969745 7.046817 7.058919 -17.031082 0.227957 2.485044 -11.188648 5.139263 0.819978 24.955534 -3.194208 -10.568202 -8.965631 22.059502 14.271183 4.290090 5.138022 -1.048770 13.197494 -1.414410 -3.458243 11.366696 3.651372 1.905101 -6.304016 -2.019277 8.020220 24.843637 2.794629 -3.281084 -29.916124 21.183029 -36.260536 -11.217753 -1.885445 -49.298370 -31.577036 15.184234 -7.603174 1.108078 6.797327 -10.433326 34.907024 -88.356308 -75.086731 -33.499645 -24.319262 36.779339 -14.316660 1.180073 51.160988 -31.372911 -14.240964 12.371737 -11.753757 -2.887794 9.247573 43.124073 90.078064 76.615623 -30.182877 
5.842518 107.250923 10.181951 -178.409103 -1.237151 179.267044 2.815695 -6.407429 -8.580639 -2.576422 1.916932 18.904652 -1.480534 10.192318 -1.919023 7.155410 6.880763 -17.053957 0.510469 2.131960 -9.985841 4.818042 1.057479 22.434202 -3.212426 -10.239821 -7.876966 22.540190 14.246799 4.399499 5.180809 -0.983844 12.415979 -1.343292 -3.500499 11.623835 3.584991 1.905774 -6.484956 -1.915175 8.166253 25.224154 2.887509 -3.569931 -29.741955 21.487440 -36.065296 -11.344209 -2.184746 -49.483639 -31.214960 15.400115 -7.621256 1.003115 6.097614 -10.415331 35.151573 -88.375092 -75.101425 -33.518166 -24.176245 36.685696 -14.165667 1.377237 51.423679 -31.043037 -14.630761 12.307707 -12.195380 -2.547762 9.106784 43.534206 89.658028 76.613098 -30.545143 
5.898407 107.776421 10.001515 -178.272354 -1.300354 179.535568 2.841417 -5.871352 -7.365510 -2.155083 1.854565 16.325222 -1.798123 9.463446 -0.665104 7.055760 6.783412 -17.330332 0.861589 1.768565 -8.907108 4.451451 1.392566 20.020401 -2.728703 -10.118885 -6.875600 21.526781 14.743380 4.231804 5.248007 -0.924388 11.521953 -1.294183 -3.520259 12.111826 3.495890 1.883069 -6.931646 -1.464270 8.383603 25.556826 2.694108 -4.048692 -29.428152 21.820436 -35.891186 -11.259897 -2.310313 -49.646877 -31.210827 15.552814 -7.649981 1.089614 5.412814 -10.355700 35.215885 -88.149330 -75.024048 -33.606293 -24.152405 36.532997 -13.810852 1.510722 51.733189 -31.085146 -15.029047 12.279092 -12.484946 -2.139941 8.995264 43.684414 89.469513 76.604935 -30.646702 
5.959908 108.226044 9.818635 -178.153976 -1.383813 179.755325 2.892344 -5.319794 -6.118005 -1.788973 1.906878 13.813208 -2.023462 8.677988 0.528240 6.529910 6.218140 -17.540337 1.146115 1.358875 -7.741136 4.054187 1.486688 17.606819 -2.617405 -9.534959 -5.870456 21.438772 14.273153 4.382361 5.304349 -0.896443 10.828156 -1.304860 -3.567183 12.171385 3.496438 1.904234 -6.986914 -1.582178 8.303327 25.672701 2.880447 -4.027913 -29.033407 22.043741 -35.829121 -11.311636 -2.322191 -49.681499 -31.110640 15.643044 -7.685778 0.922463 4.749580 -10.224875 35.440426 -88.463676 -75.074699 -33.425846 -24.297308 36.411686 -13.804212 1.834760 51.893169 -30.811392 -15.317223 12.266447 -12.893647 -1.833780 8.768117 43.814064 89.487297 76.605934 -30.691269 
6.026924 108.610725 9.641172 -178.001038 -1.454361 179.889893 2.982015 -4.764190 -4.841059 -1.378314 2.050557 11.444323 -2.780847 7.562101 1.352003 7.077542 6.894489 -16.933622 1.451661 0.963538 -6.508769 3.740846 1.549376 15.180477 -3.054245 -9.017254 -4.472400 22.496140 14.599078 3.873782 5.431014 -0.888409 10.335108 -1.311521 -3.569580 11.910460 3.472567 1.811057 -6.649592 -1.107590 8.684663 25.423178 2.664734 -4.665222 -28.343433 22.462210 -35.686409 -11.873712 -2.691470 -49.714367 -30.609241 15.772259 -7.641730 0.566958 4.150827 -10.279678 35.985607 -87.544235 -75.009827 -34.230156 -24.546164 36.157799 -13.976292 2.064101 52.180817 -30.844620 -15.555046 12.280592 -13.093002 -1.493768 8.584674 43.811459 89.073982 76.525711 -31.090565 
6.098259 108.934074 9.468794 -177.825867 -1.537370 -179.923584 3.146410 -4.196889 -3.718471 -1.089339 2.212299 9.185695 -3.112275 6.592618 2.468657 6.841710 6.900359 -16.958534 1.798460 0.503069 -5.379566 3.385722 1.699761 12.846223 -2.978385 -8.596985 -3.352285 22.587015 14.634159 3.870351 5.569503 -0.892212 9.681731 -1.299360 -3.573587 11.908019 3.422278 1.760697 -6.599794 -0.964675 8.803322 25.619938 2.678529 -4.891603 -28.058355 22.841591 -35.609634 -12.163350 -2.933213 -49.737968 -30.523121 15.878327 -7.617071 0.560530 3.725027 -10.282030 36.131046 -87.608986 -74.965775 -34.197819 -24.791945 36.028217 -14.112074 2.351338 52.341206 -30.751968 -15.774147 12.211969 -13.456002 -1.101666 8.375117 43.828163 89.095192 76.506409 -31.090412 
6.170876 109.186386 9.298349 -177.664917 -1.610830 -179.763245 3.315635 -3.608851 -2.599241 -0.837436 2.347227 6.985042 -3.662730 5.731824 3.516905 6.938187 6.813337 -16.961103 2.118842 0.097745 -4.215382 3.023299 1.786676 10.509946 -2.688277 -8.190928 -2.317011 22.323061 14.643749 3.806898 5.699182 -0.853425 9.061048 -1.300188 -3.629637 11.902272 3.390366 1.766554 -6.553384 -0.863288 8.850018 25.837879 2.709717 -5.103732 -27.817257 23.057526 -35.701595 -12.351244 -2.922338 -49.653030 -30.451056 15.948852 -7.551212 0.364688 3.490108 -10.327906 36.346355 -87.608360 -74.993683 -34.195374 -24.940447 35.949341 -14.220079 2.436038 52.406700 -30.704062 -15.851105 12.118395 -13.716758 -0.863498 8.217351 43.780190 89.033905 76.526993 -31.155558 
6.245506 109.363060 9.142129 -177.528198 -1.687705 -179.615311 3.512957 -3.045764 -1.567452 -0.727181 2.389679 4.919143 -3.816100 5.004668 4.624514 6.322088 6.492561 -17.050205 2.373826 -0.325420 -3.112637 2.785189 1.945474 8.294917 -2.987239 -7.795677 -1.266706 23.398134 14.279925 4.079896 5.781912 -0.829801 8.439123 -1.275679 -3.672563 12.040435 3.310049 1.789257 -6.731758 -0.912638 8.857012 26.751305 2.983861 -5.134973 -28.258102 23.079878 -35.795296 -12.197987 -2.585553 -49.641479 -30.681997 16.032904 -7.509644 0.361759 3.397502 -10.367807 36.294769 -88.062294 -75.014420 -33.826462 -24.902742 35.871754 -14.092699 2.228424 52.468491 -30.870934 -15.804005 12.012301 -13.785432 -0.782390 8.083621 43.527740 89.116669 76.566010 -31.076502 
6.317715 109.475975 8.998117 -177.366669 -1.754194 -179.461899 3.723974 -2.532113 -0.540327 -0.588577 2.523488 2.874876 -4.445405 4.236218 5.567521 6.732849 6.768948 -16.932438 2.681857 -0.678795 -2.024656 2.465323 2.017731 6.065089 -2.479929 -7.620396 -0.293747 22.494640 14.770816 3.655580 5.908264 -0.816313 7.953089 -1.290695 -3.661628 11.709732 3.315216 1.763389 -6.348520 -0.648566 9.003050 26.685566 2.881246 -5.522391 -27.869001 23.409307 -35.918827 -12.608129 -2.595968 -49.475883 -30.503729 16.084520 -7.418341 0.088893 3.430460 -10.485554 36.449417 -87.675911 -75.007896 -34.218994 -25.276901 35.812904 -14.646111 2.496938 52.330982 -30.678299 -15.703410 11.940308 -13.844932 -0.751770 8.062407 43.519718 88.916946 76.534195 -31.299053 
6.388710 109.534126 8.867664 -177.225647 -1.821437 -179.336487 3.942291 -2.055437 0.433145 -0.542015 2.584988 0.946751 -4.591678 3.563142 6.550435 6.396055 6.714421 -16.940010 2.928761 -1.067946 -0.989587 2.249087 2.121107 3.988060 -2.566175 -7.352800 0.602263 22.986479 14.718799 3.763036 5.960682 -0.802879 7.453504 -1.223096 -3.671174 11.637312 3.298475 1.777787 -6.297075 -0.653094 9.049734 27.305799 3.031644 -5.665085 -28.106993 23.652544 -36.017281 -12.749024 -2.504043 -49.365604 -30.638710 16.120728 -7.402233 -0.022758 3.561961 -10.555114 36.466343 -87.781708 -75.030373 -34.172836 -25.463966 35.755772 -14.781744 2.317290 52.218582 -30.904009 -15.519263 11.881645 -13.656494 -0.910885 8.055433 43.422256 88.825592 76.525108 -31.448572 
6.459824 109.539589 8.762910 -177.090530 -1.884596 -179.199020 4.166073 -1.563461 1.334055 -0.519468 2.539273 -0.886688 -4.976162 3.065300 7.406564 6.519915 6.636858 -16.936724 3.172627 -1.441047 -0.007327 1.995151 2.164733 1.965809 -2.195237 -7.132173 1.444827 22.541306 14.860413 3.583166 6.021632 -0.741324 7.043821 -1.175153 -3.730473 11.497944 3.313553 1.807650 -6.248594 -0.644079 9.085570 27.740105 3.126717 -5.812575 -28.244705 23.757137 -36.148972 -12.824546 -2.193113 -49.218353 -30.781868 16.067564 -7.335351 -0.080122 3.733023 -10.669024 36.295959 -87.835426 -75.033569 -34.178364 -25.683775 35.727650 -15.091520 2.271694 52.040493 -30.824850 -15.319549 11.777999 -13.615108 -1.089665 8.117595 43.638203 88.889069 76.566246 -31.365503 
6.523975 109.498566 8.676136 -176.978745 -1.934625 -179.079849 4.375015 -1.167374 2.174877 -0.527102 2.572193 -2.587560 -5.196254 2.556081 8.165486 6.408145 6.658251 -16.888475 3.374927 -1.798841 0.899167 1.801592 2.242515 0.096062 -2.223473 -6.904357 2.222381 22.838718 14.891536 3.491615 6.055915 -0.701139 6.659862 -1.110107 -3.739629 11.422762 3.286694 1.810439 -6.251242 -0.532921 9.196218 28.221663 3.214668 -6.084162 -28.412401 23.989033 -36.191814 -12.997890 -2.000352 -49.155083 -30.964193 16.031816 -7.273519 -0.174863 3.781794 -10.753949 36.324612 -87.907257 -75.040268 -34.164291 -25.891155 35.671547 -15.297581 2.118611 51.905849 -30.973478 -15.166091 11.702899 -13.395751 -1.337230 8.198915 43.837246 88.812614 76.561958 -31.454447 
6.586040 109.415459 8.604283 -176.943771 -1.963657 -178.960037 4.402360 -0.876977 2.937717 -0.404090 2.354736 -4.124074 -6.126744 3.261051 8.535511 8.445589 5.341512 -17.066813 3.541683 -2.120849 1.746379 1.563533 2.691561 -1.638036 -2.288728 -7.248336 3.037695 23.375797 15.070649 3.252478 5.815555 -0.565615 6.521945 -0.815651 -3.836187 10.549039 3.246284 1.859677 -5.325615 -1.202376 8.897038 30.091724 3.932941 -5.497248 -30.425653 24.519535 -36.175667 -14.068979 -2.263110 -49.055550 -29.627638 16.112499 -6.794261 -1.707224 3.771141 -10.996674 36.829811 -88.423523 -74.984589 -33.948727 -26.063189 35.183201 -15.954529 2.225509 52.080547 -30.400328 -15.243769 11.418474 -13.221525 -1.654472 8.357976 43.621262 89.659317 76.282829 -30.850193 
6.637600 109.294319 8.539729 -176.836655 -2.047751 -178.864563 4.714944 -0.454096 3.620470 -0.588404 2.502220 -5.532715 -5.700521 1.759259 9.272379 6.317476 6.562995 -16.928301 3.715350 -2.418842 2.463606 1.418198 2.311328 -3.100589 -1.920224 -6.609272 3.174344 22.450357 14.989923 3.402361 6.030047 -0.587107 6.037181 -1.017100 -3.825403 11.496444 3.250928 1.858924 -6.650212 -0.439970 9.322775 28.888126 3.395999 -6.429386 -28.502581 24.290619 -36.255013 -13.169993 -1.362298 -49.108700 -31.288378 16.015335 -7.072198 -0.675293 3.131160 -10.820631 36.659248 -88.113602 -75.055206 -34.062733 -26.311165 35.598164 -15.592469 2.084441 51.635498 -30.862156 -15.299051 11.645185 -13.363619 -1.467097 8.214026 44.557262 88.834709 76.596565 -31.436525 
6.691730 109.121437 8.475193 -176.806046 -2.089759 -178.851181 4.847450 -0.083279 4.269759 -0.640036 2.411832 -6.668466 -5.819186 1.370636 9.479134 6.220564 6.566175 -16.925461 3.826809 -2.719147 3.173919 1.275066 2.404595 -4.360347 -1.884759 -6.522391 3.333186 22.442959 14.986975 3.347245 5.956708 -0.531876 5.845403 -0.972840 -3.849689 11.550963 3.242125 1.852028 -6.801451 -0.344297 9.418079 28.987871 3.400356 -6.647438 -28.456203 24.590076 -36.171814 -13.419275 -1.143929 -49.102219 -31.395168 15.951835 -7.010674 -0.903628 2.699928 -10.775693 36.847256 -88.154289 -75.064758 -34.047092 -26.587568 35.486233 -15.799514 2.070625 51.558937 -30.747267 -15.386065 11.626284 -13.388337 -1.510275 8.159552 44.829548 88.843895 76.613487 -31.421726 
6.747643 108.894356 8.417427 -176.782272 -2.150162 -178.850021 4.978565 0.272944 4.731369 -0.685151 2.281276 -7.435562 -5.904137 1.012587 9.423704 6.258138 6.588774 -16.925585 3.934019 -2.962543 3.787598 1.140342 2.554920 -5.419346 -1.806269 -6.601184 3.254781 22.250216 15.051947 3.257730 5.877923 -0.474905 5.668762 -0.953972 -3.886906 11.577268 3.260454 1.848976 -6.882396 -0.238513 9.510119 28.853111 3.386732 -6.862214 -28.229876 24.978939 -36.063354 -13.674206 -0.888164 -49.079483 -31.604418 15.884803 -6.975901 -1.076009 2.199219 -10.707361 37.045284 -88.164497 -75.071198 -34.065887 -26.884445 35.334637 -15.978889 1.993828 51.503315 -30.723848 -15.490201 11.602536 -13.447083 -1.451829 8.077785 44.965675 88.813423 76.618668 -31.456673 
6.801922 108.632217 8.362633 -176.748352 -2.202343 -178.883316 5.139501 0.677178 5.006888 -0.750559 2.028906 -7.816307 -5.713098 0.694034 9.181397 5.918238 6.473427 -16.930105 4.006131 -3.237674 4.317675 1.076147 2.865983 -6.275257 -1.990911 -6.755489 3.046683 22.625635 14.949273 3.444936 5.795356 -0.437731 5.467890 -0.888503 -3.938607 11.802112 3.233788 1.866266 -7.160029 -0.330017 9.521708 29.024675 3.516140 -6.903845 -28.231125 25.313099 -35.894455 -13.745581 -0.550757 -49.121452 -32.011967 15.816118 -6.963957 -1.202368 1.744907 -10.565878 37.200283 -88.451859 -75.075226 -33.825558 -26.987318 35.198734 -15.844180 1.532938 51.526310 -31.040173 -15.531490 11.521166 -13.487966 -1.413323 8.001720 44.990978 88.853706 76.641045 -31.337694 
6.851242 108.359062 8.319144 -176.725159 -2.255644 -178.948227 5.236372 0.968450 5.292087 -0.753567 1.844851 -8.107102 -5.819858 0.435764 8.717666 6.319571 6.638181 -16.948809 4.097240 -3.451437 4.880177 0.951058 2.939101 -7.098357 -1.758820 -6.769901 2.736056 21.987095 15.043561 3.130393 5.733569 -0.404535 5.473908 -0.872636 -3.940423 11.628556 3.264500 1.808547 -7.007062 0.011807 9.687859 28.154993 3.184377 -7.343205 -27.206831 25.723310 -35.683945 -14.173836 -0.327630 -49.157223 -32.148289 15.699639 -6.903652 -1.326543 1.364726 -10.489246 37.497696 -88.234840 -75.091843 -34.005493 -27.316477 35.006447 -16.175076 1.486781 51.542454 -30.970654 -15.637746 11.467849 -13.674512 -1.234822 7.890755 44.962269 88.843559 76.628983 -31.433191 
6.886009 108.098991 8.287798 -176.705444 -2.291814 -179.043060 5.311525 1.195231 5.448931 -0.730759 1.477427 -8.148618 -5.630429 0.487747 8.146082 6.468020 6.519160 -17.040716 4.134737 -3.683770 5.342034 0.902161 3.239452 -7.716921 -1.780973 -6.990663 2.326515 21.778685 15.141012 3.205712 5.659390 -0.360454 5.416712 -0.824329 -3.980573 11.839703 3.248010 1.807224 -7.296204 0.078381 9.758574 27.837326 3.101331 -7.516102 -26.568077 25.990606 -35.495247 -14.204891 0.102559 -49.239407 -32.517242 15.592787 -6.870193 -1.440927 1.152739 -10.365122 37.639786 -88.340149 -75.110466 -33.963661 -27.364826 34.934238 -16.066679 0.951740 51.542049 -31.245556 -15.589701 11.351098 -13.879031 -1.144992 7.778105 44.835518 88.647774 76.651299 -31.599739 
6.902355 107.855362 8.254190 -176.700043 -2.307637 -179.188690 5.311077 1.272195 5.637055 -0.678084 1.213744 -8.092620 -5.348207 0.458683 7.427596 6.539532 6.680700 -17.018597 4.186061 -3.832420 5.845195 0.814337 3.420177 -8.289928 -1.670137 -7.107734 1.908278 21.460831 15.084617 2.946858 5.545808 -0.297853 5.545168 -0.734729 -4.009241 11.699874 3.234748 1.784936 -7.229249 0.252663 9.786896 27.058090 2.842798 -7.769681 -25.556335 26.261772 -35.291031 -14.505624 0.300523 -49.398369 -32.529701 15.621985 -6.799428 -1.574108 1.112120 -10.273149 37.780491 -88.264450 -75.121628 -33.999695 -27.506250 34.765491 -16.449228 1.020784 51.642490 -30.906096 -15.652557 11.205868 -14.034722 -1.000204 7.715655 44.485851 88.879372 76.642799 -31.407642 
6.904198 107.627281 8.222662 -176.692215 -2.308776 -179.350555 5.318942 1.236907 5.772553 -0.664358 0.967062 -7.923360 -5.012438 0.638134 6.684022 6.670755 6.700612 -17.042835 4.210044 -3.960421 6.320598 0.760462 3.680795 -8.777723 -1.693495 -7.312281 1.500909 21.230902 15.115599 2.848676 5.472505 -0.238499 5.649628 -0.684070 -4.032667 11.677085 3.197520 1.781291 -7.309981 0.398255 9.814283 26.466902 2.642072 -7.984440 -24.669365 26.444235 -35.179111 -14.571139 0.694348 -49.539375 -32.829769 15.630306 -6.695977 -1.672960 1.209280 -10.273649 37.866920 -88.302200 -75.130714 -33.973633 -27.543676 34.736099 -16.638941 0.838336 51.624969 -30.920033 -15.579148 11.065372 -14.143951 -0.870060 7.649868 44.274170 88.892754 76.643005 -31.394127 
6.898701 107.408386 8.190867 -176.683762 -2.309773 -179.558701 5.334622 1.140704 5.915875 -0.666428 0.738847 -7.683084 -4.656034 0.861372 5.962353 6.761191 6.724020 -17.075827 4.221488 -4.039800 6.832433 0.730352 3.937634 -9.230690 -1.793652 -7.543178 1.157641 21.008478 15.145166 2.765983 5.437560 -0.184757 5.817179 -0.668949 -4.042326 11.674671 3.134971 1.769230 -7.406421 0.565552 9.842362 25.772282 2.394765 -8.214474 -23.707239 26.581459 -35.133369 -14.662409 1.127216 -49.649948 -33.163734 15.628116 -6.575665 -1.796761 1.411260 -10.297083 38.055607 -88.353760 -75.145180 -33.936882 -27.653955 34.724297 -16.934544 0.765724 51.553909 -30.848209 -15.421143 10.889187 -14.268241 -0.836226 7.636917 44.040264 88.894646 76.645340 -31.392633 
6.887344 107.196533 8.165586 -176.643463 -2.325942 -179.738953 5.392122 1.004585 5.946709 -0.701280 0.427144 -7.366187 -4.057135 1.407971 5.388750 6.489802 6.200385 -17.146126 4.252378 -4.197711 7.225922 0.678493 4.426057 -9.562425 -1.755034 -7.912453 0.875382 19.342787 14.950515 2.084569 5.500575 -0.110586 5.848632 -0.768874 -4.155169 11.953704 3.059204 1.877807 -7.720176 0.610111 9.713760 25.326145 2.277016 -8.265559 -22.994156 27.033546 -35.200855 -14.970189 1.130818 -49.567558 -33.223705 15.554795 -6.575109 -1.785709 1.838601 -10.181022 37.916122 -88.834312 -75.199303 -33.588428 -27.874899 34.798569 -17.237778 0.767345 51.283859 -30.427696 -15.171947 10.631593 -14.806608 -1.060626 7.664554 43.531063 88.854080 76.509468 -31.520079 
6.870491 107.004654 8.143564 -176.689987 -2.304813 179.910034 5.348518 0.896063 6.233490 -0.696466 0.350802 -7.096527 -3.950223 1.313255 4.726481 6.952262 6.751621 -17.136282 4.135405 -4.185518 7.747453 0.800979 4.493602 -9.745564 -2.100836 -8.023766 0.518453 20.554005 15.208925 2.601458 5.426699 -0.114149 6.380267 -0.693155 -4.054692 11.722978 2.956521 1.783186 -7.711051 0.983312 9.911656 23.984465 1.716568 -8.802439 -21.327442 27.160818 -35.077637 -15.141948 1.541952 -49.724144 -33.273563 15.319680 -6.322443 -2.189414 2.492121 -10.393469 37.826431 -88.378654 -75.153992 -33.970104 -28.305639 34.756527 -17.796345 1.128593 51.096500 -30.078867 -14.982998 10.623462 -14.731056 -1.132154 7.616234 43.070835 88.834152 76.637543 -31.467806 
6.858494 106.842979 8.136725 -176.702988 -2.313235 179.672684 5.403200 0.834163 6.239269 -0.788890 0.145113 -6.660069 -3.565236 1.493145 4.247082 6.769274 6.541664 -17.134575 4.035281 -4.250687 7.932574 0.959067 4.800448 -9.610254 -2.639999 -8.219282 0.200076 21.391529 14.962592 2.819368 5.449408 -0.106331 6.591743 -0.748458 -4.038273 11.872303 2.869265 1.770605 -7.993214 0.896103 9.878469 23.531914 1.695928 -8.855249 -20.588263 27.407246 -35.043457 -15.311422 1.580458 -49.788757 -33.216793 15.160494 -6.211981 -2.358407 3.066936 -10.491400 37.525974 -88.618111 -75.145012 -33.799553 -28.603746 34.767323 -17.913229 1.139063 50.891808 -29.992712 -14.737811 10.532146 -14.882893 -1.397609 7.618560 42.453621 88.825386 76.638527 -31.509857 
6.848030 106.717735 8.132199 -176.704803 -2.339407 179.488510 5.473135 0.798997 6.195883 -0.878348 0.055573 -6.252024 -3.585238 1.465901 3.926285 7.077465 6.741316 -17.219706 3.985832 -4.261106 8.059114 1.060215 4.875007 -9.492099 -2.412801 -8.388454 -0.139030 20.361084 15.269555 2.509586 5.523133 -0.127597 6.739647 -0.866849 -4.016405 11.836504 2.778443 1.741522 -7.903428 1.434810 10.061569 22.301441 1.016049 -9.356222 -19.128868 27.819138 -35.051514 -15.715036 1.509333 -49.772007 -33.200245 14.962721 -6.103713 -2.680764 3.508873 -10.551097 37.508617 -88.269920 -75.150787 -34.094662 -29.062895 34.756611 -18.408855 1.596993 50.702011 -29.457207 -14.663136 10.417129 -15.320065 -1.549331 7.611079 42.095211 88.703049 76.617851 -31.577965 
6.839771 106.639557 8.134676 -176.734268 -2.363426 179.348907 5.532065 0.732174 6.049624 -1.010095 0.011770 -5.761960 -3.570747 1.445704 3.685642 7.129980 6.751241 -17.203970 3.896073 -4.248037 8.045739 1.191101 4.944479 -9.217321 -2.472128 -8.453833 -0.451960 20.305048 15.177974 2.525487 5.561392 -0.137319 6.786629 -0.988472 -3.993873 11.802074 2.730365 1.699774 -7.771789 1.501878 10.062710 21.605022 0.810645 -9.457471 -18.271763 28.098457 -35.052937 -16.017170 1.372964 -49.805080 -33.226494 14.820846 -6.001437 -2.865499 3.812317 -10.692278 37.366951 -88.272469 -75.143158 -34.087486 -29.392727 34.773193 -18.663223 1.880374 50.571690 -29.235765 -14.623146 10.298523 -15.699736 -1.613238 7.598220 41.824730 88.766518 76.615761 -31.523712 
6.833313 106.605339 8.138640 -176.787338 -2.374905 179.287827 5.574665 0.588734 5.808720 -1.166514 0.027008 -5.290308 -3.655722 1.607359 3.700593 6.866244 6.349932 -17.387001 3.807400 -4.152303 7.867924 1.266912 4.977353 -8.805818 -2.352684 -8.485321 -0.800954 19.973177 14.520720 2.704260 5.579950 -0.148906 6.615268 -1.125858 -3.949592 12.054952 2.679733 1.696544 -7.973975 1.120014 9.716020 21.784372 1.093088 -9.024962 -18.274620 28.085556 -35.248199 -15.887173 1.500216 -49.776443 -33.525780 14.627728 -5.943686 -3.023937 4.067225 -10.927656 37.513481 -88.594078 -75.245552 -33.746185 -29.391825 34.945358 -18.248117 1.570467 50.451260 -29.535433 -14.555010 10.093332 -16.246502 -1.627076 7.597241 41.740520 88.664207 76.622520 -31.425278 
6.871708 106.617790 8.147517 -176.739151 -2.464988 178.390579 5.993941 1.687777 6.294891 -1.392341 -0.276020 -4.530122 -5.158316 0.379244 3.702632 7.799593 6.794661 -17.002169 3.585491 -6.388172 8.037498 1.229890 2.809256 -7.335538 -0.707618 -4.438600 -1.325210 19.706261 15.299672 2.341470 6.557486 0.129357 8.331306 -2.161315 -3.802897 11.547303 2.399946 1.296908 -8.392278 0.817761 6.796908 17.786455 -0.467180 -6.771342 -12.749931 29.248367 -35.588615 -16.321671 0.606877 -48.582935 -33.301048 13.248127 -7.973333 2.189999 7.315701 -9.325061 31.390102 -87.146614 -74.923759 -35.027813 -30.004011 33.463455 -17.814590 3.332034 51.176331 -32.867153 -15.224014 11.482254 -11.488713 -0.355014 6.536193 38.831898 88.499245 76.419945 -31.699100 
6.888912 106.654488 8.168732 -176.821091 -2.479833 178.356262 5.979461 1.576077 5.967733 -1.476218 -0.451239 -3.974952 -5.716593 0.740726 3.639884 8.558782 6.584147 -17.279228 3.485304 -6.505576 7.651877 1.215718 2.628045 -6.630337 -0.347333 -4.229982 -1.632376 19.752922 15.463682 2.838407 6.530032 0.230269 8.088994 -2.184819 -3.864836 11.859863 2.238630 1.273201 -8.571241 1.038040 6.662445 18.193014 -0.647942 -6.761563 -12.891579 29.231583 -35.699306 -15.794673 0.821527 -48.553959 -33.606865 13.035202 -8.130738 3.167651 7.929111 -9.338778 29.970821 -87.402214 -74.853127 -34.875687 -29.736952 33.396339 -17.106903 3.214202 51.330414 -33.281975 -15.363378 11.709817 -10.641559 -0.500011 6.466541 37.383701 88.590431 76.270271 -31.791838 
