HIERARCHY
ROOT pelvis
{
  OFFSET 0.181838 -26.641924 2.013742
  CHANNELS 6 Xposition Yposition Zposition Zrotation Yrotation Xrotation
  JOINT left_hip
  {
    OFFSET 6.420887 -9.265385 -2.291165
    CHANNELS 3 Zrotation Yrotation Xrotation
    JOINT left_knee
    {
      OFFSET 4.829535 -42.424476 0.937445
      CHANNELS 3 Zrotation Yrotation Xrotation
      JOINT left_ankle
      {
        OFFSET -1.600232 -46.824226 -4.092603
        CHANNELS 3 Zrotation Yrotation Xrotation
        JOINT left_foot
        {
          OFFSET 4.929668 -6.733517 13.412784
          CHANNELS 3 Zrotation Yrotation Xrotation
          End Site
          {
            OFFSET 0.000000 0.000000 0.000000
          }
        }
      }
    }
  }
  JOINT right_hip
  {
    OFFSET -6.492824 -10.010968 -1.952781
    CHANNELS 3 Zrotation Yrotation Xrotation
    JOINT right_knee
    {
      OFFSET -5.039100 -42.448609 -0.653631
      CHANNELS 3 Zrotation Yrotation Xrotation
      JOINT right_ankle
      {
        OFFSET 2.179444 -46.491981 -3.805516
        CHANNELS 3 Zrotation Yrotation Xrotation
        JOINT right_foot
        {
          OFFSET -4.252404 -6.956109 14.428835
          CHANNELS 3 Zrotation Yrotation Xrotation
          End Site
          {
            OFFSET 0.000000 0.000000 0.000000
          }
        }
      }
    }
  }
  JOINT spine1
  {
    OFFSET 0.435145 13.839211 -3.630818
    CHANNELS 3 Zrotation Yrotation Xrotation
    JOINT spine2
    {
      OFFSET 0.343761 15.588624 3.402218
      CHANNELS 3 Zrotation Yrotation Xrotation
      JOINT spine3
      {
        OFFSET -0.371286 6.148425 0.564505
        CHANNELS 3 Zrotation Yrotation Xrotation
        JOINT neck
        {
          OFFSET -1.634386 22.948153 -3.298267
          CHANNELS 3 Zrotation Yrotation Xrotation
          JOINT head
          {
            OFFSET 1.028768 9.382157 6.139421
            CHANNELS 3 Zrotation Yrotation Xrotation
            End Site
            {
              OFFSET 0.000000 0.000000 0.000000
            }
          }
        }
        JOINT left_collar
        {
          OFFSET 7.685823 12.324401 -2.373022
          CHANNELS 3 Zrotation Yrotation Xrotation
          JOINT left_shoulder
          {
            OFFSET 12.931292 5.246330 -1.926808
            CHANNELS 3 Zrotation Yrotation Xrotation
            JOINT left_elbow
            {
              OFFSET 29.195313 -2.161876 -2.258029
              CHANNELS 3 Zrotation Yrotation Xrotation
              End Site
              {
                OFFSET 29.087969 1.565127 -0.710038
              }
            }
          }
        }
        JOINT right_collar
        {
          OFFSET -9.194624 12.359107 -2.780164
          CHANNELS 3 Zrotation Yrotation Xrotation
          JOINT right_shoulder
          {
            OFFSET -12.145171 5.608093 -0.527714
            CHANNELS 3 Zrotation Yrotation Xrotation
            JOINT right_elbow
            {
              OFFSET -29.378825 -2.146991 -3.149714
              CHANNELS 3 Zrotation Yrotation Xrotation
              End Site
              {
                OFFSET -29.867520 1.127055 -0.601422
              }
            }
          }
        }
      }
    }
  }
}
MOTION
Frames: 284
Frame Time: 0.008333
2.147394 105.826674 16.585548 -176.899638 -0.760411 175.139449 3.494527 0.275388 3.823276 -2.787402 -6.751290 -2.021194 -0.154592 9.163565 1.308224 0.000000 0.000000 0.000000 2.882341 -0.329765 -1.970606 0.942851 0.726415 10.148706 1.083817 -5.820387 -6.205844 0.000000 0.000000 0.000000 -2.003152 3.510487 0.677822 2.643412 -2.762438 17.487197 0.035730 0.961578 -4.821816 -0.904103 5.311145 23.900827 3.857897 3.116371 6.157567 -20.793026 -3.744496 5.574297 -55.129481 -19.880262 8.764086 18.654047 -18.004577 -5.958531 18.354945 4.162039 5.857228 66.358949 12.626166 7.369843 -22.127310 32.250620 -17.047530
2.093431 105.826497 16.716181 -176.870260 -0.570610 175.214136 3.536952 0.326939 3.957543 -2.782284 -6.711626 -2.508792 -0.358682 9.219171 1.274483 0.000000 0.000000 0.000000 2.921217 -0.126932 -2.398026 0.964590 0.657763 10.641864 0.900874 -5.757557 -6.494174 0.000000 0.000000 0.000000 -2.090156 3.452092 0.825054 2.619351 -2.697565 17.564614 0.077726 0.981310 -4.939153 -0.954255 5.470676 23.517682 3.852784 3.023967 5.824113 -20.742955 -4.163197 5.641083 -54.864402 -20.128925 8.872612 18.483013 -18.674074 -5.397426 18.408046 4.532401 5.914754 66.216203 13.010900 7.309845 -22.534907 32.901003 -17.280226
2.032825 105.831823 16.845101 -176.852062 -0.376172 175.267995 3.550705 0.367927 4.102423 -2.761509 -6.664452 -2.967588 -0.537522 9.287282 1.302998 0.000000 0.000000 0.000000 2.950596 0.078752 -2.801306 0.977567 0.588520 11.139920 0.733030 -5.681670 -6.805833 0.000000 0.000000 0.000000 -2.174461 3.393164 0.969249 2.589596 -2.640947 17.697070 0.120345 1.005480 -5.089429 -1.016601 5.660472 23.128984 3.878535 2.934975 5.511068 -20.707264 -4.601358 5.714636 -54.572547 -20.407276 8.934027 18.335559 -19.303751 -4.931743 18.477923 4.935835 6.022456 66.006400 13.441874 7.214412 -22.940120 33.538504 -17.520102
1.974265 105.836912 16.971626 -176.845662 -0.200386 175.328636 3.542718 0.378310 4.213748 -2.741510 -6.575971 -3.381160 -0.645108 9.329250 1.389135 0.000000 0.000000 0.000000 2.972085 0.265013 -3.197074 0.983208 0.526512 11.621515 0.571346 -5.614819 -7.169011 0.000000 0.000000 0.000000 -2.264563 3.351471 1.116304 2.557929 -2.592798 17.818480 0.164159 1.019493 -5.259091 -1.092633 5.818135 22.757987 3.913950 2.845360 5.176073 -20.668762 -5.041953 5.772242 -54.259857 -20.680551 9.004125 18.203158 -19.915340 -4.475668 18.559776 5.343826 6.095617 65.795565 13.843586 7.166478 -23.415366 34.116712 -17.783942
1.919235 105.844144 17.096966 -176.819496 -0.014034 175.396134 3.557724 0.385867 4.309082 -2.726051 -6.490141 -3.776033 -0.746867 9.395491 1.493825 0.000000 0.000000 0.000000 3.022836 0.464289 -3.587723 0.982508 0.474381 12.072905 0.430754 -5.540794 -7.516468 0.000000 0.000000 0.000000 -2.319985 3.300450 1.258885 2.520204 -2.539241 17.921823 0.210845 1.040575 -5.418521 -1.190148 5.976723 22.408505 3.947233 2.764129 4.810621 -20.642799 -5.485969 5.818876 -53.926555 -20.960831 9.028125 18.068829 -20.473089 -4.050380 18.605720 5.770717 6.177391 65.590825 14.279357 7.075283 -23.882448 34.627856 -18.016314
1.863943 105.851288 17.216364 -176.808268 0.172189 175.451595 3.548216 0.383859 4.404382 -2.702083 -6.374793 -4.137307 -0.829130 9.430968 1.613219 0.000000 0.000000 0.000000 3.063351 0.632594 -3.929755 0.973918 0.452259 12.465885 0.301570 -5.447955 -7.852831 0.000000 0.000000 0.000000 -2.382619 3.271713 1.402225 2.486368 -2.487252 18.041658 0.256948 1.063232 -5.604985 -1.282905 6.114612 22.068881 3.986970 2.686892 4.462717 -20.593646 -5.947383 5.859911 -53.588577 -21.241817 9.112562 17.936259 -20.984527 -3.570978 18.644998 6.200643 6.245344 65.361622 14.689569 7.028246 -24.368820 35.127075 -18.227791
1.807941 105.858944 17.336444 -176.803267 0.341271 175.511686 3.523107 0.340401 4.472709 -2.671726 -6.242497 -4.460956 -0.904682 9.473564 1.752935 0.000000 0.000000 0.000000 3.093285 0.797749 -4.254107 0.960382 0.417796 12.816491 0.196596 -5.341142 -8.182510 0.000000 0.000000 0.000000 -2.425313 3.239302 1.565415 2.435688 -2.444076 18.097806 0.289408 1.088166 -5.762392 -1.425617 6.263300 21.763172 4.113366 2.617157 4.064037 -20.523097 -6.434146 5.886256 -53.248873 -21.479983 9.211732 17.847301 -21.452277 -3.090032 18.683466 6.649958 6.275274 65.133168 15.099961 6.962482 -24.863956 35.546136 -18.484057
1.756289 105.864941 17.461728 -176.799537 0.511317 175.562882 3.499672 0.323029 4.523607 -2.647834 -6.128987 -4.749486 -0.959861 9.515632 1.890504 0.000000 0.000000 0.000000 3.124142 0.940754 -4.558518 0.946839 0.414630 13.132468 0.116841 -5.242512 -8.468200 0.000000 0.000000 0.000000 -2.454917 3.203380 1.728554 2.384200 -2.406452 18.145034 0.320405 1.127831 -5.894013 -1.580678 6.395815 21.443209 4.201863 2.546842 3.669260 -20.436672 -6.953105 5.890578 -52.876033 -21.687033 9.345226 17.749647 -21.897863 -2.509464 18.647095 7.162063 6.272205 64.904803 15.489929 6.969739 -25.361562 35.892972 -18.629463
1.704339 105.872009 17.585380 -176.811596 0.680640 175.598068 3.442473 0.284137 4.578918 -2.605500 -5.987437 -5.015563 -0.996722 9.560799 2.058861 0.000000 0.000000 0.000000 3.138855 1.081931 -4.801484 0.925030 0.415440 13.355938 0.078009 -5.152864 -8.732874 0.000000 0.000000 0.000000 -2.472392 3.177666 1.910727 2.318523 -2.367725 18.163977 0.335404 1.179429 -6.002544 -1.764275 6.514478 21.140526 4.348138 2.489235 3.246812 -20.318342 -7.512158 5.875947 -52.506730 -21.884603 9.527819 17.698361 -22.268080 -1.947726 18.574903 7.675735 6.213755 64.701314 15.900137 7.016758 -25.860056 36.118345 -18.770370
1.655870 105.876488 17.712591 -176.827641 0.832300 175.635711 3.381941 0.231128 4.609728 -2.560303 -5.855519 -5.249338 -1.036669 9.607272 2.241705 0.000000 0.000000 0.000000 3.144533 1.205553 -5.028313 0.914181 0.419346 13.534190 0.060066 -5.083014 -8.951870 0.000000 0.000000 0.000000 -2.473742 3.143358 2.131052 2.241019 -2.330112 18.064449 0.353372 1.231156 -6.044377 -1.984234 6.613068 20.818472 4.521997 2.456664 2.849460 -20.189417 -8.084626 5.826784 -52.112657 -22.054401 9.734630 17.633406 -22.581028 -1.331023 18.465630 8.197553 6.098210 64.471708 16.306510 7.060636 -26.268669 36.288095 -18.864645
1.608754 105.880824 17.839652 -176.852702 0.977107 175.666219 3.307752 0.178172 4.629502 -2.518689 -5.722431 -5.463256 -1.027019 9.668975 2.449538 0.000000 0.000000 0.000000 3.148407 1.320801 -5.198691 0.888517 0.462981 13.612328 0.081613 -5.014356 -9.148838 0.000000 0.000000 0.000000 -2.478962 3.110823 2.385140 2.161967 -2.308547 17.912580 0.373792 1.296089 -6.092423 -2.212744 6.696002 20.512538 4.692399 2.435354 2.500674 -20.026557 -8.684862 5.773362 -51.734339 -22.174650 9.948008 17.601403 -22.901888 -0.796579 18.306773 8.762229 5.978801 64.202736 16.708740 7.105776 -26.596575 36.397657 -18.980951
1.562923 105.883275 17.966457 -176.868975 1.110443 175.710466 3.250090 0.133685 4.601645 -2.486380 -5.596404 -5.617487 -1.028790 9.709277 2.659979 0.000000 0.000000 0.000000 3.154590 1.399508 -5.344812 0.873240 0.510819 13.605861 0.164014 -4.941785 -9.310659 0.000000 0.000000 0.000000 -2.459633 3.081300 2.641766 2.083778 -2.294459 17.679404 0.397726 1.359057 -6.092013 -2.472032 6.742007 20.179285 4.862029 2.424085 2.215371 -19.825440 -9.308827 5.705628 -51.377638 -22.301394 10.172540 17.576504 -23.174226 -0.317680 18.087408 9.340560 5.822067 63.882459 17.097445 7.174057 -26.823897 36.497107 -19.014132
1.512719 105.886690 18.093240 -176.893528 1.218075 175.738498 3.163660 0.065442 4.580867 -2.429682 -5.484881 -5.767717 -0.988527 9.767546 2.913938 0.000000 0.000000 0.000000 3.140920 1.437608 -5.414994 0.866074 0.586972 13.487267 0.287261 -4.865987 -9.404398 0.000000 0.000000 0.000000 -2.418675 3.044240 2.945556 1.988327 -2.298855 17.342721 0.407012 1.436968 -6.038374 -2.766974 6.738456 19.833119 5.058667 2.460741 2.000228 -19.603683 -9.937653 5.636953 -51.003688 -22.450424 10.377740 17.505339 -23.447689 0.113631 17.838484 9.915553 5.674938 63.485503 17.526730 7.202880 -26.908463 36.577497 -19.004181
1.463499 105.889002 18.218738 -176.915551 1.311853 175.778359 3.082858 -0.001753 4.533853 -2.374066 -5.387812 -5.899258 -0.938392 9.822136 3.203385 0.000000 0.000000 0.000000 3.128576 1.459758 -5.451503 0.846083 0.640403 13.270149 0.416332 -4.789857 -9.384843 0.000000 0.000000 0.000000 -2.375980 3.004414 3.205984 1.894910 -2.310684 17.019067 0.424212 1.514175 -5.962222 -3.043831 6.713156 19.471325 5.232822 2.488644 1.799939 -19.369004 -10.566409 5.526468 -50.644285 -22.640480 10.555068 17.443167 -23.721616 0.364927 17.569014 10.518123 5.496122 63.026919 17.988967 7.236979 -26.973228 36.570335 -18.967090
1.414839 105.892575 18.341306 -176.941264 1.394891 175.818854 2.994759 -0.045630 4.459219 -2.317263 -5.301766 -5.984506 -0.868133 9.847284 3.492536 0.000000 0.000000 0.000000 3.116240 1.460156 -5.435264 0.811252 0.705508 12.954139 0.493914 -4.698996 -9.224211 0.000000 0.000000 0.000000 -2.325221 2.962694 3.472062 1.799180 -2.330289 16.659636 0.438266 1.593292 -5.881650 -3.312810 6.678878 19.115467 5.412808 2.513356 1.667952 -19.137305 -11.188005 5.439971 -50.250255 -22.892080 10.639580 17.386537 -24.014636 0.464835 17.268112 11.107087 5.360467 62.487189 18.521843 7.200232 -26.909973 36.566295 -18.851773
1.360190 105.894135 18.456352 -176.976538 1.454079 175.852847 2.888293 -0.092699 4.390048 -2.246784 -5.242533 -6.066942 -0.786095 9.881398 3.797934 0.000000 0.000000 0.000000 3.084861 1.429398 -5.369430 0.774120 0.777773 12.549293 0.548279 -4.610286 -8.929260 0.000000 0.000000 0.000000 -2.264248 2.915266 3.717601 1.694183 -2.353511 16.299349 0.443419 1.661545 -5.783869 -3.552965 6.601823 18.762081 5.550042 2.555631 1.568103 -18.909184 -11.771236 5.315886 -49.826982 -23.216993 10.680942 17.285543 -24.321029 0.433098 16.983590 11.692304 5.231404 61.845009 19.114990 7.139660 -26.793595 36.513002 -18.716884
1.313413 105.896056 18.569529 -176.993467 1.494532 175.890684 2.815091 -0.127171 4.304780 -2.197054 -5.203659 -6.131791 -0.740845 9.909594 4.076375 0.000000 0.000000 0.000000 3.086483 1.387880 -5.257208 0.714806 0.849103 12.056556 0.589275 -4.524224 -8.538449 0.000000 0.000000 0.000000 -2.192614 2.869885 3.929739 1.599263 -2.384111 15.957477 0.459890 1.731722 -5.684174 -3.755181 6.508465 18.425331 5.672311 2.589249 1.475766 -18.700634 -12.373607 5.209577 -49.355881 -23.590943 10.653658 17.208447 -24.630686 0.347378 16.647458 12.297214 5.100744 61.166398 19.746383 7.014471 -26.637338 36.416937 -18.533022
1.263598 105.899294 18.676094 -177.024242 1.516750 175.934659 2.719189 -0.161537 4.193976 -2.137964 -5.147344 -6.155609 -0.712144 9.895405 4.306194 0.000000 0.000000 0.000000 3.071764 1.324321 -5.122391 0.644421 0.913100 11.501696 0.660372 -4.439029 -8.067571 0.000000 0.000000 0.000000 -2.109906 2.826130 4.101620 1.496125 -2.424726 15.639856 0.459622 1.796579 -5.595083 -3.951886 6.393086 18.138621 5.791601 2.588062 1.382661 -18.506131 -12.944774 5.081562 -48.820720 -24.031567 10.569390 17.092881 -24.951739 0.165592 16.336363 12.930828 4.975388 60.401334 20.382991 6.822464 -26.464048 36.314125 -18.419981
1.211083 105.904457 18.774517 -177.059725 1.546748 175.978438 2.614950 -0.196639 4.092738 -2.078668 -5.099784 -6.186134 -0.698986 9.921630 4.499713 0.000000 0.000000 0.000000 3.050878 1.246122 -4.971210 0.566808 0.982387 10.917092 0.756519 -4.370595 -7.514861 0.000000 0.000000 0.000000 -2.008060 2.790648 4.231111 1.382072 -2.462996 15.346238 0.451507 1.867299 -5.496686 -4.137653 6.270914 17.880638 5.932584 2.617972 1.308054 -18.351776 -13.534463 4.897413 -48.188293 -24.465502 10.453240 16.969736 -25.275348 0.002149 16.022185 13.568936 4.823921 59.561116 21.028288 6.568846 -26.241241 36.198048 -18.307979
1.161341 105.912129 18.867758 -177.099849 1.574792 176.009537 2.495125 -0.243315 3.989727 -2.000688 -5.033551 -6.182415 -0.710924 9.929656 4.636914 0.000000 0.000000 0.000000 3.017788 1.147715 -4.790687 0.492866 1.053210 10.303256 0.953819 -4.288635 -6.903160 0.000000 0.000000 0.000000 -1.895219 2.770578 4.334293 1.265752 -2.509279 15.076218 0.437941 1.933648 -5.388676 -4.345866 6.122340 17.678426 6.093179 2.635540 1.152780 -18.199990 -14.135679 4.715083 -47.484430 -24.938360 10.270574 16.850298 -25.618208 -0.224686 15.694264 14.217500 4.670669 58.693786 21.711476 6.267691 -26.041334 36.059906 -18.255421
1.115661 105.919044 18.953047 -177.130955 1.587609 176.048833 2.404371 -0.268004 3.873341 -1.947359 -4.969129 -6.168599 -0.737681 9.896914 4.776609 0.000000 0.000000 0.000000 2.994145 0.994341 -4.607437 0.406499 1.119036 9.673965 1.196489 -4.213884 -6.261419 0.000000 0.000000 0.000000 -1.757616 2.749688 4.385277 1.150225 -2.569857 14.844975 0.407024 2.004008 -5.290876 -4.521605 5.975899 17.489667 6.240720 2.647694 1.068534 -18.021974 -14.750179 4.480618 -46.765036 -25.428191 10.090103 16.773945 -25.908112 -0.404174 15.373860 14.895775 4.501797 57.773532 22.388037 5.913591 -25.855252 35.897579 -18.313552
1.078093 105.928300 19.032545 -177.164965 1.604781 176.084423 2.315657 -0.283068 3.754545 -1.898860 -4.910391 -6.133830 -0.755332 9.873785 4.865063 0.000000 0.000000 0.000000 2.950899 0.832611 -4.401370 0.344917 1.182154 9.014354 1.541228 -4.142510 -5.622455 0.000000 0.000000 0.000000 -1.634305 2.739048 4.412183 1.043177 -2.642580 14.625199 0.377041 2.080685 -5.204587 -4.701815 5.815335 17.354062 6.428086 2.665130 0.977204 -17.827137 -15.342150 4.237976 -45.996201 -25.963863 9.883305 16.702885 -26.198262 -0.547347 15.030435 15.556920 4.359874 56.864332 23.131311 5.523578 -25.685478 35.686060 -18.417565
1.051510 105.939058 19.100940 -177.170537 1.609916 176.111718 2.271184 -0.298690 3.654062 -1.857527 -4.870275 -6.100556 -0.806012 9.844642 4.941116 0.000000 0.000000 0.000000 2.947481 0.664124 -4.122227 0.263757 1.219412 8.253626 1.888841 -4.097669 -4.972927 0.000000 0.000000 0.000000 -1.490943 2.741637 4.372315 0.963358 -2.728455 14.488550 0.343171 2.155047 -5.118692 -4.875184 5.637279 17.216468 6.570234 2.671801 0.910495 -17.586533 -15.967284 3.966685 -45.235295 -26.546832 9.637411 16.691694 -26.427261 -0.740770 14.670856 16.224227 4.156350 55.927089 23.869462 5.112220 -25.555042 35.446312 -18.581184
1.028095 105.949845 19.161262 -177.201451 1.613492 176.140527 2.204997 -0.293028 3.541129 -1.824537 -4.820121 -6.049844 -0.848328 9.799762 5.005255 0.000000 0.000000 0.000000 2.911119 0.496413 -3.817359 0.198745 1.265918 7.458360 2.212163 -4.065971 -4.325714 0.000000 0.000000 0.000000 -1.374628 2.753379 4.305637 0.886433 -2.831488 14.371639 0.297914 2.235696 -5.048873 -5.045476 5.487839 17.142818 6.763868 2.668514 0.792713 -17.300260 -16.575196 3.689643 -44.440003 -27.170632 9.382601 16.683050 -26.645101 -0.907957 14.289059 16.889801 3.941817 55.009915 24.639838 4.740494 -25.450144 35.108918 -18.753181
1.023189 105.962270 19.214024 -177.219859 1.609053 176.158188 2.168930 -0.302370 3.446943 -1.803437 -4.789410 -5.998728 -0.894267 9.774173 5.042924 0.000000 0.000000 0.000000 2.894606 0.332785 -3.482026 0.144837 1.336334 6.644199 2.489341 -4.058238 -3.681918 0.000000 0.000000 0.000000 -1.265115 2.787562 4.203142 0.823745 -2.929616 14.303330 0.263037 2.314626 -4.988427 -5.207250 5.306521 17.074328 6.941410 2.666011 0.702030 -16.971714 -17.223618 3.395014 -43.620557 -27.830527 9.077637 16.666602 -26.821057 -1.069118 13.873406 17.543580 3.667733 54.105894 25.416899 4.386420 -25.359431 34.657802 -18.892890
1.027698 105.974230 19.261455 -177.246440 1.606218 176.185277 2.137954 -0.290504 3.336613 -1.797266 -4.756883 -5.934059 -0.960704 9.732055 5.080414 0.000000 0.000000 0.000000 2.874387 0.170897 -3.173515 0.095196 1.429599 5.873239 2.702524 -4.045118 -3.081632 0.000000 0.000000 0.000000 -1.182397 2.833210 4.063405 0.775585 -3.036349 14.273271 0.238463 2.392660 -4.951356 -5.357882 5.136120 17.032127 7.104794 2.620967 0.607621 -16.606601 -17.909315 3.084927 -42.784207 -28.485242 8.740975 16.685890 -26.940474 -1.325916 13.447610 18.219736 3.374925 53.141191 26.161973 4.031772 -25.244579 34.176158 -18.974672
1.029641 105.985453 19.308299 -177.273590 1.606858 176.208719 2.087614 -0.306304 3.236013 -1.765549 -4.751466 -5.874717 -0.980729 9.726178 5.092514 0.000000 0.000000 0.000000 2.843586 0.009974 -2.880368 0.055789 1.533434 5.139647 2.901508 -4.045221 -2.486364 0.000000 0.000000 0.000000 -1.098324 2.889887 3.896716 0.735355 -3.136704 14.269119 0.222036 2.474594 -4.901899 -5.513469 4.962304 16.974730 7.266473 2.572930 0.548473 -16.218972 -18.627981 2.757029 -41.917123 -29.178429 8.357372 16.665627 -26.991515 -1.614472 12.998148 18.902378 3.072015 52.082586 26.893849 3.623277 -25.059508 33.680891 -18.992726
1.041793 105.998515 19.350776 -177.293314 1.605912 176.221654 2.064159 -0.311162 3.145443 -1.762059 -4.725435 -5.807015 -1.037138 9.719142 5.086416 0.000000 0.000000 0.000000 2.823690 -0.166874 -2.571841 0.020145 1.639507 4.402682 3.090493 -4.047610 -1.929963 0.000000 0.000000 0.000000 -1.014101 2.947586 3.735145 0.697038 -3.240273 14.248083 0.218063 2.556693 -4.834650 -5.661713 4.836132 16.969411 7.423718 2.488410 0.430420 -15.772776 -19.354876 2.393353 -41.062509 -29.883320 7.934429 16.625938 -26.966161 -1.931964 12.521774 19.610689 2.747201 50.979870 27.577357 3.160677 -24.825276 33.184294 -18.982790
1.056953 106.014754 19.384355 -177.298668 1.611224 176.216531 2.051384 -0.322832 3.089734 -1.742573 -4.718346 -5.758087 -1.098171 9.732363 5.081814 0.000000 0.000000 0.000000 2.808456 -0.332103 -2.234970 0.003138 1.750433 3.661508 3.238394 -4.056716 -1.411564 0.000000 0.000000 0.000000 -0.927481 3.014712 3.563149 0.668124 -3.334578 14.252150 0.233183 2.636673 -4.760120 -5.786965 4.714181 16.952282 7.546569 2.373209 0.343453 -15.300982 -20.111805 2.021487 -40.190770 -30.596296 7.454214 16.561864 -26.871432 -2.324916 12.026887 20.339329 2.410105 49.774045 28.219947 2.625205 -24.498417 32.670915 -18.952943
1.077262 106.031144 19.415809 -177.303905 1.614590 176.213615 2.044047 -0.346567 3.025518 -1.735803 -4.703005 -5.689807 -1.155743 9.749468 5.042459 0.000000 0.000000 0.000000 2.779878 -0.485818 -1.908088 0.005266 1.859534 2.946332 3.363939 -4.066709 -0.943770 0.000000 0.000000 0.000000 -0.854834 3.081620 3.391259 0.648069 -3.436163 14.247056 0.265730 2.707360 -4.690838 -5.915643 4.611678 16.982306 7.681623 2.267485 0.217634 -14.788734 -20.859469 1.633699 -39.323090 -31.294696 6.958671 16.484242 -26.729226 -2.743852 11.505206 21.077587 2.087347 48.506497 28.861218 2.068006 -24.080277 32.127133 -18.870402
1.098696 106.047031 19.445377 -177.313131 1.626044 176.203579 2.029811 -0.366238 2.967612 -1.727647 -4.699540 -5.620990 -1.237314 9.803277 4.983243 0.000000 0.000000 0.000000 2.735219 -0.630971 -1.592397 0.030951 1.977274 2.276332 3.450989 -4.071465 -0.538173 0.000000 0.000000 0.000000 -0.788461 3.163810 3.218554 0.629454 -3.522118 14.252646 0.309756 2.776170 -4.624689 -6.007826 4.503980 17.030617 7.802283 2.132921 0.097907 -14.236091 -21.622631 1.234600 -38.484999 -32.006373 6.451915 16.434484 -26.483861 -3.167549 10.950481 21.829134 1.712921 47.223844 29.434894 1.479607 -23.639297 31.540918 -18.816851
1.120670 106.064839 19.467636 -177.318387 1.640298 176.181090 2.011464 -0.377156 2.932211 -1.701629 -4.711986 -5.550296 -1.307177 9.857511 4.911304 0.000000 0.000000 0.000000 2.690434 -0.772504 -1.272970 0.060453 2.115297 1.631260 3.529563 -4.084433 -0.186488 0.000000 0.000000 0.000000 -0.714381 3.233108 3.059743 0.610809 -3.610347 14.234654 0.357675 2.846601 -4.535863 -6.113781 4.409833 17.089394 7.911828 1.995103 -0.042725 -13.659554 -22.367375 0.817608 -37.633974 -32.692145 5.940244 16.364934 -26.204368 -3.586080 10.379767 22.574014 1.338287 45.919066 29.991063 0.839227 -23.157446 30.998981 -18.791003
1.147848 106.083753 19.487655 -177.303838 1.661684 176.145636 2.021459 -0.392177 2.914124 -1.681101 -4.758894 -5.483192 -1.402595 9.953234 4.830286 0.000000 0.000000 0.000000 2.671885 -0.915730 -0.959565 0.093362 2.283143 1.031759 3.586803 -4.112381 0.111358 0.000000 0.000000 0.000000 -0.625806 3.308471 2.911654 0.595453 -3.689190 14.209550 0.416111 2.921323 -4.438337 -6.176781 4.332768 17.169161 8.031156 1.845763 -0.178467 -13.060861 -23.145691 0.409305 -36.776170 -33.350812 5.379735 16.317627 -25.866564 -3.946259 9.769509 23.335332 0.976714 44.618515 30.503914 0.105063 -22.688778 30.465422 -18.767585
1.178725 106.101321 19.506673 -177.288362 1.706485 176.128041 2.038245 -0.380254 2.862824 -1.678852 -4.757586 -5.382989 -1.492418 10.012505 4.722268 0.000000 0.000000 0.000000 2.660742 -1.040010 -0.706168 0.119663 2.452498 0.513394 3.649737 -4.136761 0.355785 0.000000 0.000000 0.000000 -0.550412 3.385891 2.733893 0.591860 -3.767424 14.185383 0.483409 3.001816 -4.333984 -6.237660 4.280161 17.255322 8.119918 1.679653 -0.307828 -12.387736 -23.932367 -0.034585 -35.990652 -33.948860 4.830859 16.319589 -25.479250 -4.312789 9.124505 24.124413 0.572657 43.340753 30.971126 -0.595201 -22.232927 29.872635 -18.777152
1.209305 106.122374 19.520068 -177.276434 1.745347 176.090074 2.037791 -0.371458 2.841314 -1.648333 -4.795371 -5.289257 -1.557632 10.088944 4.630107 0.000000 0.000000 0.000000 2.643169 -1.179270 -0.449856 0.149934 2.642053 0.030847 3.696692 -4.177407 0.578839 0.000000 0.000000 0.000000 -0.480399 3.470146 2.571459 0.591091 -3.847572 14.192050 0.556009 3.075604 -4.255126 -6.295597 4.200125 17.370812 8.204029 1.537507 -0.506541 -11.712522 -24.729081 -0.473272 -35.202275 -34.509798 4.284687 16.376853 -25.060097 -4.613755 8.424379 24.909314 0.132756 42.131243 31.388327 -1.257801 -21.839611 29.269223 -18.780981
1.242360 106.140956 19.530905 -177.273419 1.802101 176.046354 2.031614 -0.356335 2.829728 -1.624279 -4.839239 -5.198178 -1.622886 10.177782 4.528622 0.000000 0.000000 0.000000 2.619341 -1.297279 -0.205821 0.180982 2.848842 -0.414199 3.739435 -4.242439 0.751817 0.000000 0.000000 0.000000 -0.417165 3.557524 2.411860 0.586312 -3.921376 14.193388 0.628753 3.154646 -4.176602 -6.350601 4.133963 17.479629 8.303403 1.401547 -0.672261 -11.018492 -25.546533 -0.909510 -34.344270 -35.035639 3.725456 16.350097 -24.557465 -4.825581 7.716077 25.719436 -0.292092 40.916209 31.763323 -1.911936 -21.455948 28.639197 -18.756700
1.278228 106.157039 19.540921 -177.259973 1.853915 176.003561 2.043866 -0.342766 2.803016 -1.616371 -4.876882 -5.080451 -1.667676 10.278744 4.451745 0.000000 0.000000 0.000000 2.608291 -1.418308 0.019138 0.209824 3.058089 -0.818303 3.774872 -4.323864 0.919929 0.000000 0.000000 0.000000 -0.331292 3.631705 2.278811 0.570158 -3.990548 14.152057 0.684139 3.233538 -4.105665 -6.375572 4.039069 17.583840 8.393884 1.283702 -0.793766 -10.333749 -26.324150 -1.379363 -33.452275 -35.592956 3.216221 16.265453 -23.923041 -4.934880 6.995194 26.505244 -0.733485 39.782282 32.128298 -2.506447 -21.120309 27.953689 -18.682717
1.312370 106.172690 19.544139 -177.257668 1.910050 175.946809 2.037217 -0.316225 2.794156 -1.591615 -4.939623 -4.956640 -1.696012 10.370829 4.363620 0.000000 0.000000 0.000000 2.575209 -1.550457 0.251785 0.257121 3.287228 -1.191952 3.808988 -4.395583 1.052791 0.000000 0.000000 0.000000 -0.256055 3.715418 2.129125 0.544388 -4.054745 14.150939 0.747597 3.305153 -4.030313 -6.410597 3.944542 17.682677 8.505215 1.180783 -0.952102 -9.667579 -27.154695 -1.805728 -32.445686 -36.110034 2.630210 16.159026 -23.218072 -5.043922 6.238286 27.298274 -1.182648 38.672221 32.463130 -3.115457 -20.807927 27.255491 -18.606126
1.347873 106.188216 19.549662 -177.253689 1.966268 175.908784 2.040437 -0.301537 2.758303 -1.586901 -4.964226 -4.830786 -1.710959 10.458999 4.307020 0.000000 0.000000 0.000000 2.553922 -1.676298 0.437278 0.287996 3.504081 -1.518204 3.829143 -4.470675 1.196266 0.000000 0.000000 0.000000 -0.172117 3.790203 1.962534 0.505593 -4.124153 14.150626 0.808688 3.369931 -3.961790 -6.435930 3.884238 17.814289 8.616966 1.084472 -1.162889 -8.975607 -28.013431 -2.279560 -31.465981 -36.548360 2.070301 16.086867 -22.422395 -5.255244 5.442655 28.129460 -1.673833 37.601721 32.750082 -3.646742 -20.504671 26.469692 -18.487560
1.383606 106.202556 19.551776 -177.255456 2.020997 175.861225 2.032924 -0.276554 2.730218 -1.569454 -5.017621 -4.690044 -1.706378 10.527713 4.236243 0.000000 0.000000 0.000000 2.533491 -1.800450 0.635243 0.306338 3.752325 -1.841360 3.845186 -4.572027 1.324926 0.000000 0.000000 0.000000 -0.095394 3.862369 1.829750 0.466638 -4.193540 14.126900 0.866689 3.427074 -3.927992 -6.451538 3.791593 17.905524 8.709273 1.014437 -1.258506 -8.293583 -28.865097 -2.733353 -30.452175 -36.946446 1.500013 15.976324 -21.606790 -5.426838 4.631393 28.932662 -2.146054 36.550830 33.046412 -4.087474 -20.154282 25.612202 -18.291474
1.420895 106.218170 19.550497 -177.257566 2.088295 175.813623 2.028452 -0.236789 2.703786 -1.558899 -5.056261 -4.551680 -1.721913 10.606142 4.172201 0.000000 0.000000 0.000000 2.513376 -1.896547 0.796118 0.333455 3.999278 -2.085836 3.842520 -4.675277 1.440603 0.000000 0.000000 0.000000 -0.013893 3.931026 1.715936 0.414185 -4.245460 14.078097 0.923713 3.476857 -3.900606 -6.452562 3.686278 17.990504 8.799479 0.968425 -1.347516 -7.635946 -29.729739 -3.183646 -29.408506 -37.277744 0.938371 15.847993 -20.769438 -5.573020 3.794732 29.750845 -2.678841 35.555985 33.289966 -4.455626 -19.758496 24.680633 -18.090017
1.455495 106.229694 19.539653 -177.263839 2.136661 175.743886 2.021359 -0.209845 2.707664 -1.550870 -5.133185 -4.414202 -1.695059 10.708542 4.108274 0.000000 0.000000 0.000000 2.483081 -1.959117 0.981714 0.369985 4.207759 -2.310183 3.838057 -4.812086 1.523437 0.000000 0.000000 0.000000 0.078738 3.983501 1.640441 0.351313 -4.296563 14.019767 0.969154 3.527503 -3.900137 -6.424836 3.581255 18.045201 8.859533 0.911232 -1.378863 -6.957632 -30.584143 -3.640155 -28.386671 -37.578390 0.369733 15.702081 -19.911004 -5.733893 2.924502 30.578374 -3.220500 34.609687 33.494826 -4.792466 -19.364670 23.704040 -17.969761
1.494409 106.242973 19.522244 -177.268606 2.180546 175.662656 2.013802 -0.186740 2.732042 -1.539328 -5.196449 -4.293124 -1.672305 10.796485 4.062677 0.000000 0.000000 0.000000 2.470887 -1.981521 1.167642 0.383933 4.407818 -2.498188 3.827872 -4.957231 1.595359 0.000000 0.000000 0.000000 0.165180 4.021367 1.592611 0.287205 -4.347128 13.938759 1.018667 3.566312 -3.898985 -6.391249 3.486366 18.103495 8.917780 0.873046 -1.426023 -6.250554 -31.399215 -4.109089 -27.399995 -37.832984 -0.184873 15.544367 -19.069546 -5.899722 2.039050 31.394069 -3.763884 33.666481 33.732532 -5.100804 -18.883360 22.649224 -17.840019
1.530669 106.257019 19.507582 -177.265504 2.238853 175.600088 2.017677 -0.150716 2.733339 -1.529884 -5.265939 -4.159161 -1.678792 10.894077 4.004643 0.000000 0.000000 0.000000 2.465567 -2.004529 1.297897 0.404323 4.602010 -2.626329 3.829442 -5.095143 1.651678 0.000000 0.000000 0.000000 0.261900 4.060750 1.507947 0.222928 -4.390001 13.882941 1.068709 3.618373 -3.901512 -6.392079 3.380978 18.189479 8.977317 0.843821 -1.505428 -5.565876 -32.217566 -4.588313 -26.424190 -38.055876 -0.733461 15.371111 -18.216596 -6.039688 1.153077 32.215503 -4.313345 32.695016 33.940654 -5.434249 -18.332687 21.535231 -17.713093
1.567379 106.269285 19.485054 -177.271399 2.276539 175.524839 2.007574 -0.119495 2.753069 -1.511460 -5.357284 -4.033747 -1.672690 10.987664 3.962047 0.000000 0.000000 0.000000 2.451387 -2.034965 1.418487 0.431011 4.798917 -2.689425 3.815549 -5.236236 1.667701 0.000000 0.000000 0.000000 0.351828 4.089849 1.446721 0.156519 -4.437240 13.834735 1.109708 3.658854 -3.931971 -6.370400 3.273684 18.240335 9.031667 0.839347 -1.539025 -4.825305 -32.990488 -5.066979 -25.517237 -38.252873 -1.267887 15.187754 -17.404027 -6.218541 0.255616 33.021844 -4.856185 31.743945 34.176016 -5.756393 -17.759118 20.342839 -17.625587
1.603430 106.282231 19.461862 -177.276457 2.320926 175.459589 2.002611 -0.097016 2.775610 -1.506761 -5.432550 -3.928599 -1.653907 11.107167 3.920910 0.000000 0.000000 0.000000 2.444313 -2.066155 1.507401 0.446870 5.004877 -2.714532 3.802847 -5.370970 1.661543 0.000000 0.000000 0.000000 0.438904 4.127230 1.356147 0.100234 -4.478636 13.797978 1.151247 3.707947 -3.941628 -6.395035 3.153138 18.348710 9.099601 0.836019 -1.654215 -4.010950 -33.753759 -5.526588 -24.663300 -38.432787 -1.810161 14.996051 -16.605586 -6.460821 -0.635247 33.800447 -5.358623 30.758931 34.387693 -6.155462 -17.149409 19.203381 -17.519764
1.636216 106.292977 19.432960 -177.284812 2.368297 175.395727 1.988997 -0.060922 2.795425 -1.492465 -5.505851 -3.811546 -1.645488 11.189815 3.884026 0.000000 0.000000 0.000000 2.427312 -2.098806 1.568759 0.474947 5.188303 -2.677797 3.807507 -5.493532 1.632790 0.000000 0.000000 0.000000 0.518000 4.151164 1.279952 0.049405 -4.526731 13.761449 1.193429 3.758799 -3.983597 -6.405871 3.073950 18.457156 9.154699 0.824110 -1.775453 -3.144981 -34.457527 -6.004006 -23.955341 -38.564728 -2.294546 14.876538 -15.869302 -6.787323 -1.516724 34.575194 -5.824311 29.819130 34.634159 -6.551669 -16.602398 17.998833 -17.448909
1.675165 106.303813 19.390889 -177.283883 2.422225 175.319912 1.994619 -0.023948 2.852437 -1.484308 -5.585864 -3.718516 -1.640450 11.288894 3.834267 0.000000 0.000000 0.000000 2.427010 -2.114852 1.659138 0.496869 5.378503 -2.649221 3.798766 -5.622777 1.601585 0.000000 0.000000 0.000000 0.609232 4.179485 1.206577 -0.009943 -4.559372 13.715974 1.234500 3.810790 -4.011071 -6.424352 2.998044 18.613714 9.234086 0.827695 -1.925221 -2.346260 -35.174368 -6.433192 -23.234515 -38.654426 -2.823290 14.790183 -15.170111 -7.086227 -2.368996 35.324655 -6.263619 28.929653 34.837700 -7.001863 -16.132047 16.873036 -17.345126
1.711457 106.314322 19.349009 -177.282267 2.457290 175.261476 1.985909 -0.001370 2.890758 -1.454230 -5.676688 -3.629056 -1.626840 11.404700 3.804503 0.000000 0.000000 0.000000 2.427064 -2.116088 1.726971 0.513947 5.552175 -2.618547 3.805346 -5.757920 1.556061 0.000000 0.000000 0.000000 0.695903 4.200701 1.125122 -0.069568 -4.597698 13.663737 1.274652 3.860743 -4.052948 -6.451698 2.894058 18.802365 9.304681 0.869791 -2.105561 -1.587158 -35.855552 -6.862008 -22.615508 -38.776071 -3.305036 14.761280 -14.421759 -7.331840 -3.212927 36.023999 -6.693212 28.130846 35.024995 -7.453374 -15.717300 15.820181 -17.260456
1.749952 106.323610 19.294327 -177.281533 2.486127 175.177888 1.982825 0.039462 2.967380 -1.432535 -5.770508 -3.551106 -1.621117 11.499051 3.773455 0.000000 0.000000 0.000000 2.428456 -2.135364 1.827206 0.530333 5.722811 -2.578873 3.794426 -5.900985 1.502912 0.000000 0.000000 0.000000 0.794431 4.210673 1.051999 -0.141788 -4.637225 13.607597 1.307871 3.905881 -4.075104 -6.457507 2.827031 19.009211 9.366503 0.900725 -2.300702 -0.886877 -36.519097 -7.301255 -21.997180 -38.885150 -3.763948 14.691076 -13.643605 -7.549636 -4.044988 36.704287 -7.121505 27.402108 35.185001 -7.837318 -15.374474 14.805629 -17.126672
1.788661 106.333136 19.235275 -177.286278 2.511008 175.096364 1.975524 0.092084 3.050309 -1.411992 -5.835030 -3.489852 -1.609455 11.583327 3.748283 0.000000 0.000000 0.000000 2.419140 -2.127275 1.926423 0.552507 5.879086 -2.545402 3.789548 -6.024153 1.455914 0.000000 0.000000 0.000000 0.888050 4.226377 0.950108 -0.212288 -4.668045 13.586982 1.342718 3.942319 -4.101696 -6.469998 2.765508 19.216126 9.431982 0.936968 -2.507034 -0.227681 -37.204996 -7.730996 -21.387801 -38.971562 -4.203935 14.606750 -12.821455 -7.766073 -4.853890 37.346221 -7.550796 26.717573 35.326502 -8.191784 -15.055302 13.851658 -16.985821
1.830656 106.341751 19.171628 -177.289809 2.539755 175.005504 1.962176 0.113864 3.155062 -1.373862 -5.893380 -3.443361 -1.606074 11.657878 3.725879 0.000000 0.000000 0.000000 2.416231 -2.133659 2.027163 0.571990 6.021270 -2.495957 3.774008 -6.149436 1.396263 0.000000 0.000000 0.000000 0.994621 4.233360 0.837515 -0.295942 -4.702979 13.568340 1.364038 3.975106 -4.097323 -6.491538 2.703556 19.413385 9.506829 0.999861 -2.707499 0.399271 -37.868620 -8.161252 -20.773915 -39.040956 -4.624808 14.473752 -11.982190 -7.928558 -5.597926 37.966387 -7.940234 26.035252 35.519758 -8.556546 -14.750919 12.876278 -16.870921
1.872324 106.349672 19.101774 -177.296072 2.565965 174.912766 1.955607 0.141426 3.273157 -1.351926 -5.940861 -3.415913 -1.607134 11.726598 3.703485 0.000000 0.000000 0.000000 2.409169 -2.131736 2.138667 0.584450 6.162395 -2.454720 3.776817 -6.257495 1.326471 0.000000 0.000000 0.000000 1.096963 4.250504 0.696592 -0.371714 -4.736067 13.581576 1.396720 3.996006 -4.095297 -6.524669 2.641294 19.605902 9.562090 1.076328 -2.869319 0.951765 -38.559993 -8.565325 -20.149567 -39.065788 -5.038171 14.296778 -11.146030 -8.096307 -6.298705 38.570073 -8.341747 25.369999 35.677063 -8.864784 -14.416046 11.936801 -16.742816
1.914975 106.357824 19.030717 -177.308895 2.584476 174.806176 1.937359 0.157786 3.418445 -1.324565 -5.984017 -3.415689 -1.600696 11.803542 3.693073 0.000000 0.000000 0.000000 2.394110 -2.131833 2.260149 0.604591 6.265157 -2.403360 3.768448 -6.343478 1.245035 0.000000 0.000000 0.000000 1.176468 4.272244 0.533680 -0.434125 -4.783281 13.655113 1.435013 4.022794 -4.095988 -6.562018 2.577653 19.774262 9.613078 1.145719 -3.057893 1.428779 -39.261308 -8.941740 -19.481918 -39.083757 -5.445953 14.100828 -10.299430 -8.227484 -6.940031 39.193049 -8.777886 24.719630 35.787498 -9.148714 -14.120222 10.997935 -16.673645
1.961156 106.364599 18.954197 -177.315557 2.613690 174.698457 1.937978 0.183451 3.584231 -1.302362 -6.022875 -3.447731 -1.595675 11.870268 3.712166 0.000000 0.000000 0.000000 2.389138 -2.129395 2.393944 0.620039 6.369140 -2.357393 3.746268 -6.412404 1.176549 0.000000 0.000000 0.000000 1.248746 4.299573 0.337335 -0.482740 -4.832898 13.794251 1.474119 4.050032 -4.131733 -6.579638 2.556626 19.934717 9.656152 1.202616 -3.213208 1.825730 -39.965628 -9.281494 -18.760560 -39.061928 -5.868949 13.832790 -9.467234 -8.287837 -7.533481 39.812735 -9.219943 24.095583 35.874497 -9.431336 -13.798230 10.091038 -16.658725
2.005048 106.369938 18.875836 -177.325859 2.630670 174.603639 1.932832 0.204489 3.729998 -1.283712 -6.055957 -3.466885 -1.594654 11.945345 3.709461 0.000000 0.000000 0.000000 2.376050 -2.146010 2.502174 0.635216 6.448619 -2.292611 3.737338 -6.464326 1.112609 0.000000 0.000000 0.000000 1.305460 4.327509 0.114162 -0.519562 -4.900464 13.925439 1.520183 4.075326 -4.167783 -6.632547 2.516865 20.117220 9.703510 1.282133 -3.330622 2.108581 -40.699895 -9.527701 -17.988396 -38.980499 -6.296129 13.536777 -8.673802 -8.240329 -8.023141 40.461902 -9.597733 23.444042 35.928925 -9.744154 -13.466083 9.202427 -16.661880
2.046615 106.375940 18.795925 -177.335586 2.647429 174.501636 1.914502 0.221364 3.890592 -1.238381 -6.110288 -3.494249 -1.581130 12.019473 3.725171 0.000000 0.000000 0.000000 2.361021 -2.149438 2.624936 0.656634 6.526367 -2.229299 3.720014 -6.515145 1.033059 0.000000 0.000000 0.000000 1.348034 4.362380 -0.120162 -0.539393 -4.973164 14.091754 1.575554 4.095301 -4.209618 -6.697442 2.495820 20.284840 9.765549 1.378052 -3.454373 2.345606 -41.421799 -9.718627 -17.210735 -38.863401 -6.747285 13.257357 -7.977608 -8.131952 -8.451755 41.086446 -9.933273 22.792538 35.993330 -10.108601 -13.142503 8.360130 -16.726270
2.086162 106.381354 18.715812 -177.351697 2.660284 174.404772 1.900369 0.264980 4.039982 -1.215333 -6.171604 -3.516316 -1.596002 12.088475 3.735350 0.000000 0.000000 0.000000 2.338127 -2.171125 2.732583 0.674625 6.599115 -2.151973 3.713947 -6.562161 0.946104 0.000000 0.000000 0.000000 1.379384 4.390213 -0.362862 -0.553042 -5.054155 14.264246 1.630260 4.120853 -4.273359 -6.761883 2.463189 20.453719 9.805949 1.496455 -3.526491 2.464606 -42.137348 -9.823626 -16.382203 -38.693185 -7.186214 12.935879 -7.384159 -7.861316 -8.783956 41.723765 -10.193805 22.120909 36.024327 -10.506296 -12.805831 7.583493 -16.776305
2.128536 106.387425 18.629786 -177.359492 2.669753 174.313667 1.893461 0.308951 4.193256 -1.184457 -6.243191 -3.548927 -1.600529 12.152415 3.745535 0.000000 0.000000 0.000000 2.326941 -2.194012 2.847165 0.686234 6.672728 -2.081382 3.699425 -6.602621 0.864702 0.000000 0.000000 0.000000 1.406560 4.422968 -0.638416 -0.552809 -5.147748 14.454771 1.689978 4.147997 -4.339043 -6.852675 2.446324 20.638593 9.860403 1.665923 -3.582478 2.462034 -42.860663 -9.835958 -15.549426 -38.473047 -7.630416 12.673624 -6.886990 -7.464562 -8.999485 42.364306 -10.348841 21.402032 36.038780 -10.995185 -12.499271 6.879554 -16.855537
2.172181 106.395163 18.544424 -177.360616 2.677501 174.231233 1.899742 0.363096 4.318561 -1.169681 -6.321721 -3.542972 -1.594087 12.220457 3.747382 0.000000 0.000000 0.000000 2.324556 -2.211737 2.947669 0.697346 6.739753 -2.004302 3.681500 -6.647418 0.772252 0.000000 0.000000 0.000000 1.417616 4.447759 -0.923919 -0.529595 -5.247474 14.657052 1.760811 4.174720 -4.424501 -6.940947 2.425537 20.823636 9.895167 1.853187 -3.593188 2.359314 -43.543873 -9.760564 -14.732778 -38.241476 -8.085842 12.413501 -6.493700 -7.015203 -9.091531 42.993326 -10.394256 20.672772 36.071989 -11.543899 -12.256674 6.239963 -16.882403
2.216269 106.402851 18.458688 -177.365285 2.668672 174.141822 1.893883 0.424446 4.455635 -1.134715 -6.432379 -3.545184 -1.586484 12.287764 3.752609 0.000000 0.000000 0.000000 2.310589 -2.256656 3.059678 0.718947 6.816958 -1.936530 3.664104 -6.700788 0.695181 0.000000 0.000000 0.000000 1.416216 4.483762 -1.205246 -0.492126 -5.350603 14.888197 1.837876 4.196487 -4.549691 -7.042600 2.402162 20.987602 9.921128 2.063392 -3.512272 2.118674 -44.236801 -9.577140 -13.927284 -37.986788 -8.517819 12.196390 -6.209904 -6.495376 -9.109643 43.592730 -10.366124 19.950778 36.064105 -12.114600 -12.021697 5.728599 -16.911397
2.262901 106.409538 18.368955 -177.358968 2.665892 174.053088 1.910434 0.523398 4.590634 -1.114875 -6.572403 -3.548741 -1.584989 12.360902 3.761280 0.000000 0.000000 0.000000 2.313054 -2.281002 3.175406 0.729489 6.914629 -1.871799 3.630511 -6.771325 0.603114 0.000000 0.000000 0.000000 1.418296 4.504335 -1.491368 -0.445735 -5.452270 15.127308 1.906471 4.228082 -4.685862 -7.119300 2.397883 21.141094 9.950208 2.288574 -3.389971 1.833478 -44.908187 -9.324500 -13.196668 -37.685133 -8.879837 12.007967 -6.053790 -5.956823 -9.043516 44.173766 -10.247909 19.253591 35.996595 -12.663939 -11.835149 5.414398 -16.842045
2.312510 106.415907 18.280226 -177.350763 2.647883 173.959341 1.937447 0.640541 4.738179 -1.102735 -6.761361 -3.566999 -1.574617 12.425867 3.784366 0.000000 0.000000 0.000000 2.318120 -2.319551 3.290013 0.742439 7.014073 -1.796881 3.581419 -6.856484 0.505369 0.000000 0.000000 0.000000 1.406787 4.523677 -1.763759 -0.384343 -5.556716 15.327618 1.997071 4.251494 -4.776831 -7.223396 2.343722 21.290180 9.942162 2.558510 -3.255490 1.497778 -45.559064 -9.014613 -12.523439 -37.371540 -9.225895 11.840655 -5.978685 -5.394967 -8.943626 44.711748 -10.084930 18.565407 35.903074 -13.254647 -11.635422 5.246467 -16.751595
2.358775 106.422873 18.190023 -177.334109 2.616840 173.877195 1.973248 0.767421 4.852387 -1.099920 -6.939884 -3.544743 -1.565095 12.480373 3.765303 0.000000 0.000000 0.000000 2.326411 -2.371194 3.391680 0.759580 7.093004 -1.715893 3.525738 -6.923862 0.405288 0.000000 0.000000 0.000000 1.402154 4.527832 -2.037964 -0.310024 -5.668073 15.483434 2.085918 4.273450 -4.840784 -7.320278 2.327522 21.474245 9.933951 2.823436 -3.137741 1.166057 -46.172951 -8.651366 -11.988852 -37.065862 -9.550172 11.698191 -5.956188 -4.961962 -8.797498 45.227037 -9.861875 17.947714 35.791298 -13.832944 -11.511954 5.200355 -16.601256
2.404139 106.433305 18.098540 -177.324455 2.586643 173.777471 1.995908 0.864476 4.992060 -1.091152 -7.110203 -3.531331 -1.552046 12.549718 3.774981 0.000000 0.000000 0.000000 2.322088 -2.422004 3.519717 0.784231 7.177267 -1.652366 3.461449 -6.985831 0.307617 0.000000 0.000000 0.000000 1.391716 4.539617 -2.292653 -0.235732 -5.777393 15.623687 2.185874 4.284971 -4.874881 -7.440430 2.282604 21.674285 9.912058 3.123254 -3.094456 0.815377 -46.766204 -8.261092 -11.535151 -36.764360 -9.842825 11.529625 -5.939372 -4.585356 -8.665149 45.703239 -9.670078 17.411333 35.699883 -14.391449 -11.385232 5.173961 -16.447926
2.451770 106.444617 18.004562 -177.317697 2.571371 173.687948 2.018588 0.961630 5.119604 -1.082153 -7.249608 -3.510509 -1.561940 12.604421 3.768518 0.000000 0.000000 0.000000 2.321207 -2.466982 3.628759 0.795444 7.234828 -1.578270 3.408553 -7.021626 0.199675 0.000000 0.000000 0.000000 1.366084 4.545921 -2.543205 -0.147063 -5.887280 15.701629 2.297638 4.297999 -4.869915 -7.577900 2.284305 21.984279 9.911100 3.427913 -3.145439 0.469087 -47.305062 -7.853678 -11.207311 -36.475996 -10.109680 11.315878 -5.951433 -4.373825 -8.498567 46.164366 -9.429364 16.945632 35.610274 -14.903945 -11.287390 5.210428 -16.327672
2.500597 106.457350 17.905941 -177.303838 2.525388 173.581156 2.056726 1.058735 5.261833 -1.089329 -7.392326 -3.484451 -1.582168 12.638823 3.755061 0.000000 0.000000 0.000000 2.327511 -2.519966 3.763703 0.803733 7.268321 -1.508698 3.321006 -7.045064 0.086985 0.000000 0.000000 0.000000 1.342690 4.544847 -2.779318 -0.055699 -6.008756 15.731274 2.424529 4.308985 -4.802927 -7.766172 2.282152 22.456998 9.937880 3.760524 -3.436685 0.113743 -47.839935 -7.421564 -10.942469 -36.193883 -10.375088 11.028781 -5.952147 -4.217736 -8.377111 46.601924 -9.254073 16.579431 35.488289 -15.391278 -11.149402 5.263553 -16.166276
2.549704 106.470286 17.810271 -177.305648 2.478594 173.470993 2.065597 1.117189 5.403784 -1.084664 -7.521348 -3.460066 -1.579384 12.691350 3.737633 0.000000 0.000000 0.000000 2.305837 -2.553570 3.880217 0.838171 7.237046 -1.400080 3.231850 -7.033701 -0.047265 0.000000 0.000000 0.000000 1.297870 4.544446 -3.013290 0.045031 -6.134525 15.804310 2.551807 4.312756 -4.791053 -8.014312 2.296966 23.092730 9.997384 4.145879 -3.899889 -0.290845 -48.324733 -6.918348 -10.720857 -35.953994 -10.624971 10.710084 -5.926234 -4.057804 -8.267912 47.005391 -9.052906 16.284087 35.416291 -15.818598 -10.996539 5.259935 -16.027235
2.600542 106.484732 17.710155 -177.300245 2.405606 173.350892 2.075937 1.145988 5.566864 -1.063290 -7.669783 -3.459831 -1.588994 12.761124 3.724891 0.000000 0.000000 0.000000 2.294702 -2.593904 4.018254 0.861778 7.186551 -1.304837 3.160007 -7.006915 -0.186383 0.000000 0.000000 0.000000 1.256901 4.533376 -3.235380 0.146584 -6.267655 15.875253 2.683719 4.302625 -4.790942 -8.264788 2.331313 23.767928 10.058059 4.505238 -4.387877 -0.695461 -48.795880 -6.414566 -10.583068 -35.701344 -10.791922 10.354683 -5.874743 -3.864791 -8.190699 47.394130 -8.895127 16.118539 35.320284 -16.135678 -10.819998 5.260198 -15.880214
2.656428 106.502717 17.609856 -177.294218 2.325495 173.226181 2.097335 1.183746 5.716764 -1.059482 -7.795570 -3.424481 -1.605168 12.802181 3.703172 0.000000 0.000000 0.000000 2.300068 -2.623782 4.157401 0.863298 7.125392 -1.199159 3.071069 -6.999176 -0.336307 0.000000 0.000000 0.000000 1.204097 4.517518 -3.457072 0.254168 -6.395916 15.938507 2.817101 4.285445 -4.756938 -8.468780 2.370286 24.386624 10.080005 4.820699 -4.821213 -1.071724 -49.215392 -5.925208 -10.513334 -35.483888 -10.897914 9.974457 -5.838354 -3.546048 -8.134395 47.764804 -8.769347 16.058115 35.195778 -16.304408 -10.655611 5.296270 -15.701034
2.710518 106.517250 17.515150 -177.295867 2.242032 173.116539 2.105154 1.191557 5.850137 -1.055946 -7.929214 -3.395265 -1.592967 12.865387 3.689242 0.000000 0.000000 0.000000 2.292052 -2.655938 4.265913 0.880981 7.061615 -1.079629 3.003494 -6.991279 -0.489992 0.000000 0.000000 0.000000 1.143710 4.499229 -3.690871 0.361039 -6.521839 16.025629 2.938354 4.258219 -4.728916 -8.660864 2.420708 24.922988 10.101028 5.092532 -5.183728 -1.419961 -49.591715 -5.451345 -10.487453 -35.277932 -10.891609 9.598656 -5.821919 -3.069799 -8.101202 48.078655 -8.661554 16.095789 35.091822 -16.336828 -10.503078 5.382945 -15.467254
2.760771 106.533512 17.415996 -177.283584 2.145511 173.012038 2.122238 1.196282 5.964087 -1.050034 -8.046340 -3.335972 -1.589977 12.904243 3.650214 0.000000 0.000000 0.000000 2.299600 -2.684309 4.374033 0.890530 6.994823 -0.956933 2.926745 -6.998108 -0.638972 0.000000 0.000000 0.000000 1.097857 4.480924 -3.956689 0.468661 -6.653438 16.166714 3.060277 4.218916 -4.729232 -8.851639 2.463331 25.491262 10.105328 5.351023 -5.576501 -1.828965 -49.978325 -4.949128 -10.502040 -35.020648 -10.795811 9.292904 -5.866278 -2.437254 -8.127082 48.392622 -8.621442 16.244239 34.935469 -16.225666 -10.352149 5.473879 -15.162828
2.808448 106.552011 17.312988 -177.269055 2.033323 172.892750 2.142786 1.210058 6.101312 -1.037270 -8.195608 -3.288306 -1.591515 12.933419 3.621377 0.000000 0.000000 0.000000 2.304447 -2.722525 4.507146 0.905851 6.926741 -0.845401 2.860529 -6.999461 -0.783096 0.000000 0.000000 0.000000 1.062806 4.444102 -4.205133 0.574330 -6.790515 16.305180 3.166750 4.169433 -4.720229 -9.037772 2.521108 26.057965 10.089301 5.602351 -5.965760 -2.208354 -50.316647 -4.435304 -10.572703 -34.779497 -10.664693 9.054968 -5.939337 -1.680748 -8.142902 48.674729 -8.519917 16.412040 34.834938 -16.111175 -10.241932 5.567764 -14.788691
2.851441 106.564971 17.210345 -177.267069 1.927969 172.803346 2.143390 1.219360 6.195174 -1.027881 -8.291580 -3.213164 -1.588940 12.932305 3.566297 0.000000 0.000000 0.000000 2.295872 -2.772755 4.596766 0.923457 6.860349 -0.708471 2.795191 -6.994302 -0.949108 0.000000 0.000000 0.000000 1.019687 4.398918 -4.493223 0.663411 -6.933268 16.467492 3.247077 4.115324 -4.719462 -9.202762 2.570211 26.573302 10.090347 5.885446 -6.283557 -2.573907 -50.597497 -3.950351 -10.698138 -34.568245 -10.448223 8.894105 -6.023960 -0.816110 -8.108185 48.914092 -8.348692 16.559242 34.818931 -15.980957 -10.152341 5.628896 -14.385873
2.897135 106.579804 17.111451 -177.256430 1.835223 172.696922 2.161624 1.228519 6.310527 -1.023971 -8.395297 -3.141471 -1.603061 12.942610 3.520471 0.000000 0.000000 0.000000 2.303450 -2.802011 4.707912 0.930966 6.798496 -0.581188 2.760049 -7.001002 -1.102986 0.000000 0.000000 0.000000 0.983152 4.352682 -4.771120 0.757436 -7.070195 16.681552 3.323131 4.059020 -4.741100 -9.367013 2.626335 27.034757 10.068581 6.156965 -6.600766 -2.950445 -50.858928 -3.444333 -10.805209 -34.351842 -10.269436 8.790440 -6.164621 0.002635 -8.070960 49.124045 -8.126356 16.673081 34.868466 -15.893552 -10.093225 5.674201 -14.013778
2.948380 106.590956 17.010003 -177.251584 1.714616 172.587363 2.184741 1.230160 6.410391 -1.037567 -8.476827 -3.034336 -1.610428 12.914895 3.441500 0.000000 0.000000 0.000000 2.317137 -2.835625 4.837568 0.928710 6.730635 -0.471534 2.712623 -7.018656 -1.261378 0.000000 0.000000 0.000000 0.919173 4.294790 -5.024556 0.848729 -7.224769 16.854012 3.404389 3.981859 -4.739216 -9.507125 2.679485 27.442715 10.022076 6.447316 -6.864300 -3.316291 -51.072570 -2.973110 -10.947646 -34.158207 -10.067544 8.748398 -6.326445 0.812383 -7.965074 49.314382 -7.863287 16.762523 34.995341 -15.781427 -10.076426 5.676200 -13.654430
2.995877 106.604962 16.906912 -177.240673 1.608247 172.476396 2.215288 1.254339 6.522672 -1.047998 -8.585985 -2.936269 -1.610759 12.883183 3.358293 0.000000 0.000000 0.000000 2.346762 -2.850665 4.963743 0.915204 6.642957 -0.350442 2.654556 -7.033306 -1.392790 0.000000 0.000000 0.000000 0.821652 4.241998 -5.312765 0.973631 -7.384105 17.120752 3.498683 3.903940 -4.799039 -9.606407 2.757766 27.760913 9.953126 6.671582 -6.995352 -3.718642 -51.286365 -2.479737 -11.076382 -33.997084 -9.951772 8.764704 -6.441477 1.374259 -7.792460 49.520024 -7.623159 16.832211 35.151201 -15.699691 -10.103158 5.610396 -13.403104
3.038587 106.612759 16.804816 -177.227198 1.504401 172.370509 2.256631 1.259110 6.625845 -1.073443 -8.644553 -2.815378 -1.620752 12.807540 3.254816 0.000000 0.000000 0.000000 2.383927 -2.852624 5.103386 0.899163 6.543475 -0.242815 2.599055 -7.040831 -1.540973 0.000000 0.000000 0.000000 0.706391 4.172156 -5.477217 1.120538 -7.540221 17.301348 3.599298 3.807328 -4.907181 -9.656995 2.848901 27.957888 9.825097 6.883633 -7.104179 -3.985651 -51.299973 -2.110695 -11.411900 -34.023238 -9.781124 8.948995 -6.581631 1.779442 -7.639502 49.587401 -7.442609 17.050103 35.517151 -15.490135 -10.240933 5.507023 -13.186925
3.074842 106.614535 16.701207 -177.210474 1.405162 172.275639 2.304486 1.258935 6.711372 -1.113460 -8.673823 -2.669714 -1.603155 12.706225 3.122160 0.000000 0.000000 0.000000 2.429014 -2.832773 5.240905 0.879571 6.425363 -0.137045 2.548355 -7.038030 -1.678899 0.000000 0.000000 0.000000 0.597284 4.076104 -5.527098 1.272611 -7.688259 17.408049 3.687272 3.701646 -5.079589 -9.646948 2.946480 28.039447 9.626710 7.085795 -7.172747 -4.087403 -51.138255 -1.876065 -11.969712 -34.210788 -9.583459 9.344182 -6.734052 2.022592 -7.500912 49.543270 -7.296466 17.407540 36.084205 -15.222212 -10.529935 5.334465 -13.043924
3.099888 106.611258 16.598653 -177.199268 1.309888 172.197017 2.338996 1.243629 6.781746 -1.150477 -8.695965 -2.527782 -1.588715 12.623876 3.002804 0.000000 0.000000 0.000000 2.458460 -2.816539 5.355094 0.881876 6.328629 -0.023873 2.501727 -7.061191 -1.825833 0.000000 0.000000 0.000000 0.503054 3.992464 -5.575149 1.405040 -7.819551 17.468208 3.757380 3.600283 -5.204889 -9.645110 3.007788 28.023308 9.473308 7.269935 -7.161219 -4.208657 -50.982441 -1.638683 -12.441387 -34.419503 -9.468886 9.689450 -6.881865 2.142167 -7.373429 49.435033 -7.218033 17.821171 36.682104 -14.959111 -10.836461 5.172314 -12.966641
3.128575 106.605760 16.498309 -177.179832 1.223313 172.109045 2.403422 1.268501 6.832697 -1.213421 -8.702667 -2.328194 -1.581356 12.486763 2.856125 0.000000 0.000000 0.000000 2.508489 -2.807205 5.485575 0.864588 6.255616 0.077645 2.417681 -7.064089 -1.959819 0.000000 0.000000 0.000000 0.446329 3.921232 -5.591449 1.517941 -7.920665 17.554694 3.807845 3.497183 -5.375409 -9.595000 3.051323 27.938217 9.264834 7.430839 -7.064610 -4.461608 -50.804492 -1.356338 -12.827279 -34.703689 -9.497464 10.114002 -7.006702 2.049159 -7.248906 49.242659 -7.124978 18.254618 37.371569 -14.770594 -11.181839 4.953011 -12.950927
3.139347 106.594224 16.404411 -177.182968 1.154475 172.040293 2.422104 1.244738 6.878165 -1.263514 -8.691359 -2.140524 -1.554533 12.383477 2.704743 0.000000 0.000000 0.000000 2.537625 -2.796531 5.605941 0.838140 6.169316 0.186085 2.375033 -7.070194 -2.084510 0.000000 0.000000 0.000000 0.423785 3.859164 -5.625904 1.574227 -7.997572 17.624239 3.815330 3.409351 -5.503582 -9.556833 3.063688 27.796221 9.123817 7.597430 -6.938915 -4.766838 -50.654554 -1.059598 -13.091742 -35.029396 -9.649207 10.533674 -7.061568 1.788462 -7.069258 49.050982 -7.001086 18.595331 38.045133 -14.734165 -11.523320 4.723342 -12.998180
3.147809 106.581365 16.311830 -177.188137 1.106796 171.972752 2.439176 1.239979 6.917725 -1.303203 -8.674968 -1.935839 -1.559557 12.276718 2.524269 0.000000 0.000000 0.000000 2.555221 -2.792522 5.728844 0.832548 6.107468 0.284418 2.335191 -7.060466 -2.216669 0.000000 0.000000 0.000000 0.419521 3.797991 -5.615857 1.608225 -8.054454 17.612635 3.804202 3.326537 -5.593553 -9.513138 3.070620 27.610449 9.013889 7.771833 -6.760004 -5.094978 -50.474229 -0.787856 -13.312393 -35.376704 -9.768277 10.904701 -7.075158 1.530403 -6.815721 48.853878 -6.853051 18.868357 38.718595 -14.719492 -11.814962 4.467907 -13.036713
3.141693 106.565479 16.223783 -177.198733 1.056717 171.907234 2.432298 1.193764 6.969555 -1.338144 -8.682225 -1.760499 -1.519627 12.233004 2.377992 0.000000 0.000000 0.000000 2.571233 -2.788936 5.857812 0.815389 6.079990 0.361384 2.321091 -7.088830 -2.358020 0.000000 0.000000 0.000000 0.436628 3.741447 -5.571959 1.616390 -8.105267 17.550577 3.775814 3.259756 -5.651808 -9.479216 3.035008 27.348691 8.942336 7.942930 -6.502587 -5.411338 -50.326398 -0.566055 -13.473626 -35.699049 -9.832263 11.189912 -7.033841 1.296864 -6.553462 48.686811 -6.730200 19.064524 39.251703 -14.678251 -12.016972 4.309710 -13.011002
3.130099 106.547586 16.136067 -177.200581 1.042609 171.843418 2.447187 1.182992 7.018885 -1.383931 -8.666612 -1.578034 -1.501363 12.185823 2.209465 0.000000 0.000000 0.000000 2.598825 -2.783229 5.978951 0.802928 6.079213 0.445151 2.282556 -7.107991 -2.476645 0.000000 0.000000 0.000000 0.456590 3.698834 -5.521354 1.635379 -8.136327 17.502634 3.745530 3.207538 -5.721300 -9.418899 2.997330 27.061933 8.845819 8.094150 -6.220511 -5.633626 -50.198473 -0.414984 -13.626580 -35.988657 -9.830815 11.410286 -6.965731 1.029742 -6.336755 48.511125 -6.653557 19.214412 39.717530 -14.611640 -12.141955 4.208527 -12.934176
3.112701 106.526345 16.052533 -177.202708 1.024341 171.765793 2.456761 1.174193 7.086602 -1.416392 -8.696221 -1.420040 -1.494130 12.158321 2.060554 0.000000 0.000000 0.000000 2.629833 -2.794943 6.113945 0.789023 6.092134 0.516676 2.210734 -7.136166 -2.601123 0.000000 0.000000 0.000000 0.492193 3.655984 -5.444033 1.638107 -8.162814 17.507816 3.689621 3.164935 -5.832018 -9.302293 2.962331 26.685999 8.743820 8.191248 -5.854536 -5.771931 -50.088810 -0.390733 -13.755997 -36.245877 -9.740482 11.529425 -6.851180 0.729504 -6.165987 48.362474 -6.654717 19.316845 40.058550 -14.446024 -12.180268 4.189621 -12.792847
3.090802 106.504080 15.965614 -177.199137 1.003601 171.706807 2.483086 1.194591 7.123303 -1.463800 -8.725142 -1.255047 -1.473856 12.118230 1.939873 0.000000 0.000000 0.000000 2.665313 -2.808947 6.237134 0.777716 6.106861 0.565654 2.134123 -7.149254 -2.712665 0.000000 0.000000 0.000000 0.526372 3.615547 -5.369931 1.648239 -8.183360 17.537608 3.628780 3.121726 -5.996245 -9.152849 2.921948 26.282115 8.600218 8.253179 -5.461597 -5.792463 -49.965728 -0.484001 -13.967857 -36.511000 -9.528942 11.620455 -6.706940 0.409152 -6.059738 48.216589 -6.712895 19.433969 40.335259 -14.156280 -12.173813 4.205794 -12.625848
3.064563 106.482379 15.887535 -177.183397 0.982434 171.668711 2.510917 1.210676 7.114234 -1.504174 -8.770649 -1.064561 -1.466539 12.104050 1.792726 0.000000 0.000000 0.000000 2.725903 -2.822613 6.341183 0.752046 6.138696 0.586538 2.047768 -7.187256 -2.800256 0.000000 0.000000 0.000000 0.577226 3.585305 -5.307154 1.656035 -8.200695 17.548152 3.579555 3.083020 -6.128335 -9.040490 2.883141 25.886473 8.486158 8.320614 -5.120360 -5.776845 -49.907429 -0.610836 -14.118301 -36.693836 -9.340946 11.672670 -6.567443 0.173556 -6.029898 48.105187 -6.833441 19.479607 40.502441 -13.891789 -12.109163 4.269772 -12.374678
3.037306 106.464928 15.813115 -177.170013 0.974140 171.637056 2.544649 1.229517 7.100261 -1.549494 -8.807214 -0.883142 -1.502292 12.085570 1.628973 0.000000 0.000000 0.000000 2.778924 -2.841100 6.424523 0.736116 6.184484 0.615560 1.971545 -7.211004 -2.889585 0.000000 0.000000 0.000000 0.616286 3.554041 -5.227332 1.669127 -8.216584 17.525925 3.537780 3.050905 -6.222245 -8.912249 2.862773 25.464547 8.373107 8.336216 -4.823132 -5.636088 -49.815847 -0.870615 -14.311263 -36.888329 -9.121501 11.688451 -6.442108 -0.024737 -6.042051 47.991697 -6.993364 19.482441 40.649639 -13.594868 -12.008398 4.372807 -12.108566
3.008789 106.455097 15.735268 -177.156493 0.957455 171.619536 2.568423 1.265076 7.062104 -1.583884 -8.859719 -0.688952 -1.523162 12.068476 1.474307 0.000000 0.000000 0.000000 2.826524 -2.878423 6.499593 0.723976 6.240527 0.619064 1.916732 -7.251164 -2.982591 0.000000 0.000000 0.000000 0.661561 3.528253 -5.158861 1.676368 -8.235251 17.453570 3.501781 3.018844 -6.256543 -8.830821 2.831579 25.073575 8.266795 8.370661 -4.575430 -5.442039 -49.738795 -1.169990 -14.502972 -37.044149 -8.932719 11.721767 -6.381876 -0.121052 -6.122541 47.881244 -7.226091 19.496903 40.721238 -13.292710 -11.878992 4.541513 -11.823097
2.987090 106.454414 15.663258 -177.141414 0.959076 171.638558 2.594760 1.280363 6.991253 -1.629655 -8.902098 -0.509946 -1.545999 12.071918 1.329862 0.000000 0.000000 0.000000 2.892433 -2.888331 6.545811 0.691534 6.320941 0.589614 1.857359 -7.294681 -3.039566 0.000000 0.000000 0.000000 0.705845 3.504507 -5.127495 1.674193 -8.242563 17.328567 3.478654 2.990220 -6.204920 -8.760787 2.825885 24.736152 8.185286 8.422191 -4.447918 -5.218502 -49.643606 -1.491503 -14.658018 -37.201978 -8.798955 11.782729 -6.368496 -0.148869 -6.232039 47.758343 -7.466894 19.498031 40.805528 -13.044977 -11.784153 4.721544 -11.561677
2.966360 106.460794 15.591479 -177.138335 0.954701 171.669087 2.592854 1.282824 6.903338 -1.653988 -8.939124 -0.317013 -1.590492 12.092173 1.174029 0.000000 0.000000 0.000000 2.938929 -2.892855 6.594171 0.665716 6.377604 0.522621 1.813350 -7.355260 -3.082438 0.000000 0.000000 0.000000 0.748336 3.490798 -5.085289 1.655325 -8.240104 17.136930 3.462735 2.954587 -6.092011 -8.717695 2.803804 24.449173 8.137894 8.466735 -4.391265 -4.978873 -49.538484 -1.825444 -14.802396 -37.379054 -8.705481 11.876843 -6.378526 -0.115766 -6.382305 47.620447 -7.742791 19.513270 40.879265 -12.854360 -11.693192 4.898979 -11.356130
2.952195 106.473612 15.525680 -177.121162 0.955422 171.708254 2.608504 1.285833 6.792352 -1.687078 -8.973236 -0.097666 -1.628089 12.103993 0.996373 0.000000 0.000000 0.000000 3.004594 -2.890252 6.638299 0.632861 6.446678 0.441918 1.779666 -7.416984 -3.103738 0.000000 0.000000 0.000000 0.795358 3.471781 -5.043120 1.651096 -8.243132 16.931112 3.457231 2.926101 -5.947608 -8.682191 2.814494 24.191183 8.074550 8.472328 -4.396388 -4.629951 -49.429117 -2.219053 -14.964290 -37.532433 -8.581126 11.973215 -6.407402 -0.098180 -6.550867 47.495535 -8.009853 19.479607 40.934622 -12.697593 -11.610933 5.103999 -11.183292
2.944518 106.489390 15.454838 -177.112075 0.958941 171.744965 2.613869 1.303129 6.699820 -1.709762 -9.023119 0.095895 -1.648729 12.123043 0.834533 0.000000 0.000000 0.000000 3.051960 -2.895078 6.692952 0.615552 6.511544 0.345517 1.738859 -7.470180 -3.125498 0.000000 0.000000 0.000000 0.844489 3.458035 -4.985329 1.632652 -8.229955 16.724721 3.441707 2.903587 -5.813352 -8.636198 2.811797 23.944985 8.030322 8.438809 -4.414880 -4.223841 -49.330987 -2.637156 -15.134844 -37.681991 -8.422046 12.078353 -6.439993 -0.067834 -6.757517 47.357905 -8.314682 19.499527 40.946722 -12.506508 -11.543509 5.333574 -11.047586
2.944907 106.508428 15.387374 -177.101970 0.959285 171.781904 2.624916 1.308647 6.596366 -1.751009 -9.067692 0.311069 -1.676616 12.154209 0.653827 0.000000 0.000000 0.000000 3.101890 -2.897048 6.762804 0.591073 6.584542 0.215140 1.700758 -7.543095 -3.141420 0.000000 0.000000 0.000000 0.894353 3.455910 -4.932780 1.606443 -8.216112 16.518161 3.427259 2.880876 -5.649929 -8.605388 2.815060 23.698460 8.002236 8.394259 -4.426475 -3.844626 -49.255696 -3.023522 -15.224793 -37.825607 -8.323314 12.189266 -6.478830 -0.003012 -6.965896 47.228086 -8.621725 19.487191 40.932066 -12.391975 -11.505922 5.550373 -10.956651
2.949220 106.529876 15.324500 -177.086158 0.976300 171.830740 2.639399 1.318892 6.474916 -1.781846 -9.090337 0.538005 -1.703861 12.157003 0.463039 0.000000 0.000000 0.000000 3.154140 -2.915559 6.813432 0.569191 6.659473 0.089716 1.668127 -7.582295 -3.137600 0.000000 0.000000 0.000000 0.956900 3.460029 -4.877906 1.583690 -8.188691 16.318935 3.416067 2.861580 -5.489024 -8.586796 2.828983 23.459612 7.957083 8.299963 -4.472977 -3.427552 -49.176861 -3.419086 -15.320418 -37.989927 -8.269854 12.336906 -6.479512 0.005461 -7.197035 47.104115 -8.943139 19.454984 40.931599 -12.349582 -11.482738 5.696833 -10.903268
2.956740 106.554439 15.260971 -177.084120 0.995181 171.886023 2.628526 1.318969 6.351219 -1.797131 -9.101656 0.764320 -1.729160 12.179268 0.279014 0.000000 0.000000 0.000000 3.185379 -2.926230 6.853131 0.552215 6.727642 -0.030971 1.654472 -7.623037 -3.124684 0.000000 0.000000 0.000000 1.015770 3.459086 -4.816260 1.547185 -8.157312 16.113967 3.393226 2.853464 -5.339215 -8.569041 2.842966 23.220512 7.951008 8.194984 -4.476786 -3.051513 -49.083208 -3.791682 -15.368322 -38.164583 -8.221607 12.435968 -6.468210 0.058780 -7.386028 46.968760 -9.206195 19.390363 40.966736 -12.345251 -11.485022 5.782745 -10.863571
2.968755 106.579491 15.193731 -177.080435 1.015200 171.964040 2.622315 1.311200 6.216504 -1.819434 -9.101990 0.968496 -1.769930 12.191723 0.085686 0.000000 0.000000 0.000000 3.229765 -2.939103 6.868075 0.520812 6.799175 -0.146681 1.640161 -7.654093 -3.127163 0.000000 0.000000 0.000000 1.077168 3.462879 -4.779054 1.504910 -8.116033 15.889541 3.372939 2.843982 -5.162890 -8.570750 2.845854 23.002152 7.938469 8.080929 -4.499805 -2.682542 -48.989716 -4.160881 -15.400947 -38.350741 -8.195992 12.520588 -6.443956 0.067468 -7.560459 46.842228 -9.462520 19.317223 40.973949 -12.363034 -11.506613 5.860727 -10.819008
2.985576 106.602630 15.127501 -177.071557 1.035502 172.051899 2.618329 1.287535 6.066155 -1.828550 -9.079401 1.182421 -1.840278 12.207096 -0.107120 0.000000 0.000000 0.000000 3.274452 -2.952386 6.869115 0.490884 6.869047 -0.251543 1.629854 -7.684322 -3.142094 0.000000 0.000000 0.000000 1.150741 3.461773 -4.762426 1.454391 -8.082711 15.679434 3.345600 2.833733 -4.972480 -8.586994 2.849346 22.761726 7.920080 7.952195 -4.499541 -2.290406 -48.901842 -4.532672 -15.411844 -38.509447 -8.230175 12.612235 -6.420526 0.055988 -7.729188 46.723666 -9.680407 19.183370 41.029757 -12.483231 -11.542046 5.876328 -10.768378
3.001127 106.627927 15.057580 -177.079198 1.057074 172.138686 2.583167 1.246662 5.947847 -1.820042 -9.056263 1.341605 -1.855391 12.232607 -0.249886 0.000000 0.000000 0.000000 3.292831 -2.964646 6.882667 0.469900 6.939270 -0.374500 1.606936 -7.717073 -3.142821 0.000000 0.000000 0.000000 1.193336 3.469709 -4.719043 1.414538 -8.044689 15.455036 3.333221 2.826734 -4.791634 -8.606071 2.841809 22.548943 7.889897 7.825265 -4.527401 -1.874283 -48.787545 -4.898001 -15.436423 -38.699559 -8.286548 12.703571 -6.408495 0.035316 -7.930148 46.581320 -9.925233 19.116017 41.087330 -12.547275 -11.645802 5.880863 -10.716241
3.028484 106.654558 14.992009 -177.072372 1.092843 172.238918 2.572599 1.190201 5.825562 -1.816032 -8.999641 1.487538 -1.888449 12.257424 -0.396465 0.000000 0.000000 0.000000 3.331991 -2.965359 6.880568 0.451705 6.977019 -0.499894 1.613611 -7.736034 -3.131044 0.000000 0.000000 0.000000 1.252312 3.479724 -4.683922 1.372143 -7.997613 15.229245 3.316979 2.814597 -4.613347 -8.621206 2.860512 22.342952 7.865277 7.661453 -4.534929 -1.478093 -48.671184 -5.242564 -15.438021 -38.885206 -8.396508 12.813270 -6.390363 -0.049098 -8.103211 46.452449 -10.111717 19.020758 41.177167 -12.658514 -11.796858 5.853492 -10.678706
3.051630 106.682490 14.925047 -177.071514 1.123899 172.321827 2.536788 1.146777 5.736089 -1.779187 -8.979988 1.601138 -1.906656 12.303635 -0.516667 0.000000 0.000000 0.000000 3.359049 -2.965191 6.912096 0.428415 7.035727 -0.648793 1.597976 -7.768868 -3.124232 0.000000 0.000000 0.000000 1.321786 3.481546 -4.632417 1.321596 -7.958280 15.042303 3.294803 2.811568 -4.457392 -8.642568 2.868078 22.147364 7.827689 7.505789 -4.571067 -1.069704 -48.568686 -5.591836 -15.410660 -39.034792 -8.520642 12.915349 -6.379299 -0.086638 -8.353432 46.335992 -10.362025 18.964088 41.233485 -12.748022 -11.920260 5.826767 -10.644199
3.082882 106.706255 14.867538 -177.070323 1.160830 172.419514 2.521294 1.107763 5.621583 -1.773849 -8.963409 1.726250 -1.920761 12.355036 -0.633315 0.000000 0.000000 0.000000 3.393269 -2.950712 6.922405 0.402326 7.077936 -0.793858 1.600318 -7.800745 -3.101706 0.000000 0.000000 0.000000 1.368816 3.490627 -4.574386 1.282262 -7.909859 14.841955 3.282810 2.808720 -4.284501 -8.644019 2.902871 21.930627 7.789837 7.330149 -4.617242 -0.645534 -48.468555 -5.962832 -15.328106 -39.204341 -8.675025 12.953163 -6.323335 -0.158192 -8.599952 46.211848 -10.641507 18.929259 41.276810 -12.793748 -12.077409 5.837438 -10.611572
3.117521 106.730220 14.815374 -177.065137 1.192887 172.509507 2.490309 1.058361 5.518000 -1.727719 -8.964270 1.832784 -1.938530 12.436235 -0.723781 0.000000 0.000000 0.000000 3.440339 -2.913168 6.919377 0.373085 7.121306 -0.900267 1.572329 -7.857689 -3.104042 0.000000 0.000000 0.000000 1.420516 3.492782 -4.483815 1.243640 -7.867826 14.673026 3.271649 2.801450 -4.171374 -8.667246 2.915655 21.733620 7.748284 7.173993 -4.643612 -0.254563 -48.385995 -6.290774 -15.210521 -39.310746 -8.813555 13.006097 -6.305212 -0.151527 -8.865603 46.105588 -10.900116 18.884703 41.306595 -12.845452 -12.177367 5.889552 -10.604913
3.153801 106.750833 14.770363 -177.059122 1.232070 172.593898 2.463236 1.025059 5.404589 -1.691483 -8.963467 1.964407 -1.924225 12.513776 -0.822825 0.000000 0.000000 0.000000 3.474024 -2.893999 6.903627 0.365327 7.183171 -0.982090 1.556378 -7.918365 -3.096461 0.000000 0.000000 0.000000 1.476540 3.497823 -4.367390 1.201580 -7.822573 14.473599 3.261093 2.801314 -4.019436 -8.666223 2.953159 21.486983 7.724335 6.990395 -4.648473 0.150286 -48.336879 -6.669845 -15.045089 -39.379625 -8.933517 12.989789 -6.271071 -0.138445 -9.147515 46.008352 -11.214123 18.861792 41.288505 -12.855215 -12.274021 5.993491 -10.593951
3.191097 106.770901 14.730630 -177.049374 1.276294 172.674212 2.435908 0.989900 5.294773 -1.643699 -8.955662 2.092466 -1.923401 12.580982 -0.923593 0.000000 0.000000 0.000000 3.522974 -2.868102 6.857605 0.347357 7.242965 -0.999111 1.539851 -7.977848 -3.112166 0.000000 0.000000 0.000000 1.539474 3.496692 -4.212078 1.167755 -7.775058 14.276056 3.235342 2.810108 -3.910375 -8.636238 2.993204 21.165100 7.710185 6.789762 -4.536605 0.518938 -48.261089 -7.022844 -14.861591 -39.501791 -9.056743 12.951031 -6.188155 -0.163015 -9.400288 45.895307 -11.520015 18.816453 41.301320 -12.849375 -12.311133 6.085940 -10.600020
3.227571 106.788016 14.707368 -177.046241 1.320510 172.760697 2.397225 0.954097 5.147394 -1.591745 -8.939994 2.254542 -1.905811 12.657743 -1.006604 0.000000 0.000000 0.000000 3.558239 -2.842025 6.757602 0.348437 7.294794 -0.945149 1.519776 -8.036385 -3.161375 0.000000 0.000000 0.000000 1.603634 3.496665 -4.030083 1.129260 -7.720605 14.097450 3.208021 2.812756 -3.835822 -8.643922 3.021462 20.835395 7.696579 6.640811 -4.420181 0.821552 -48.173519 -7.338478 -14.596145 -39.633295 -9.237494 12.889178 -6.113720 -0.150199 -9.648511 45.756904 -11.799003 18.705791 41.375744 -12.911548 -12.273821 6.146092 -10.607305
3.263052 106.805295 14.694699 -177.038882 1.370554 172.844685 2.355483 0.906775 4.981215 -1.542085 -8.934542 2.451324 -1.884800 12.762250 -1.105248 0.000000 0.000000 0.000000 3.615106 -2.790875 6.620971 0.337433 7.355637 -0.824755 1.469601 -8.114700 -3.221160 0.000000 0.000000 0.000000 1.665400 3.496046 -3.803114 1.097050 -7.661038 13.897429 3.184922 2.823675 -3.768109 -8.638752 3.033659 20.526862 7.703481 6.498408 -4.348532 1.131956 -48.095792 -7.658840 -14.335349 -39.765399 -9.389974 12.850297 -6.043728 -0.141753 -9.900619 45.626980 -12.098074 18.614017 41.417304 -12.946757 -12.231553 6.239380 -10.612841
3.301540 106.824862 14.688931 -177.036304 1.422808 172.939532 2.303637 0.843857 4.788653 -1.490526 -8.925628 2.672783 -1.860540 12.883502 -1.192719 0.000000 0.000000 0.000000 3.660864 -2.736635 6.433474 0.350530 7.413577 -0.635863 1.453093 -8.216007 -3.316298 0.000000 0.000000 0.000000 1.727857 3.490199 -3.549168 1.055686 -7.603557 13.618072 3.168244 2.847112 -3.654617 -8.697867 3.038118 20.334769 7.765526 6.433537 -4.405815 1.425009 -48.020757 -7.944232 -14.101169 -39.870373 -9.564448 12.867267 -6.039267 -0.140499 -10.140004 45.491954 -12.367353 18.549100 41.462033 -13.033859 -12.249233 6.377565 -10.595570
3.342566 106.844456 14.694761 -177.025150 1.480221 173.032896 2.253803 0.771993 4.573129 -1.433224 -8.908283 2.925919 -1.819527 13.020743 -1.297750 0.000000 0.000000 0.000000 3.724129 -2.653822 6.216779 0.360790 7.473299 -0.396103 1.422468 -8.312148 -3.418844 0.000000 0.000000 0.000000 1.786492 3.482041 -3.247737 1.035559 -7.547966 13.353957 3.159749 2.872321 -3.614276 -8.783494 3.045924 20.247447 7.836237 6.395205 -4.546982 1.703666 -47.925973 -8.191697 -13.897272 -39.982369 -9.714758 12.913651 -6.049649 -0.150734 -10.381081 45.359325 -12.613556 18.486028 41.517389 -13.077774 -12.248250 6.504450 -10.534584
3.386286 106.863560 14.704349 -177.025730 1.539922 173.110029 2.187536 0.692707 4.356639 -1.373927 -8.890922 3.214925 -1.747095 13.157154 -1.394913 0.000000 0.000000 0.000000 3.769126 -2.577574 5.986777 0.387256 7.524218 -0.101848 1.411549 -8.411670 -3.559976 0.000000 0.000000 0.000000 1.841194 3.472671 -2.908025 0.998774 -7.484008 13.086790 3.150867 2.897410 -3.575808 -8.880224 3.034998 20.185957 7.916909 6.387207 -4.742921 1.977781 -47.825274 -8.451687 -13.667441 -40.110359 -9.882607 12.936215 -6.041623 -0.176486 -10.622810 45.220438 -12.837235 18.403261 41.583620 -13.138949 -12.245566 6.637912 -10.463381
3.436847 106.878793 14.715935 -177.015560 1.602999 173.191432 2.142122 0.615377 4.101083 -1.333111 -8.855244 3.572878 -1.709301 13.291248 -1.537422 0.000000 0.000000 0.000000 3.844076 -2.494578 5.727911 0.402741 7.584699 0.235668 1.365400 -8.532795 -3.706493 0.000000 0.000000 0.000000 1.899311 3.452112 -2.558140 0.966939 -7.415070 12.816612 3.142662 2.923375 -3.524685 -8.929511 3.033142 20.019910 7.946236 6.356509 -4.844267 2.304273 -47.691156 -8.778080 -13.483525 -40.260524 -10.001767 12.943851 -6.011556 -0.195346 -10.881182 45.061181 -13.088537 18.344344 41.682230 -13.133315 -12.255752 6.755180 -10.382316
3.487274 106.886462 14.733368 -177.000512 1.667049 173.262176 2.101949 0.500571 3.840871 -1.302886 -8.786263 3.953346 -1.622482 13.419958 -1.651238 0.000000 0.000000 0.000000 3.928360 -2.393280 5.455150 0.419847 7.644297 0.614668 1.298103 -8.658883 -3.876836 0.000000 0.000000 0.000000 1.961283 3.436308 -2.169298 0.942826 -7.340370 12.581839 3.124031 2.941770 -3.518266 -8.925983 3.030735 19.735726 7.953370 6.284748 -4.822218 2.723658 -47.530057 -9.177527 -13.360716 -40.430841 -10.053459 12.940912 -5.973421 -0.269692 -11.163097 44.878522 -13.357104 18.278023 41.787542 -13.063530 -12.239850 6.880563 -10.340386
3.534158 106.889917 14.755082 -176.986334 1.728308 173.327442 2.057924 0.386069 3.553668 -1.270055 -8.714333 4.387781 -1.532580 13.552191 -1.780300 0.000000 0.000000 0.000000 4.006890 -2.307729 5.164594 0.449784 7.697232 1.034981 1.216562 -8.769604 -4.042895 0.000000 0.000000 0.000000 2.027235 3.419684 -1.766024 0.914569 -7.260969 12.398912 3.094581 2.954980 -3.558350 -8.878370 3.019697 19.348900 7.904602 6.171266 -4.690677 3.191955 -47.368902 -9.605243 -13.265586 -40.596942 -10.063948 12.961819 -5.912999 -0.349727 -11.473757 44.694113 -13.663070 18.274354 41.892939 -12.907526 -12.281378 7.021110 -10.320423
3.583233 106.888863 14.779422 -176.973998 1.798883 173.382478 2.017498 0.250945 3.246248 -1.255977 -8.601274 4.878097 -1.424852 13.666757 -1.916151 0.000000 0.000000 0.000000 4.084664 -2.202436 4.845785 0.496691 7.740884 1.527392 1.110014 -8.885771 -4.257273 0.000000 0.000000 0.000000 2.093742 3.401637 -1.325427 0.880945 -7.177993 12.219655 3.053672 2.976902 -3.616882 -8.781760 3.025326 18.891509 7.837476 6.029274 -4.481523 3.694926 -47.183073 -10.056105 -13.216627 -40.779906 -10.051559 13.015922 -5.893314 -0.457951 -11.800197 44.512920 -14.012756 18.320793 41.987730 -12.697766 -12.337048 7.147502 -10.308406
3.628665 106.892137 14.808705 -176.958485 1.872733 173.448972 1.973696 0.080912 2.898460 -1.247582 -8.482205 5.426353 -1.294067 13.824222 -2.078716 0.000000 0.000000 0.000000 4.175822 -2.074547 4.485925 0.536689 7.781030 2.068099 1.027576 -9.005044 -4.467551 0.000000 0.000000 0.000000 2.163923 3.380785 -0.877113 0.845558 -7.080521 11.997340 3.022294 2.993485 -3.632508 -8.693522 3.017305 18.421881 7.762960 5.899839 -4.284243 4.223465 -46.990421 -10.523932 -13.205033 -40.973066 -10.030115 13.051315 -5.862739 -0.554363 -12.134607 44.314118 -14.378985 18.401337 42.084687 -12.488039 -12.402820 7.310749 -10.289931
3.673916 106.897510 14.839444 -176.942632 1.948509 173.498225 1.928536 -0.105002 2.538598 -1.248866 -8.363659 6.032803 -1.178953 13.987943 -2.253397 0.000000 0.000000 0.000000 4.266123 -1.932895 4.103991 0.599434 7.807446 2.691097 0.956184 -9.137293 -4.733926 0.000000 0.000000 0.000000 2.222973 3.359734 -0.401474 0.809603 -6.978234 11.754156 3.008359 3.009215 -3.615433 -8.609302 2.997981 17.914655 7.666507 5.757773 -4.054650 4.717930 -46.792103 -10.999555 -13.195553 -41.159576 -9.987791 13.076793 -5.860072 -0.586656 -12.457889 44.128648 -14.778587 18.457977 42.165859 -12.263796 -12.408869 7.450037 -10.250393
3.716196 106.900620 14.876737 -176.925549 2.049892 173.558395 1.879825 -0.315683 2.140805 -1.256055 -8.229768 6.691860 -1.030149 14.200182 -2.433619 0.000000 0.000000 0.000000 4.346817 -1.755716 3.645493 0.705279 7.817800 3.432737 0.883958 -9.260157 -5.053727 0.000000 0.000000 0.000000 2.293486 3.337923 0.088698 0.771323 -6.854335 11.478194 2.990330 3.031675 -3.575502 -8.547550 2.969362 17.444047 7.583429 5.634297 -3.880556 5.198112 -46.570290 -11.458902 -13.215292 -41.392089 -9.935868 13.110241 -5.832758 -0.613214 -12.773706 43.933884 -15.203013 18.525275 42.254451 -12.022017 -12.369481 7.566841 -10.165051
3.755609 106.891615 14.919337 -176.912982 2.149899 173.606082 1.828542 -0.535706 1.686753 -1.291476 -8.064933 7.482302 -0.887790 14.396393 -2.701124 0.000000 0.000000 0.000000 4.409029 -1.554685 3.113245 0.857188 7.797484 4.341057 0.812347 -9.389508 -5.437185 0.000000 0.000000 0.000000 2.352203 3.309031 0.609558 0.734044 -6.728564 11.170282 2.987094 3.052712 -3.490342 -8.485854 2.932793 16.947403 7.472661 5.519881 -3.698146 5.690865 -46.342387 -11.956460 -13.255087 -41.629620 -9.869361 13.135783 -5.781189 -0.588287 -13.104116 43.750036 -15.663800 18.563079 42.342317 -11.773610 -12.283912 7.644087 -10.068810
3.798911 106.863499 14.966274 -176.886697 2.264615 173.677363 1.804143 -0.785863 1.127609 -1.357323 -7.855267 8.430041 -0.758625 14.598888 -3.011828 0.000000 0.000000 0.000000 4.486860 -1.323982 2.492457 1.033224 7.784847 5.365414 0.720317 -9.555318 -5.879119 0.000000 0.000000 0.000000 2.439160 3.273348 1.145518 0.683203 -6.585034 10.735701 2.993824 3.072068 -3.280829 -8.471644 2.889215 16.452010 7.400715 5.433366 -3.574626 6.227283 -46.098843 -12.499175 -13.330975 -41.841791 -9.789789 13.111494 -5.775014 -0.464821 -13.441914 43.547638 -16.112009 18.535410 42.446535 -11.589689 -12.117187 7.704184 -9.891596
3.851762 106.807722 15.018276 -176.863035 2.384863 173.739579 1.786073 -1.039107 0.520621 -1.438239 -7.625376 9.478557 -0.627540 14.805531 -3.353766 0.000000 0.000000 0.000000 4.553220 -1.086052 1.830227 1.236250 7.769793 6.486770 0.647122 -9.730559 -6.375691 0.000000 0.000000 0.000000 2.529931 3.233414 1.696453 0.616605 -6.439877 10.284011 3.001726 3.094620 -3.004743 -8.434082 2.822775 15.936990 7.305592 5.341072 -3.461239 6.825415 -45.847991 -13.088520 -13.399249 -42.029225 -9.760954 13.084674 -5.809255 -0.307311 -13.803629 43.350172 -16.583687 18.518825 42.539636 -11.433530 -12.013938 7.792338 -9.735690
3.915576 106.727467 15.071796 -176.836832 2.522367 173.798228 1.797482 -1.290155 -0.143495 -1.567975 -7.357966 10.652035 -0.496521 15.015102 -3.757778 0.000000 0.000000 0.000000 4.628369 -0.815021 1.123925 1.451634 7.756284 7.702329 0.575091 -9.935490 -6.921042 0.000000 0.000000 0.000000 2.623682 3.197822 2.274249 0.540614 -6.273570 9.756884 3.022315 3.118401 -2.630494 -8.390923 2.765564 15.422008 7.219516 5.250026 -3.320432 7.459313 -45.594427 -13.742640 -13.506507 -42.208553 -9.698468 13.034326 -5.852386 -0.095038 -14.172154 43.139591 -17.092743 18.497295 42.589875 -11.240724 -11.900917 7.923850 -9.551682
3.989189 106.631692 15.129851 -176.809589 2.657968 173.846873 1.813375 -1.574346 -0.826423 -1.716409 -7.127090 11.881773 -0.383648 15.303007 -4.173782 0.000000 0.000000 0.000000 4.694208 -0.521825 0.383684 1.690153 7.720443 8.996037 0.491176 -10.157289 -7.471392 0.000000 0.000000 0.000000 2.713876 3.148835 2.891929 0.461947 -6.107447 9.229358 3.045425 3.141211 -2.279211 -8.355457 2.714399 15.052112 7.124396 5.161237 -3.330202 8.112557 -45.314844 -14.395730 -13.652338 -42.366177 -9.615567 12.982475 -5.926982 0.165873 -14.548667 42.949987 -17.571706 18.538910 42.608040 -11.055142 -11.872896 8.113807 -9.359987
4.069291 106.518446 15.192315 -176.781341 2.802961 173.899212 1.833235 -1.893078 -1.549087 -1.889619 -6.914791 13.177574 -0.267449 15.678658 -4.618499 0.000000 0.000000 0.000000 4.767404 -0.206837 -0.395517 1.939793 7.686326 10.355363 0.426950 -10.402565 -8.089930 0.000000 0.000000 0.000000 2.794166 3.115177 3.491634 0.393000 -5.933591 8.764109 3.075182 3.170335 -1.946584 -8.327169 2.672003 14.733730 7.049098 5.075054 -3.387452 8.757059 -45.022268 -15.017013 -13.787507 -42.528373 -9.538254 12.951249 -6.047992 0.438060 -14.945857 42.752831 -18.037065 18.641994 42.605045 -10.866346 -11.974216 8.357549 -9.200395
4.155494 106.386753 15.253628 -176.767344 2.963665 173.931124 1.853907 -2.217340 -2.283059 -2.101325 -6.708908 14.547679 -0.142324 16.088201 -5.103870 0.000000 0.000000 0.000000 4.808396 0.112657 -1.194445 2.215515 7.616198 11.791987 0.374217 -10.613184 -8.722882 0.000000 0.000000 0.000000 2.846152 3.086222 4.118883 0.323558 -5.753955 8.321193 3.117582 3.199493 -1.629941 -8.312479 2.643675 14.513099 6.971592 4.979946 -3.569256 9.399984 -44.720056 -15.616877 -13.930368 -42.685466 -9.452380 12.920925 -6.178624 0.700783 -15.334666 42.580523 -18.477657 18.744137 42.582901 -10.696499 -12.127451 8.637424 -9.087298
4.243608 106.233250 15.319333 -176.752293 3.116302 173.970113 1.884396 -2.549136 -3.083092 -2.345753 -6.507767 16.019727 -0.058607 16.545755 -5.638906 0.000000 0.000000 0.000000 4.838051 0.459108 -2.034166 2.518794 7.517925 13.295800 0.309022 -10.843979 -9.379707 0.000000 0.000000 0.000000 2.907527 3.047650 4.740200 0.245711 -5.583133 7.904055 3.147568 3.241019 -1.332777 -8.311911 2.609531 14.369321 6.925973 4.922673 -3.837144 10.026862 -44.426151 -16.201173 -14.066868 -42.822147 -9.375667 12.889950 -6.336316 0.979420 -15.742467 42.401761 -18.882551 18.849867 42.575283 -10.595080 -12.303623 8.918522 -8.972885
4.333360 106.056806 15.392426 -176.729133 3.265800 173.998059 1.948423 -2.872509 -3.927982 -2.654351 -6.330752 17.586376 0.000531 17.019906 -6.227530 0.000000 0.000000 0.000000 4.873824 0.797730 -2.908579 2.831076 7.397467 14.878096 0.257502 -11.070743 -10.081887 0.000000 0.000000 0.000000 2.964599 3.004196 5.409822 0.178843 -5.411320 7.463969 3.189520 3.277116 -1.037654 -8.358782 2.561501 14.323915 6.901177 4.897871 -4.253633 10.628404 -44.115696 -16.722792 -14.174058 -42.963226 -9.299075 12.879983 -6.504781 1.294720 -16.155896 42.204010 -19.232576 18.885249 42.572534 -10.570263 -12.442494 9.270220 -8.817266
4.422019 105.852126 15.468495 -176.711021 3.421247 174.034242 2.008669 -3.206389 -4.804793 -2.969283 -6.137321 19.194395 0.055776 17.527827 -6.855436 0.000000 0.000000 0.000000 4.885564 1.124009 -3.847479 3.165415 7.249650 16.552611 0.210954 -11.269161 -10.799909 0.000000 0.000000 0.000000 3.023806 2.958423 6.069610 0.104290 -5.237951 7.054027 3.229645 3.318090 -0.766490 -8.449038 2.510989 14.332371 6.925341 4.904833 -4.763258 11.178167 -43.808364 -17.195883 -14.242520 -43.106293 -9.255388 12.858074 -6.677346 1.578510 -16.560330 41.998671 -19.511874 18.845380 42.623118 -10.654509 -12.563980 9.590665 -8.700353
4.505885 105.615505 15.552570 -176.722134 3.574096 174.074985 2.040480 -3.545870 -5.712089 -3.298638 -5.939307 20.835804 0.141475 18.070095 -7.511711 0.000000 0.000000 0.000000 4.855111 1.435772 -4.881148 3.526596 7.093029 18.384257 0.220718 -11.462200 -11.587647 0.000000 0.000000 0.000000 3.056668 2.903553 6.742567 0.015354 -5.069485 6.656484 3.253179 3.363412 -0.514004 -8.565431 2.447730 14.359609 7.002118 4.965808 -5.337402 11.697830 -43.496835 -17.635141 -14.246993 -43.256891 -9.255667 12.807341 -6.850916 1.878555 -16.930151 41.782462 -19.721655 18.732361 42.731016 -10.829699 -12.686200 9.908222 -8.585852
4.583346 105.348474 15.638986 -176.726539 3.715651 174.110670 2.083805 -3.882053 -6.628641 -3.640905 -5.746834 22.486272 0.235920 18.622250 -8.140952 0.000000 0.000000 0.000000 4.814423 1.735970 -5.942686 3.906421 6.915604 20.261655 0.201498 -11.645275 -12.369628 0.000000 0.000000 0.000000 3.094371 2.846133 7.430410 -0.062794 -4.900206 6.292395 3.284688 3.411239 -0.294917 -8.705207 2.367298 14.415610 7.084198 5.031597 -5.969347 12.206360 -43.189976 -18.019112 -14.233277 -43.418541 -9.300725 12.784361 -7.029670 2.144199 -17.345253 41.559926 -19.903712 18.590707 42.809092 -11.057446 -12.824824 10.283354 -8.436488
4.659084 105.048031 15.729211 -176.731588 3.862973 174.140896 2.133791 -4.226602 -7.560348 -3.988024 -5.510595 24.171110 0.306269 19.190949 -8.824347 0.000000 0.000000 0.000000 4.764430 2.014578 -7.013445 4.280315 6.711777 22.155345 0.190259 -11.807714 -13.157748 0.000000 0.000000 0.000000 3.139974 2.792871 8.141292 -0.150747 -4.735065 5.933993 3.314434 3.460788 -0.088330 -8.850206 2.297737 14.505988 7.177213 5.117358 -6.673592 12.705013 -42.918899 -18.375337 -14.196990 -43.526354 -9.408953 12.788306 -7.242754 2.427029 -17.790014 41.358185 -20.051493 18.380716 42.871596 -11.409301 -12.967960 10.660410 -8.285436
4.729336 104.709459 15.827692 -176.746210 4.011158 174.163735 2.197799 -4.618654 -8.512825 -4.360738 -5.200711 25.886558 0.409482 19.758388 -9.478698 0.000000 0.000000 0.000000 4.675110 2.303422 -8.101646 4.683351 6.466300 24.076512 0.180845 -11.939419 -13.962018 0.000000 0.000000 0.000000 3.187754 2.739229 8.887849 -0.245223 -4.577351 5.601197 3.322826 3.514919 0.085872 -8.956841 2.250951 14.543240 7.276499 5.186287 -7.356348 13.240018 -42.620223 -18.756207 -14.185387 -43.653455 -9.519697 12.784073 -7.444785 2.699083 -18.264992 41.146631 -20.206007 18.171799 42.934781 -11.761643 -13.139433 11.053402 -8.143682
4.797311 104.332408 15.937914 -176.732849 4.125343 174.165602 2.301060 -4.947412 -9.495502 -4.754038 -4.917882 27.670465 0.491769 20.316034 -10.196125 0.000000 0.000000 0.000000 4.618171 2.577034 -9.182240 5.053595 6.160644 26.018920 0.145660 -12.079272 -14.773264 0.000000 0.000000 0.000000 3.246298 2.671232 9.685118 -0.314676 -4.427626 5.276570 3.339509 3.568297 0.239986 -9.034028 2.213263 14.539649 7.341677 5.203732 -8.017149 13.803558 -42.346643 -19.122576 -14.157320 -43.766695 -9.713501 12.798866 -7.636925 2.969157 -18.760815 40.982495 -20.424927 17.934994 42.905809 -12.162977 -13.318316 11.463681 -7.953430
4.863899 103.916641 16.059791 -176.723187 4.240960 174.163870 2.410749 -5.231336 -10.496868 -5.149940 -4.616449 29.472552 0.622892 20.846317 -10.878045 0.000000 0.000000 0.000000 4.536958 2.873317 -10.293697 5.432838 5.791396 27.996098 0.102372 -12.189844 -15.574562 0.000000 0.000000 0.000000 3.264932 2.617057 10.514573 -0.352938 -4.276123 4.990224 3.373106 3.638738 0.330397 -9.075314 2.198536 14.507605 7.391113 5.168075 -8.639820 14.331496 -42.104698 -19.478464 -14.103558 -43.883986 -9.905874 12.801474 -7.786912 3.272429 -19.261794 40.848298 -20.756605 17.732571 42.787211 -12.486591 -13.464976 11.868600 -7.692663
4.926616 103.467201 16.191697 -176.699807 4.340558 174.149334 2.537919 -5.497573 -11.516054 -5.540960 -4.310763 31.319896 0.742712 21.353718 -11.593706 0.000000 0.000000 0.000000 4.461472 3.160085 -11.399165 5.793802 5.376809 29.973807 0.055806 -12.295040 -16.367900 0.000000 0.000000 0.000000 3.279985 2.558810 11.385616 -0.373009 -4.131316 4.709827 3.420066 3.709795 0.405778 -9.073654 2.203500 14.402706 7.394089 5.093140 -9.217315 14.861958 -41.842420 -19.842759 -14.070358 -44.012870 -10.068086 12.803582 -7.925378 3.577991 -19.793617 40.735978 -21.158102 17.525387 42.625593 -12.758099 -13.594689 12.249052 -7.385228
4.989710 102.976916 16.327561 -176.688998 4.426399 174.126195 2.657037 -5.751127 -12.553751 -5.915868 -3.963811 33.201321 0.861560 21.854050 -12.326889 0.000000 0.000000 0.000000 4.365503 3.454434 -12.514632 6.162748 4.948075 31.977970 0.029028 -12.427262 -17.210833 0.000000 0.000000 0.000000 3.295440 2.484838 12.256266 -0.421368 -3.994553 4.450324 3.441738 3.780822 0.504275 -9.075444 2.188698 14.250772 7.449704 5.053800 -9.801124 15.408411 -41.564710 -20.224168 -14.009506 -44.126667 -10.224711 12.740623 -8.081490 3.912591 -20.314544 40.605603 -21.525464 17.226382 42.483398 -13.058133 -13.647580 12.619129 -7.085605
5.049111 102.449750 16.471921 -176.682654 4.492976 174.083928 2.770876 -6.015349 -13.589692 -6.271889 -3.588646 35.097770 0.957844 22.337392 -13.088877 0.000000 0.000000 0.000000 4.248896 3.722848 -13.626961 6.531548 4.494611 33.990301 -0.013823 -12.566866 -18.045660 0.000000 0.000000 0.000000 3.317400 2.405180 13.143035 -0.491928 -3.858405 4.208494 3.465382 3.833094 0.643337 -9.050717 2.186835 14.030280 7.514139 5.025797 -10.394672 15.974932 -41.314678 -20.640151 -13.915372 -44.223945 -10.381888 12.693467 -8.185261 4.176781 -20.885125 40.466175 -21.934654 16.899549 42.322849 -13.335980 -13.673260 12.976390 -6.804518
5.109905 101.875418 16.620826 -176.685867 4.546792 174.038034 2.894383 -6.281290 -14.644178 -6.593437 -3.139870 37.010848 1.039149 22.763253 -13.871914 0.000000 0.000000 0.000000 4.123488 3.960226 -14.753597 6.881626 4.039670 36.027091 -0.034192 -12.697996 -18.897403 0.000000 0.000000 0.000000 3.335685 2.314574 14.021155 -0.590724 -3.731815 3.984608 3.469681 3.875771 0.815940 -9.009339 2.203689 13.752571 7.656176 5.025779 -10.995029 16.531040 -41.053284 -21.064809 -13.779800 -44.321179 -10.483268 12.608001 -8.268035 4.390821 -21.449714 40.304342 -22.306248 16.464390 42.195209 -13.613180 -13.612665 13.303391 -6.536206
5.171129 101.250244 16.777096 -176.692162 4.581577 173.982560 3.033072 -6.517267 -15.739876 -6.884078 -2.638269 38.974154 1.067919 23.133496 -14.646892 0.000000 0.000000 0.000000 3.980274 4.179619 -15.894589 7.249998 3.574946 38.090354 -0.086264 -12.840560 -19.742847 0.000000 0.000000 0.000000 3.373961 2.200830 14.955591 -0.720894 -3.600625 3.719681 3.454739 3.900393 0.995570 -8.965754 2.197405 13.394909 7.811783 5.058691 -11.535789 17.037416 -40.804585 -21.478620 -13.573056 -44.419267 -10.514728 12.475406 -8.309402 4.609759 -22.016954 40.107778 -22.668150 15.961337 42.086304 -13.815005 -13.447655 13.607909 -6.180448
5.232085 100.569458 16.934853 -176.702795 4.607153 173.928135 3.187767 -6.731431 -16.884392 -7.157163 -2.092044 40.992449 1.093763 23.465425 -15.405232 0.000000 0.000000 0.000000 3.826198 4.354385 -17.060816 7.618361 3.106792 40.183315 -0.131784 -12.990242 -20.618308 0.000000 0.000000 0.000000 3.401923 2.082548 15.878039 -0.862640 -3.478535 3.468392 3.428740 3.925518 1.205799 -8.911284 2.201478 12.950025 8.001413 5.119567 -12.030512 17.572850 -40.574181 -21.891612 -13.295218 -44.490175 -10.554773 12.278505 -8.340568 4.742630 -22.617769 39.889962 -23.040370 15.405628 41.935781 -14.003103 -13.207297 13.954473 -5.781650
5.286162 99.836715 17.094396 -176.721065 4.608049 173.869589 3.345474 -6.944273 -18.070462 -7.389649 -1.502562 43.053569 1.105592 23.762992 -16.099273 0.000000 0.000000 0.000000 3.645472 4.496535 -18.253141 7.979071 2.611551 42.307525 -0.210132 -13.127719 -21.469038 0.000000 0.000000 0.000000 3.433962 1.951581 16.818585 -1.017234 -3.369852 3.228985 3.396826 3.938353 1.410558 -8.852804 2.183279 12.462578 8.186784 5.189905 -12.537256 18.119347 -40.360073 -22.298466 -13.007533 -44.526425 -10.594476 12.119058 -8.373551 4.882795 -23.259694 39.661896 -23.436780 14.844749 41.766671 -14.163680 -12.960360 14.305081 -5.332594
5.341789 99.049208 17.249488 -176.724869 4.578812 173.810917 3.542347 -7.142734 -19.310004 -7.588091 -0.871576 45.163911 1.071451 24.030250 -16.772777 0.000000 0.000000 0.000000 3.460238 4.618613 -19.466831 8.337188 2.080718 44.450930 -0.267761 -13.262593 -22.316339 0.000000 0.000000 0.000000 3.473090 1.803317 17.765970 -1.160792 -3.282499 2.987149 3.364362 3.950914 1.617855 -8.788941 2.172065 11.929526 8.347054 5.253622 -13.016113 18.680717 -40.142353 -22.709293 -12.697286 -44.549829 -10.682767 11.919676 -8.394101 4.938546 -23.923935 39.429671 -23.830463 14.273005 41.571262 -14.312428 -12.719974 14.676133 -4.797446
5.393347 98.222563 17.400840 -176.727527 4.547960 173.754409 3.746943 -7.325151 -20.585366 -7.745364 -0.229298 47.306789 1.015190 24.265640 -17.400021 0.000000 0.000000 0.000000 3.258106 4.740503 -20.688968 8.675587 1.515165 46.586457 -0.330014 -13.381369 -23.135245 0.000000 0.000000 0.000000 3.504629 1.663260 18.691795 -1.299241 -3.202582 2.773430 3.351590 3.955332 1.822144 -8.739959 2.165658 11.428124 8.488792 5.313171 -13.540193 19.255298 -39.980271 -23.107805 -12.412855 -44.523764 -10.827333 11.820384 -8.408718 4.933784 -24.633786 39.238118 -24.249850 13.730210 41.311745 -14.488674 -12.519913 15.075124 -4.291385
5.443460 97.356077 17.542596 -176.742379 4.476890 173.709974 3.957510 -7.533203 -21.904059 -7.881598 0.436254 49.452749 0.935221 24.466781 -17.967380 0.000000 0.000000 0.000000 3.024014 4.846216 -21.948155 8.979802 0.906313 48.743599 -0.384492 -13.472874 -23.919131 0.000000 0.000000 0.000000 3.530322 1.523375 19.563975 -1.434871 -3.146174 2.597959 3.338847 3.950183 2.030792 -8.746867 2.122455 11.005115 8.637786 5.391738 -14.176691 19.777639 -39.861526 -23.452084 -12.054670 -44.475559 -11.065505 11.761144 -8.435390 4.932680 -25.324275 39.060814 -24.659030 13.210573 41.050460 -14.722201 -12.367654 15.443728 -3.778332
5.492419 96.457098 17.677950 -176.757464 4.395909 173.656415 4.176344 -7.719748 -23.247761 -7.982488 1.111514 51.637208 0.819435 24.616522 -18.509017 0.000000 0.000000 0.000000 2.790672 4.953443 -23.205903 9.244632 0.288507 50.906182 -0.429830 -13.582205 -24.696630 0.000000 0.000000 0.000000 3.541992 1.377839 20.433451 -1.563393 -3.107303 2.418747 3.344013 3.932172 2.247401 -8.780677 2.060882 10.642066 8.755281 5.512537 -14.879827 20.249538 -39.757204 -23.739069 -11.647359 -44.408859 -11.395666 11.747757 -8.463369 4.942539 -25.953023 38.933710 -24.945283 12.596928 40.823951 -15.110834 -12.270172 15.779097 -3.338295
5.541561 95.528850 17.810491 -176.777895 4.287278 173.602178 4.413246 -7.925416 -24.633889 -8.080542 1.797623 53.857480 0.708021 24.743035 -18.981296 0.000000 0.000000 0.000000 2.533694 5.054808 -24.470707 9.472445 -0.363895 53.061702 -0.474197 -13.679144 -25.423021 0.000000 0.000000 0.000000 3.554161 1.239944 21.282142 -1.683256 -3.087544 2.264769 3.359182 3.903833 2.450144 -8.868281 1.950128 10.373530 8.855661 5.657279 -15.688957 20.679233 -39.705551 -23.959679 -11.178070 -44.302149 -11.833230 11.818784 -8.512455 4.964986 -26.578328 38.821305 -25.210796 12.023564 40.606097 -15.596465 -12.217230 16.095571 -2.994777
5.587905 94.571410 17.947026 -176.806655 4.162817 173.558515 4.664668 -8.132468 -26.071645 -8.155819 2.508622 56.101128 0.566755 24.839959 -19.419395 0.000000 0.000000 0.000000 2.243654 5.177888 -25.777871 9.662101 -1.070032 55.240348 -0.499701 -13.759561 -26.119321 0.000000 0.000000 0.000000 3.537548 1.095990 22.150047 -1.784023 -3.083647 2.085911 3.392706 3.859932 2.633700 -9.003793 1.827972 10.193313 8.967024 5.837579 -16.600987 21.121094 -39.607656 -24.152200 -10.746832 -44.198207 -12.291225 11.940502 -8.555373 5.020980 -27.160328 38.710634 -25.440375 11.456594 40.492016 -16.162579 -12.173094 16.307254 -2.783794
5.631573 93.590881 18.086617 -176.829142 4.040728 173.515693 4.951643 -8.347102 -27.557194 -8.243083 3.237482 58.394740 0.436584 24.936279 -19.781236 0.000000 0.000000 0.000000 1.952779 5.301659 -27.109885 9.820246 -1.781185 57.439786 -0.498789 -13.820541 -26.776367 0.000000 0.000000 0.000000 3.520622 0.959039 23.014820 -1.867953 -3.089211 1.922894 3.441684 3.812421 2.800191 -9.178931 1.681125 10.102725 9.049350 6.052502 -17.616820 21.529111 -39.499870 -24.310270 -10.295999 -44.079315 -12.804714 12.069359 -8.641747 5.093151 -27.751303 38.610547 -25.689073 10.935599 40.410576 -16.769755 -12.129829 16.460651 -2.651850
5.675592 92.593721 18.226410 -176.854110 3.888190 173.457403 5.241478 -8.541633 -29.068766 -8.302063 3.951072 60.721820 0.291793 24.987311 -20.065602 0.000000 0.000000 0.000000 1.628716 5.406540 -28.431930 9.931894 -2.544537 59.625750 -0.497671 -13.852760 -27.390585 0.000000 0.000000 0.000000 3.482689 0.812243 23.865284 -1.931889 -3.119548 1.793405 3.504998 3.748125 3.000133 -9.405940 1.542582 10.085304 9.147397 6.301140 -18.806352 21.941696 -39.361957 -24.454546 -9.816338 -43.960920 -13.390160 12.206895 -8.719566 5.155796 -28.299656 38.521710 -25.923358 10.374105 40.404863 -17.497607 -12.091180 16.543526 -2.641112
5.714036 91.568215 18.361740 -176.898659 3.742462 173.426924 5.556739 -8.754933 -30.652104 -8.367108 4.720055 63.079792 0.181962 25.036856 -20.241674 0.000000 0.000000 0.000000 1.274267 5.509879 -29.822328 9.991218 -3.322208 61.853815 -0.528441 -13.892016 -27.917950 0.000000 0.000000 0.000000 3.418059 0.693520 24.752105 -1.979445 -3.146966 1.583762 3.588735 3.678381 3.114613 -9.633242 1.383531 10.168848 9.208552 6.541578 -19.957189 22.354754 -39.249122 -24.558127 -9.441825 -43.811516 -13.870595 12.338030 -8.793074 5.201927 -28.827085 38.453794 -26.122870 9.954446 40.384255 -18.087403 -12.094465 16.608911 -2.707622
5.747874 90.528362 18.490938 -176.935707 3.586365 173.397008 5.907545 -8.962226 -32.255482 -8.478356 5.494044 65.432598 0.090575 25.107376 -20.359406 0.000000 0.000000 0.000000 0.893105 5.591754 -31.226293 10.037306 -4.105925 64.100350 -0.544367 -13.871631 -28.382168 0.000000 0.000000 0.000000 3.346343 0.560668 25.631174 -2.004791 -3.188886 1.381524 3.668870 3.614331 3.214853 -9.867540 1.206248 10.283754 9.264368 6.793042 -21.131183 22.745901 -39.110439 -24.604239 -9.070043 -43.663283 -14.327865 12.412809 -8.863921 5.278190 -29.329026 38.408696 -26.305476 9.560238 40.379797 -18.651033 -12.101248 16.640296 -2.770455
5.775821 89.473748 18.609936 -176.985840 3.408050 173.362321 6.256167 -9.166878 -33.872974 -8.649370 6.245868 67.772717 -0.024483 25.221422 -20.440550 0.000000 0.000000 0.000000 0.469821 5.624637 -32.643328 10.094833 -4.865718 66.377506 -0.554435 -13.805622 -28.792908 0.000000 0.000000 0.000000 3.254781 0.438711 26.490171 -2.005693 -3.248888 1.194996 3.759650 3.548870 3.294410 -10.138266 1.040601 10.480270 9.322494 7.054148 -22.355023 23.135827 -38.986768 -24.597434 -8.682277 -43.489614 -14.786997 12.422759 -8.920621 5.341513 -29.802200 38.388708 -26.468229 9.185636 40.359054 -19.187648 -12.092240 16.651822 -2.770499
5.792656 88.408567 18.721876 -177.035939 3.237846 173.332202 6.625484 -9.355306 -35.495891 -8.861208 6.993386 70.099039 -0.156204 25.312908 -20.523894 0.000000 0.000000 0.000000 0.017611 5.644657 -34.077612 10.161199 -5.593929 68.675728 -0.531116 -13.662506 -29.130120 0.000000 0.000000 0.000000 3.152245 0.321663 27.326524 -1.981025 -3.312566 1.000061 3.857156 3.496535 3.389539 -10.408285 0.888913 10.692558 9.371604 7.291891 -23.568498 23.511820 -38.852997 -24.591764 -8.330286 -43.312311 -15.173160 12.349039 -8.985624 5.378275 -30.232060 38.398471 -26.641350 8.810286 40.304383 -19.643897 -12.041728 16.663093 -2.740018
5.794574 87.326512 18.816021 -177.083719 3.061142 173.298086 7.021190 -9.533362 -37.105617 -9.099029 7.740000 72.396233 -0.343613 25.328622 -20.643778 0.000000 0.000000 0.000000 -0.469498 5.624483 -35.512468 10.229551 -6.336655 70.988367 -0.461125 -13.463596 -29.459283 0.000000 0.000000 0.000000 3.059928 0.193474 28.129394 -1.935531 -3.372941 0.830416 3.938194 3.450620 3.467044 -10.713107 0.720882 10.933498 9.421733 7.514373 -24.794729 23.887924 -38.702372 -24.491094 -7.966026 -43.151395 -15.599702 12.254351 -9.072945 5.362486 -30.619164 38.408548 -26.752390 8.407685 40.266595 -20.107246 -11.983367 16.652608 -2.607431
5.779859 86.238382 18.896286 -177.137685 2.878065 173.257343 7.408361 -9.684720 -38.700025 -9.312488 8.471838 74.676114 -0.561535 25.280433 -20.767922 0.000000 0.000000 0.000000 -0.992145 5.559201 -36.926122 10.299107 -7.067523 73.281696 -0.375712 -13.180408 -29.769292 0.000000 0.000000 0.000000 2.974503 0.074077 28.907498 -1.887796 -3.437798 0.704583 4.021344 3.409791 3.490640 -11.019128 0.575272 11.183004 9.501937 7.697813 -25.950817 24.124627 -38.638961 -24.343821 -7.520160 -43.007085 -16.063205 12.124340 -9.105866 5.295248 -30.950943 38.487113 -26.832619 7.996252 40.169243 -20.560363 -11.922662 16.634791 -2.487608
5.753778 85.134332 18.966099 -177.176045 2.700176 173.182030 7.817100 -9.799425 -40.243163 -9.435054 9.201043 76.957519 -0.761530 25.101099 -20.906378 0.000000 0.000000 0.000000 -1.524023 5.469626 -38.312068 10.358589 -7.805989 75.590771 -0.298079 -12.847104 -30.033061 0.000000 0.000000 0.000000 2.904920 -0.062846 29.752482 -1.825881 -3.499059 0.595755 4.085524 3.372915 3.432307 -11.268472 0.475613 11.325817 9.541574 7.821825 -26.977230 24.352398 -38.553370 -24.250729 -7.185059 -42.878472 -16.414840 12.057303 -9.154682 5.183962 -31.247478 38.545268 -26.905231 7.580979 40.119342 -20.922381 -11.859284 16.596763 -2.383529
5.714253 84.015576 19.036559 -177.198987 2.532022 173.057015 8.229581 -9.845409 -41.722793 -9.520585 9.896887 79.240714 -0.950338 24.801987 -21.046560 0.000000 0.000000 0.000000 -2.053081 5.338970 -39.666875 10.419426 -8.541189 77.920943 -0.223599 -12.452356 -30.238525 0.000000 0.000000 0.000000 2.856626 -0.215969 30.722056 -1.758966 -3.541768 0.512842 4.124404 3.331037 3.247243 -11.413449 0.460289 11.170095 9.545927 7.817334 -27.693679 24.642101 -38.418915 -24.217390 -6.982059 -42.779631 -16.610907 12.107300 -9.191733 4.965441 -31.557203 38.565892 -26.993040 7.167688 40.086158 -21.132826 -11.793622 16.543206 -2.327973
5.668953 82.863750 19.101212 -177.221880 2.372801 172.917350 8.689310 -9.834770 -43.192418 -9.664565 10.619936 81.521750 -1.098240 24.416214 -21.228303 0.000000 0.000000 0.000000 -2.611767 5.194355 -41.045751 10.491211 -9.284951 80.304237 -0.173271 -12.006696 -30.438909 0.000000 0.000000 0.000000 2.801655 -0.360377 31.683772 -1.682894 -3.573298 0.484974 4.144443 3.279955 3.020743 -11.443008 0.471512 10.747129 9.505962 7.741647 -28.071847 25.007124 -38.237232 -24.270087 -6.902714 -42.699502 -16.718511 12.222358 -9.264001 4.711292 -31.829857 38.526013 -27.097351 6.759158 40.122581 -21.276452 -11.714483 16.461823 -2.362268
5.619963 81.679005 19.166855 -177.254346 2.225427 172.796821 9.202506 -9.775240 -44.678680 -9.902651 11.373888 83.766621 -1.201491 23.984873 -21.429853 0.000000 0.000000 0.000000 -3.216926 5.031575 -42.492614 10.552464 -10.043889 82.723330 -0.116790 -11.504966 -30.583796 0.000000 0.000000 0.000000 2.754541 -0.518050 32.576240 -1.628718 -3.599798 0.463566 4.145764 3.232244 2.821743 -11.456028 0.488042 10.308188 9.464647 7.659705 -28.381400 25.337932 -38.120341 -24.282521 -6.732638 -42.548949 -16.848276 12.362243 -9.361938 4.436334 -32.143070 38.527849 -27.213646 6.320398 40.086584 -21.463104 -11.602342 16.409422 -2.409967
5.572836 80.469838 19.220984 -177.304192 2.081561 172.668113 9.740300 -9.690996 -46.133746 -10.207829 12.147774 85.977749 -1.313629 23.472155 -21.696689 0.000000 0.000000 0.000000 -3.882501 4.853631 -43.953375 10.591188 -10.818629 85.167450 -0.044917 -10.897101 -30.704887 0.000000 0.000000 0.000000 2.683458 -0.651144 33.388531 -1.573646 -3.631765 0.457296 4.159303 3.181016 2.679524 -11.511003 0.520114 10.068864 9.469431 7.648645 -28.821444 25.597140 -38.083225 -24.235320 -6.429698 -42.373451 -17.062755 12.487051 -9.433873 4.152606 -32.393353 38.588993 -27.291820 5.767248 40.005294 -21.766779 -11.420156 16.337130 -2.456802
5.531354 79.258805 19.263301 -177.340070 1.940280 172.540974 10.287375 -9.578149 -47.552320 -10.572502 12.873897 88.133583 -1.355553 22.928890 -21.954198 0.000000 0.000000 0.000000 -4.544037 4.666867 -45.396534 10.637476 -11.550984 87.565090 0.084011 -10.208223 -30.773245 0.000000 0.000000 0.000000 2.619188 -0.789060 34.115350 -1.520201 -3.674748 0.456270 4.186600 3.148211 2.584779 -11.660401 0.564511 10.091650 9.522679 7.709699 -29.444968 25.733082 -38.178018 -24.086035 -5.995074 -42.132699 -17.431676 12.600458 -9.484715 3.880051 -32.579462 38.778368 -27.271380 5.152046 39.874059 -22.272136 -11.283054 16.251458 -2.498658
5.494888 78.054528 19.290442 -177.379055 1.823285 172.373696 10.788171 -9.424549 -48.868002 -10.936501 13.555112 90.250412 -1.368144 22.370460 -22.238582 0.000000 0.000000 0.000000 -5.192874 4.491597 -46.787293 10.718578 -12.198971 89.946515 0.235132 -9.454773 -30.804879 0.000000 0.000000 0.000000 2.545520 -0.892196 34.819570 -1.471586 -3.708486 0.486419 4.244667 3.122948 2.465106 -11.819693 0.612262 10.273739 9.567068 7.773502 -30.177011 25.807562 -38.384025 -23.965155 -5.621586 -41.855108 -17.891391 12.684513 -9.513976 3.530751 -32.714440 39.094812 -27.174368 4.513398 39.650434 -22.891638 -11.181402 16.149086 -2.536559
5.457987 76.849747 19.314852 -177.415269 1.711819 172.184344 11.300676 -9.264185 -50.142501 -11.255690 14.269866 92.328562 -1.311062 21.815537 -22.487027 0.000000 0.000000 0.000000 -5.833300 4.307393 -48.163761 10.803085 -12.798432 92.313514 0.352563 -8.665006 -30.740406 0.000000 0.000000 0.000000 2.463883 -1.000376 35.554665 -1.408189 -3.737243 0.529204 4.282290 3.111092 2.283526 -11.937665 0.715232 10.314468 9.606142 7.793940 -30.792471 25.886738 -38.527107 -23.862618 -5.387948 -41.640297 -18.230410 12.764258 -9.562367 3.200528 -32.751846 39.386154 -26.996951 3.898934 39.475245 -23.449066 -11.099867 16.087839 -2.611654
5.422170 75.636753 19.329182 -177.462155 1.635151 171.955287 11.797997 -9.053728 -51.357350 -11.509107 15.019318 94.393375 -1.264550 21.292415 -22.718834 0.000000 0.000000 0.000000 -6.431809 4.119500 -49.515254 10.904957 -13.332256 94.687476 0.448299 -7.921349 -30.609304 0.000000 0.000000 0.000000 2.372223 -1.092830 36.302186 -1.353164 -3.730029 0.573265 4.302466 3.101155 2.142917 -11.934034 0.809700 10.055737 9.575416 7.714452 -31.080730 26.035092 -38.608657 -23.824024 -5.205772 -41.443822 -18.413970 12.737857 -9.611003 2.922952 -32.775721 39.615483 -26.875394 3.359542 39.318686 -23.791566 -10.998511 16.030682 -2.667082
5.387155 74.427182 19.334846 -177.497650 1.570396 171.677724 12.282324 -8.833074 -52.508475 -11.681376 15.764936 96.440671 -1.253680 20.793195 -22.941728 0.000000 0.000000 0.000000 -7.007286 3.934224 -50.783140 10.974066 -13.873585 97.010367 0.592259 -7.199490 -30.488649 0.000000 0.000000 0.000000 2.278207 -1.206879 37.122239 -1.303613 -3.707726 0.555406 4.307998 3.092157 2.041956 -11.840093 0.930670 9.641316 9.505053 7.568568 -31.178571 26.231408 -38.547859 -23.827858 -5.140602 -41.357458 -18.452608 12.681144 -9.610904 2.748073 -32.758724 39.773729 -26.757221 2.883384 39.245644 -24.050773 -10.906297 15.988578 -2.751402
5.352395 73.210256 19.328528 -177.535911 1.514032 171.349544 12.729510 -8.583328 -53.616550 -11.809369 16.500668 98.499263 -1.259066 20.357017 -23.125954 0.000000 0.000000 0.000000 -7.579079 3.744572 -51.965729 11.007980 -14.405541 99.277889 0.731395 -6.485945 -30.416856 0.000000 0.000000 0.000000 2.190648 -1.312989 37.968134 -1.262238 -3.670996 0.519983 4.306466 3.077546 1.980001 -11.748192 1.045012 9.211992 9.430080 7.420216 -31.263657 26.407137 -38.450046 -23.819926 -5.053897 -41.307359 -18.469888 12.560093 -9.644172 2.572111 -32.706541 39.888489 -26.627873 2.403797 39.184207 -24.280555 -10.776338 15.975673 -2.820232
5.313178 71.973769 19.308459 -177.578317 1.467113 171.014929 13.185011 -8.321368 -54.738228 -11.877415 17.258851 100.557649 -1.288060 19.934361 -23.234843 0.000000 0.000000 0.000000 -8.182034 3.556280 -53.130524 10.995010 -14.954065 101.513718 0.879975 -5.747948 -30.392082 0.000000 0.000000 0.000000 2.104134 -1.419376 38.769333 -1.220951 -3.628674 0.465905 4.304579 3.063385 1.971865 -11.680802 1.174403 8.852385 9.373354 7.284112 -31.431322 26.611063 -38.292112 -23.812641 -5.029375 -41.296194 -18.471998 12.439476 -9.663562 2.471335 -32.651668 39.961501 -26.476802 1.950143 39.174692 -24.568274 -10.642479 15.949400 -2.922018
5.281496 70.722625 19.273507 -177.630437 1.430472 170.652759 13.605619 -8.022799 -55.851975 -11.906399 18.002444 102.648842 -1.331430 19.539241 -23.303760 0.000000 0.000000 0.000000 -8.778739 3.357645 -54.270593 10.923845 -15.498526 103.745935 0.993039 -5.066266 -30.350416 0.000000 0.000000 0.000000 2.018860 -1.522240 39.547182 -1.203185 -3.578555 0.406914 4.289807 3.047780 1.990778 -11.606175 1.266017 8.521588 9.321023 7.171498 -31.633395 26.806243 -38.142588 -23.812519 -4.998016 -41.269778 -18.421798 12.271893 -9.702077 2.471709 -32.619790 40.006397 -26.377794 1.575690 39.151375 -24.778644 -10.461708 15.922645 -2.986924
5.252455 69.463560 19.224591 -177.692570 1.391377 170.265107 14.026598 -7.722573 -56.947805 -11.916507 18.763538 104.729123 -1.370766 19.146580 -23.314292 0.000000 0.000000 0.000000 -9.369990 3.135813 -55.380428 10.796058 -16.040241 105.969156 1.102655 -4.459314 -30.331558 0.000000 0.000000 0.000000 1.946253 -1.636276 40.329166 -1.211786 -3.524223 0.310938 4.266288 3.027758 2.030379 -11.551169 1.354000 8.213802 9.282926 7.085378 -31.872761 26.991364 -38.005418 -23.830277 -5.019669 -41.224296 -18.283363 12.146421 -9.768812 2.565324 -32.625591 39.995084 -26.320680 1.324927 39.119023 -24.884072 -10.282739 15.949565 -3.016743
5.227545 68.199999 19.161699 -177.761791 1.351245 169.864227 14.442125 -7.413782 -58.038295 -11.887380 19.508598 106.801794 -1.457806 18.736014 -23.279932 0.000000 0.000000 0.000000 -9.951810 2.911549 -56.470405 10.578695 -16.563333 108.187949 1.201118 -3.916586 -30.293373 0.000000 0.000000 0.000000 1.865608 -1.746921 41.076435 -1.225005 -3.473296 0.214937 4.244606 3.005410 2.079302 -11.515020 1.415899 7.972268 9.275351 7.037697 -32.175167 27.149923 -37.893589 -23.817952 -5.047312 -41.158593 -18.148873 12.049780 -9.842183 2.737116 -32.631503 39.974792 -26.239215 1.090463 39.080107 -25.030184 -10.062779 15.989235 -2.991396
5.204528 66.938703 19.080357 -177.845186 1.309664 169.439443 14.854360 -7.126830 -59.086391 -11.801758 20.243985 108.855540 -1.541925 18.291613 -23.263046 0.000000 0.000000 0.000000 -10.527516 2.659909 -57.512155 10.323222 -17.043145 110.390495 1.308063 -3.389816 -30.279690 0.000000 0.000000 0.000000 1.790305 -1.850800 41.790079 -1.252459 -3.428417 0.151997 4.217486 2.983866 2.113395 -11.499465 1.472661 7.796229 9.280091 7.015558 -32.515232 27.252105 -37.822057 -23.804242 -5.087973 -41.102100 -18.014523 12.001971 -9.897432 2.898938 -32.643334 39.957381 -26.174006 0.925759 39.025190 -25.135697 -9.895156 16.028451 -2.920055
5.181272 65.680650 18.980887 -177.930027 1.264689 169.020992 15.277458 -6.845216 -60.139166 -11.668880 20.956079 110.893615 -1.669577 17.803397 -23.236648 0.000000 0.000000 0.000000 -11.093587 2.401779 -58.540780 10.028555 -17.492485 112.570415 1.411000 -2.901105 -30.242280 0.000000 0.000000 0.000000 1.723419 -1.961736 42.460700 -1.281297 -3.383079 0.080001 4.181123 2.961893 2.145101 -11.526135 1.511179 7.683862 9.306628 7.005591 -32.894135 27.308876 -37.764103 -23.768636 -5.128295 -41.058358 -17.846276 11.951586 -9.949030 3.073326 -32.643434 39.913627 -26.106090 0.789884 38.983323 -25.178451 -9.669881 16.073594 -2.734718
5.161047 64.433661 18.863688 -178.025425 1.227750 168.601520 15.719317 -6.576122 -61.167049 -11.494727 21.663101 112.896197 -1.802301 17.289793 -23.182588 0.000000 0.000000 0.000000 -11.645306 2.154522 -59.539161 9.701894 -17.895470 114.716934 1.516180 -2.435305 -30.236051 0.000000 0.000000 0.000000 1.636772 -2.050727 43.080279 -1.306357 -3.346915 0.010731 4.159934 2.938383 2.184933 -11.580752 1.572176 7.655791 9.357185 7.036484 -33.329015 27.307832 -37.751466 -23.702532 -5.147111 -41.012971 -17.721267 11.894956 -9.967158 3.233348 -32.617055 39.889109 -26.030447 0.671158 38.941676 -25.213097 -9.440033 16.119496 -2.461304
5.138017 63.201648 18.731486 -178.106864 1.191226 168.187853 16.140647 -6.303442 -62.165584 -11.309669 22.316553 114.863115 -1.918998 16.795938 -23.146705 0.000000 0.000000 0.000000 -12.164161 1.906402 -60.500440 9.371233 -18.263992 116.808245 1.629490 -2.005324 -30.230104 0.000000 0.000000 0.000000 1.574291 -2.145279 43.667141 -1.332997 -3.306720 -0.075459 4.137127 2.924594 2.219513 -11.665379 1.610769 7.708539 9.427956 7.074934 -33.823720 27.274486 -37.797372 -23.627444 -5.182723 -40.952620 -17.613291 11.849760 -9.969310 3.397648 -32.603274 39.883000 -25.971602 0.599621 38.852632 -25.218829 -9.157870 16.172185 -2.068739
5.113342 61.991500 18.585834 -178.200014 1.164542 167.762102 16.523593 -6.043528 -63.106784 -11.160059 22.959957 116.760138 -2.017705 16.390675 -23.140229 0.000000 0.000000 0.000000 -12.647103 1.671174 -61.416456 9.047906 -18.573910 118.853166 1.733357 -1.642024 -30.247043 0.000000 0.000000 0.000000 1.502281 -2.195360 44.239977 -1.340792 -3.275395 -0.138231 4.140246 2.905971 2.221019 -11.758285 1.636836 7.773275 9.472285 7.122111 -34.292478 27.180677 -37.925185 -23.529925 -5.242979 -40.853892 -17.468151 11.878375 -9.989075 3.534471 -32.567402 39.941541 -25.970418 0.555691 38.697064 -25.103800 -8.840019 16.241631 -1.558773
5.082869 60.815646 18.433479 -178.291184 1.122039 167.341439 16.880226 -5.825730 -64.003159 -11.048367 23.605527 118.560969 -2.087300 16.089556 -23.128590 0.000000 0.000000 0.000000 -13.109082 1.438657 -62.282014 8.723800 -18.855413 120.823829 1.829821 -1.349288 -30.265663 0.000000 0.000000 0.000000 1.437357 -2.238805 44.798772 -1.338984 -3.260431 -0.234360 4.161353 2.887810 2.232773 -11.906999 1.656869 7.912373 9.534900 7.183923 -34.817782 27.060805 -38.125102 -23.407924 -5.329701 -40.713544 -17.366582 11.965275 -10.009981 3.683562 -32.529674 40.053144 -25.961069 0.540194 38.491107 -25.015907 -8.527497 16.329592 -0.967705
5.057222 59.660968 18.281411 -178.379576 1.117435 166.912306 17.207042 -5.599439 -64.815211 -10.963134 24.244702 120.280074 -2.112750 15.887801 -23.156956 0.000000 0.000000 0.000000 -13.505534 1.242934 -63.112560 8.423324 -19.094013 122.748859 1.890181 -1.104877 -30.319840 0.000000 0.000000 0.000000 1.364323 -2.258287 45.362981 -1.333114 -3.233068 -0.315240 4.182841 2.874460 2.228823 -12.000854 1.692748 7.970728 9.556066 7.214208 -35.224005 26.916272 -38.319681 -23.285387 -5.473453 -40.615077 -17.275500 12.112923 -10.024005 3.790952 -32.442183 40.182558 -25.927667 0.554282 38.320732 -24.894960 -8.285408 16.432725 -0.392285
5.031213 58.546936 18.130522 -178.465617 1.091085 166.433924 17.488079 -5.426642 -65.529026 -10.881971 24.862100 121.927664 -2.115618 15.769198 -23.203823 0.000000 0.000000 0.000000 -13.837664 1.063220 -63.821577 8.156838 -19.282933 124.587389 1.928889 -0.956742 -30.400095 0.000000 0.000000 0.000000 1.293874 -2.292277 45.986462 -1.321096 -3.217784 -0.409645 4.196477 2.856650 2.240005 -12.073009 1.724083 7.932658 9.561216 7.220395 -35.543144 26.813911 -38.478924 -23.176985 -5.637476 -40.514119 -17.192569 12.244826 -10.065907 3.934782 -32.324233 40.299474 -25.849484 0.512215 38.177199 -24.789517 -8.045958 16.542248 0.169552
5.004676 57.471971 17.981599 -178.552632 1.096434 165.955472 17.722640 -5.271856 -66.185474 -10.783623 25.446806 123.508870 -2.141811 15.733701 -23.285337 0.000000 0.000000 0.000000 -14.125737 0.947819 -64.524384 7.887788 -19.430950 126.367448 1.990777 -0.845187 -30.470198 0.000000 0.000000 0.000000 1.205604 -2.304401 46.617537 -1.294401 -3.186633 -0.487381 4.214853 2.838474 2.206587 -12.134923 1.785347 7.840042 9.535331 7.209796 -35.762544 26.765517 -38.553502 -23.078567 -5.831701 -40.425399 -16.981419 12.242030 -10.115981 4.045154 -32.162617 40.427294 -25.680969 0.386114 38.080602 -24.670339 -7.792562 16.601325 0.634554
4.975216 56.436915 17.833691 -178.643949 1.099585 165.482230 17.892896 -5.172521 -66.810851 -10.599729 25.952175 125.062376 -2.149061 15.737714 -23.371619 0.000000 0.000000 0.000000 -14.341263 0.853323 -65.194415 7.635642 -19.497545 128.081452 2.074251 -0.770913 -30.548011 0.000000 0.000000 0.000000 1.113018 -2.312148 47.224079 -1.255249 -3.160471 -0.538605 4.228109 2.829388 2.158090 -12.219961 1.833327 7.723134 9.564450 7.211577 -35.973532 26.741860 -38.583970 -22.972012 -6.001334 -40.351140 -16.702118 12.172671 -10.178455 4.179176 -31.943919 40.548634 -25.449500 0.206204 38.038591 -24.584838 -7.560011 16.638452 0.966886
4.945267 55.438454 17.686520 -178.725871 1.113423 165.004129 18.023377 -5.107566 -67.390394 -10.363049 26.391943 126.581718 -2.164335 15.782340 -23.474346 0.000000 0.000000 0.000000 -14.500932 0.813825 -65.823400 7.397403 -19.520935 129.728074 2.134976 -0.722443 -30.628575 0.000000 0.000000 0.000000 1.034705 -2.310980 47.825085 -1.215417 -3.128584 -0.557643 4.247091 2.829650 2.057263 -12.295183 1.882649 7.593966 9.575927 7.183003 -36.127742 26.674022 -38.657595 -22.878017 -6.128035 -40.262097 -16.391022 12.059424 -10.233032 4.316238 -31.726926 40.734443 -25.238219 0.041901 37.944639 -24.452137 -7.352510 16.671709 1.168904
4.896166 54.490553 17.545343 -178.804670 1.122010 164.558089 18.110646 -5.064420 -67.956601 -10.105923 26.793180 128.047794 -2.185938 15.891730 -23.638185 0.000000 0.000000 0.000000 -14.640425 0.810760 -66.435926 7.167390 -19.525315 131.261122 2.205240 -0.715465 -30.705563 0.000000 0.000000 0.000000 0.985921 -2.345592 48.325274 -1.215204 -3.109285 -0.518421 4.239422 2.845939 1.936737 -12.396910 1.936430 7.451209 9.628094 7.175853 -36.306673 26.625404 -38.862025 -22.788269 -6.103673 -40.051777 -16.240056 11.868524 -10.262436 4.461786 -31.553907 41.034024 -25.029537 -0.222288 37.772946 -24.566456 -7.109333 16.594961 1.212269
4.844953 53.582465 17.405931 -178.876668 1.119924 164.124407 18.174017 -5.050793 -68.502490 -9.831218 27.162371 129.465420 -2.184492 16.029758 -23.805868 0.000000 0.000000 0.000000 -14.813838 0.832410 -67.021773 6.960866 -19.558294 132.710229 2.267001 -0.689384 -30.769236 0.000000 0.000000 0.000000 0.953885 -2.386125 48.771929 -1.214142 -3.097894 -0.438904 4.231282 2.862974 1.809381 -12.477159 1.982421 7.305338 9.667808 7.170246 -36.486653 26.577977 -39.071913 -22.692229 -5.995939 -39.828347 -16.194732 11.626482 -10.292765 4.610898 -31.436683 41.343876 -24.888964 -0.431548 37.608147 -24.701757 -6.947854 16.476033 1.103901
4.795871 52.715343 17.266028 -178.933507 1.121909 163.713505 18.232938 -5.051364 -69.018696 -9.545807 27.498333 130.824035 -2.183830 16.201131 -24.006383 0.000000 0.000000 0.000000 -15.035034 0.880449 -67.583601 6.761113 -19.628240 134.076023 2.323380 -0.611077 -30.793949 0.000000 0.000000 0.000000 0.946429 -2.446818 49.178896 -1.228955 -3.078409 -0.364715 4.208510 2.885856 1.672879 -12.559175 2.033237 7.288674 9.715417 7.182360 -36.761630 26.491754 -39.289415 -22.588877 -5.858429 -39.643648 -16.188214 11.380194 -10.274823 4.762384 -31.353843 41.653225 -24.780300 -0.564252 37.441495 -24.863328 -6.862114 16.356447 0.926032
4.753757 51.895308 17.125468 -178.974456 1.134315 163.330699 18.276193 -5.048775 -69.506857 -9.259016 27.787195 132.118410 -2.193239 16.383645 -24.203315 0.000000 0.000000 0.000000 -15.215254 0.949258 -68.132983 6.605659 -19.689358 135.364141 2.399116 -0.529471 -30.830132 0.000000 0.000000 0.000000 0.955181 -2.503335 49.533895 -1.244807 -3.054623 -0.293779 4.193074 2.913794 1.554412 -12.680419 2.106858 7.383426 9.794806 7.203095 -37.155334 26.396324 -39.526658 -22.458505 -5.718098 -39.445167 -16.256721 11.199289 -10.282914 4.906828 -31.319522 41.952177 -24.733851 -0.601056 37.272515 -25.020711 -6.872620 16.256725 0.761207
4.712753 51.124709 16.988630 -179.007931 1.145020 162.970264 18.313215 -5.042662 -69.959996 -9.000856 28.062682 133.322647 -2.147145 16.568323 -24.371525 0.000000 0.000000 0.000000 -15.342277 0.988682 -68.667578 6.529334 -19.761828 136.554627 2.428948 -0.502884 -30.845193 0.000000 0.000000 0.000000 0.973419 -2.559826 49.846738 -1.259099 -3.025585 -0.201712 4.157709 2.935915 1.451030 -12.591525 2.131142 6.869526 9.739397 7.104893 -36.857366 26.304088 -39.771862 -22.361749 -5.518750 -39.244908 -16.329381 11.025920 -10.268184 5.064292 -31.262369 42.214383 -24.782721 -0.601631 37.111176 -25.061455 -6.897053 16.193628 0.572685
4.673921 50.404818 16.851883 -179.037085 1.140479 162.638664 18.322614 -5.042355 -70.387828 -8.771982 28.315227 134.444881 -2.067732 16.787138 -24.514015 0.000000 0.000000 0.000000 -15.476629 0.970720 -69.152576 6.492534 -19.871275 137.653376 2.417608 -0.507745 -30.848361 0.000000 0.000000 0.000000 1.012460 -2.620792 50.068419 -1.282792 -3.006369 -0.066986 4.093700 2.955755 1.395757 -12.347015 2.112935 5.877847 9.608179 6.938659 -36.028826 26.234615 -40.057049 -22.316220 -5.292815 -39.027342 -16.415800 10.893611 -10.242394 5.158244 -31.162819 42.497187 -24.906170 -0.581324 36.882204 -25.006732 -6.963305 16.212709 0.374486
4.629850 49.744607 16.717262 -179.098254 1.144319 162.338480 18.403882 -5.056073 -70.793968 -8.541563 28.637111 135.453406 -2.068791 16.959674 -24.644935 0.000000 0.000000 0.000000 -15.655700 0.943244 -69.602550 6.431642 -19.943400 138.662881 2.382404 -0.477016 -30.850393 0.000000 0.000000 0.000000 1.041457 -2.655211 50.259524 -1.315774 -2.999487 0.007098 4.051273 2.983208 1.376741 -12.231998 2.136877 5.345568 9.562404 6.858967 -35.661056 26.128656 -40.440565 -22.249092 -5.042134 -38.737190 -16.516649 10.820726 -10.189295 5.194349 -31.153791 42.807687 -25.119804 -0.490387 36.564313 -24.922396 -6.978679 16.222614 0.306299
4.585897 49.143461 16.581060 -179.168188 1.149537 162.068104 18.521418 -5.071391 -71.159963 -8.335923 28.994265 136.351372 -2.030578 17.121133 -24.736137 0.000000 0.000000 0.000000 -15.848835 0.906643 -70.014513 6.370806 -20.007100 139.590630 2.354989 -0.425670 -30.869444 0.000000 0.000000 0.000000 1.064786 -2.663431 50.403662 -1.335639 -3.008440 0.103263 4.030197 3.022360 1.296174 -12.167329 2.126588 5.114254 9.559705 6.874650 -35.465083 25.942934 -40.955887 -22.096765 -4.774400 -38.355744 -16.657542 10.869880 -10.163380 5.208456 -31.171915 43.191302 -25.339321 -0.361435 36.164025 -24.835985 -6.976968 16.219500 0.379633
4.545970 48.607774 16.448055 -179.237432 1.152842 161.818501 18.575055 -5.080283 -71.484040 -8.152599 29.275903 137.175140 -2.041458 17.260434 -24.805080 0.000000 0.000000 0.000000 -15.991495 0.875361 -70.365471 6.323481 -20.039725 140.428833 2.341389 -0.408608 -30.896705 0.000000 0.000000 0.000000 1.110243 -2.689197 50.489391 -1.383525 -3.017909 0.215737 4.018202 3.036410 1.247921 -12.161397 2.021866 5.057992 9.559266 6.980700 -35.424525 25.723298 -41.474482 -21.941596 -4.551413 -37.946350 -16.811379 11.045457 -10.174191 5.210830 -31.206684 43.534353 -25.371181 -0.366546 35.774447 -24.885490 -6.948740 16.251467 0.481995
4.512161 48.138026 16.319375 -179.299321 1.147345 161.609871 18.607626 -5.094766 -71.774091 -7.975562 29.508266 137.905267 -2.021461 17.379601 -24.866330 0.000000 0.000000 0.000000 -16.120875 0.831437 -70.682363 6.268368 -20.047421 141.175037 2.323413 -0.382261 -30.921619 0.000000 0.000000 0.000000 1.153313 -2.725520 50.520948 -1.423753 -3.041476 0.330089 4.005397 3.028648 1.233190 -12.181719 1.972859 5.106253 9.547394 7.123405 -35.533518 25.635176 -41.870138 -21.899159 -4.590954 -37.558941 -16.798774 11.363327 -10.222512 5.216948 -31.272494 43.773199 -25.342120 -0.346754 35.493425 -24.885580 -6.952194 16.314711 0.579517
4.482312 47.746562 16.202494 -179.321289 1.159779 161.451784 18.629537 -5.091346 -72.047748 -7.828451 29.664559 138.542717 -2.030077 17.475432 -24.884215 0.000000 0.000000 0.000000 -16.213443 0.815642 -70.948510 6.205213 -20.064363 141.796000 2.308241 -0.339599 -30.950777 0.000000 0.000000 0.000000 1.200038 -2.731895 50.540654 -1.391142 -3.049432 0.461821 4.021649 3.043998 1.157213 -12.235303 1.963957 5.246372 9.493723 7.167957 -35.703800 25.630888 -42.100767 -21.904802 -4.814556 -37.298095 -16.641637 11.718817 -10.289511 5.211541 -31.360450 43.948845 -25.418165 -0.228186 35.268476 -24.704734 -6.903448 16.358583 0.766622
4.456131 47.456198 16.101857 -179.342940 1.160279 161.315837 18.616440 -5.116734 -72.218122 -7.680276 29.747510 139.045900 -2.014517 17.521672 -24.925055 0.000000 0.000000 0.000000 -16.291813 0.819395 -71.117689 6.137289 -20.052547 142.281655 2.298844 -0.308081 -30.974823 0.000000 0.000000 0.000000 1.240722 -2.778629 50.610389 -1.371600 -3.039000 0.552375 4.008636 3.046245 1.065984 -12.271239 2.002448 5.343035 9.436672 7.174920 -35.858088 25.667721 -42.095702 -21.916874 -5.004464 -37.239169 -16.477816 11.871520 -10.302083 5.201110 -31.394393 43.964702 -25.329554 -0.169946 35.233874 -24.556226 -6.871847 16.385103 0.873848
4.433484 47.257280 16.018609 -179.353776 1.166200 161.222914 18.577977 -5.134503 -72.341885 -7.547709 29.757979 139.427700 -1.997520 17.533996 -24.914579 0.000000 0.000000 0.000000 -16.380569 0.840138 -71.248944 6.071865 -20.056358 142.626355 2.328109 -0.239072 -30.956348 0.000000 0.000000 0.000000 1.284112 -2.887150 50.685287 -1.380524 -2.999946 0.602994 3.937841 3.034769 0.987521 -12.273026 2.037299 5.333619 9.416420 7.215625 -35.941024 25.747524 -41.874232 -21.910687 -5.129242 -37.343583 -16.304249 11.837649 -10.280946 5.279015 -31.346387 43.808497 -25.015923 -0.232247 35.452432 -24.548675 -6.844838 16.336922 0.932917
4.411634 47.142753 15.951867 -179.341458 1.173817 161.174371 18.544479 -5.161880 -72.422419 -7.438096 29.717956 139.686217 -1.983815 17.524308 -24.891714 0.000000 0.000000 0.000000 -16.430640 0.885921 -71.331995 6.017008 -20.070825 142.831421 2.375634 -0.207665 -30.914878 0.000000 0.000000 0.000000 1.342270 -3.001240 50.790016 -1.375120 -2.950751 0.607823 3.866153 3.037119 0.879644 -12.207125 2.078886 5.128309 9.333592 7.179396 -35.789491 25.860001 -41.605429 -21.892552 -5.247374 -37.501151 -16.177291 11.783221 -10.260934 5.385009 -31.341134 43.607190 -24.767455 -0.198987 35.700414 -24.505643 -6.887145 16.303992 0.950413
4.386768 47.100042 15.898624 -179.332761 1.173379 161.170395 18.500258 -5.203126 -72.488961 -7.325858 29.636292 139.844381 -1.936111 17.465826 -24.820954 0.000000 0.000000 0.000000 -16.482758 0.928228 -71.380098 5.970757 -20.080707 142.926966 2.400964 -0.172942 -30.847494 0.000000 0.000000 0.000000 1.391366 -3.101401 50.896517 -1.349971 -2.900256 0.633643 3.794601 3.022548 0.717749 -12.061280 2.124833 4.620789 9.187387 7.060641 -35.327122 26.034126 -41.233340 -21.966373 -5.459056 -37.764159 -16.009127 11.743165 -10.201311 5.471264 -31.298368 43.343346 -24.555807 -0.195360 36.057997 -24.390600 -6.956526 16.226012 0.916586
4.359191 47.137975 15.849628 -179.300441 1.177459 161.236350 18.469144 -5.241261 -72.553933 -7.220710 29.512589 139.895163 -1.902513 17.406198 -24.707521 0.000000 0.000000 0.000000 -16.523978 0.975344 -71.396192 5.928860 -20.095950 142.897332 2.447845 -0.125072 -30.784787 0.000000 0.000000 0.000000 1.458556 -3.191956 50.884887 -1.302674 -2.867175 0.664175 3.746373 3.023061 0.613234 -11.945391 2.205941 4.126681 9.047893 6.930973 -34.888948 26.204884 -40.918833 -22.061140 -5.700338 -37.976031 -15.924054 11.741524 -10.167141 5.538179 -31.265656 43.172698 -24.400726 -0.165340 36.352379 -24.305059 -7.115852 16.161587 0.833244
4.333184 47.261247 15.802917 -179.270902 1.168220 161.386923 18.432042 -5.294154 -72.622556 -7.137122 29.362553 139.821602 -1.888203 17.333266 -24.562265 0.000000 0.000000 0.000000 -16.563105 1.011494 -71.396037 5.906264 -20.097901 142.746468 2.527238 -0.066925 -30.700449 0.000000 0.000000 0.000000 1.539154 -3.245661 50.690250 -1.243975 -2.857825 0.708617 3.748655 3.027784 0.612178 -11.909327 2.234285 3.812667 8.933945 6.834455 -34.640468 26.352753 -40.764649 -22.170684 -5.920969 -38.070598 -15.961662 11.756053 -10.124485 5.556739 -31.259018 43.114176 -24.313276 -0.123964 36.515790 -24.298189 -7.297870 16.106375 0.782509
4.308690 47.473457 15.763681 -179.253624 1.167924 161.609309 18.433746 -5.361873 -72.676116 -7.057523 29.208644 139.612403 -1.922103 17.187932 -24.380375 0.000000 0.000000 0.000000 -16.597668 1.064556 -71.376574 5.889959 -20.090415 142.463731 2.612724 -0.023846 -30.609606 0.000000 0.000000 0.000000 1.605497 -3.264274 50.409804 -1.177054 -2.876078 0.719415 3.786416 3.037621 0.642586 -11.928823 2.279671 3.632000 8.845122 6.793225 -34.474637 26.430923 -40.700997 -22.278396 -6.154109 -38.113731 -16.050961 11.788811 -10.064477 5.505583 -31.229923 43.155201 -24.270864 -0.089172 36.631581 -24.302107 -7.465585 16.028938 0.686074
4.279374 47.792356 15.735767 -179.264777 1.150489 161.867219 18.454543 -5.479539 -72.666953 -6.994022 29.092927 139.232870 -1.947189 17.065342 -24.156745 0.000000 0.000000 0.000000 -16.629545 1.102572 -71.249920 5.891996 -20.038357 142.024067 2.642268 -0.021488 -30.507957 0.000000 0.000000 0.000000 1.661514 -3.257233 50.162815 -1.110942 -2.905157 0.628173 3.849097 3.045717 0.672593 -12.014066 2.263589 3.625855 8.797976 6.808047 -34.472052 26.418527 -40.754478 -22.311202 -6.320938 -38.108740 -16.100013 11.884259 -10.003799 5.438852 -31.237399 43.194688 -24.308018 0.009776 36.672332 -24.184990 -7.529347 15.997865 0.691588
4.245845 48.213772 15.724235 -179.295428 1.143247 162.157776 18.429244 -5.616524 -72.584923 -6.976175 28.987225 138.689859 -1.968411 17.014087 -23.888831 0.000000 0.000000 0.000000 -16.631204 1.148392 -71.043415 5.924951 -19.964989 141.419919 2.637609 -0.065214 -30.412495 0.000000 0.000000 0.000000 1.722649 -3.243393 49.913964 -1.065755 -2.942004 0.524583 3.909193 3.055557 0.679907 -12.125603 2.158812 3.719881 8.765047 6.897600 -34.554470 26.350554 -40.888871 -22.318296 -6.393976 -38.030846 -16.122722 11.912135 -9.946860 5.350433 -31.316036 43.238244 -24.458666 0.113746 36.649354 -24.026914 -7.384853 15.957682 0.729151
4.220682 48.742480 15.731755 -179.304902 1.130230 162.480405 18.328338 -5.782231 -72.402792 -7.015776 28.829070 137.993123 -2.008830 17.029689 -23.656454 0.000000 0.000000 0.000000 -16.555318 1.220763 -70.756033 5.967287 -19.893623 140.682836 2.636009 -0.178321 -30.301750 0.000000 0.000000 0.000000 1.789357 -3.227514 49.720307 -1.017033 -2.966715 0.358160 3.981704 3.069081 0.677575 -12.281257 2.065559 3.886210 8.755259 7.023947 -34.740798 26.256864 -41.002122 -22.328307 -6.420979 -37.969934 -16.064662 11.921019 -9.888143 5.207349 -31.428771 43.237004 -24.686023 0.277799 36.622857 -23.731139 -7.181378 15.927421 0.819074
4.201947 49.366204 15.751986 -179.301214 1.114856 162.823360 18.151983 -5.964005 -72.126212 -7.086649 28.590780 137.164316 -2.042319 17.070856 -23.427819 0.000000 0.000000 0.000000 -16.413135 1.336659 -70.364396 6.011765 -19.797871 139.798626 2.632590 -0.362815 -30.210769 0.000000 0.000000 0.000000 1.865787 -3.223269 49.515838 -0.978989 -2.995991 0.194109 4.051333 3.090679 0.666107 -12.464306 1.967260 4.154460 8.775330 7.171256 -35.016498 26.158794 -41.132896 -22.295540 -6.361720 -37.874230 -16.052300 11.890909 -9.849591 5.081598 -31.542754 43.266166 -24.881383 0.424724 36.556439 -23.497049 -6.974847 15.931180 0.919489
4.183191 50.054878 15.777853 -179.294608 1.098550 163.203820 17.934380 -6.146510 -71.812294 -7.181015 28.311615 136.233564 -2.061501 17.131940 -23.203567 0.000000 0.000000 0.000000 -16.241838 1.459525 -69.940428 6.054272 -19.695489 138.812150 2.611641 -0.598368 -30.118144 0.000000 0.000000 0.000000 1.956974 -3.241482 49.235893 -0.969985 -3.021509 0.040864 4.104425 3.110167 0.680546 -12.644691 1.843451 4.454767 8.810117 7.347929 -35.319298 26.032084 -41.253698 -22.226227 -6.206934 -37.792775 -16.114113 11.809589 -9.822754 4.978418 -31.638793 43.278813 -24.986582 0.516109 36.521825 -23.387501 -6.775145 15.918515 1.023855
4.169176 50.810162 15.807427 -179.306285 1.082007 163.607501 17.707278 -6.348308 -71.449592 -7.292942 28.026739 135.197586 -2.088324 17.215625 -22.950009 0.000000 0.000000 0.000000 -16.037394 1.594367 -69.472667 6.123804 -19.581968 137.725268 2.597262 -0.880401 -30.028492 0.000000 0.000000 0.000000 2.045615 -3.255634 48.897416 -0.988940 -3.047860 -0.084755 4.139373 3.124295 0.716810 -12.787516 1.714102 4.674851 8.869968 7.532173 -35.556951 25.914813 -41.382797 -22.136366 -5.967898 -37.704599 -16.225294 11.743659 -9.795660 4.917005 -31.684568 43.295192 -25.026181 0.575050 36.496529 -23.363501 -6.667992 15.919986 1.087906
4.153183 51.617928 15.834284 -179.324397 1.061837 164.043695 17.478886 -6.552138 -71.062486 -7.415987 27.741327 134.081289 -2.121966 17.277527 -22.701562 0.000000 0.000000 0.000000 -15.814582 1.734114 -68.990091 6.207391 -19.441049 136.557574 2.595254 -1.184579 -29.934098 0.000000 0.000000 0.000000 2.139376 -3.282987 48.504179 -1.022909 -3.077542 -0.202565 4.153519 3.132743 0.740791 -12.914707 1.589359 4.860565 8.937960 7.722691 -35.674439 25.739072 -41.506472 -21.992521 -5.696694 -37.638982 -16.371377 11.721278 -9.771488 4.914048 -31.636260 43.320779 -24.947894 0.586560 36.548136 -23.472714 -6.649497 15.881135 1.119556
4.140640 52.469822 15.858741 -179.348686 1.043559 164.503514 17.259472 -6.751210 -70.649643 -7.533398 27.450867 132.894333 -2.150056 17.354566 -22.446148 0.000000 0.000000 0.000000 -15.573411 1.885858 -68.488149 6.298353 -19.292358 135.320525 2.570903 -1.520998 -29.835730 0.000000 0.000000 0.000000 2.234122 -3.304209 48.084310 -1.063889 -3.099288 -0.281731 4.152021 3.139096 0.713958 -12.983802 1.490065 4.968706 8.983170 7.868337 -35.727264 25.628411 -41.573644 -21.873910 -5.490425 -37.622994 -16.500687 11.763439 -9.748500 4.916753 -31.616114 43.285271 -24.845424 0.664023 36.641931 -23.563272 -6.756014 15.861746 1.113795
4.130238 53.362124 15.879455 -179.360174 1.024305 164.985419 17.037057 -6.952312 -70.210809 -7.670835 27.137853 131.645434 -2.155051 17.427041 -22.192055 0.000000 0.000000 0.000000 -15.328485 2.036109 -67.957796 6.390785 -19.142842 134.009769 2.564561 -1.859716 -29.721936 0.000000 0.000000 0.000000 2.337829 -3.322533 47.636786 -1.091370 -3.117639 -0.332477 4.147088 3.144093 0.640812 -13.022810 1.409133 5.022765 8.991487 7.965790 -35.673184 25.548318 -41.605204 -21.809867 -5.395241 -37.647455 -16.594742 11.861751 -9.727194 4.901488 -31.600501 43.226654 -24.768798 0.793101 36.780581 -23.610221 -6.907330 15.835784 1.071795
4.121814 54.292661 15.900782 -179.364407 1.010628 165.483587 16.802649 -7.138264 -69.751518 -7.809334 26.793783 130.342403 -2.165087 17.509627 -21.932195 0.000000 0.000000 0.000000 -15.061914 2.202514 -67.418650 6.486102 -18.984114 132.634489 2.557946 -2.206227 -29.599329 0.000000 0.000000 0.000000 2.451149 -3.333161 47.172086 -1.117391 -3.128993 -0.357462 4.138943 3.154081 0.536699 -13.028955 1.375063 5.050543 8.998431 8.017416 -35.579914 25.517862 -41.605928 -21.829022 -5.388140 -37.702343 -16.636336 11.990909 -9.689643 4.884470 -31.642616 43.135359 -24.775397 1.012750 36.925192 -23.565329 -7.119041 15.819068 0.972856
4.116982 55.255678 15.922993 -179.359446 0.983063 165.984016 16.568595 -7.330306 -69.264576 -7.946209 26.429103 128.989154 -2.174434 17.582452 -21.659228 0.000000 0.000000 0.000000 -14.777673 2.364631 -66.850767 6.581252 -18.812328 131.208163 2.559875 -2.568006 -29.466578 0.000000 0.000000 0.000000 2.560254 -3.332783 46.692329 -1.123403 -3.147209 -0.364237 4.144079 3.158390 0.441304 -13.012153 1.352893 5.034192 8.965993 8.031095 -35.422199 25.548359 -41.551006 -21.931715 -5.459216 -37.788931 -16.657377 12.134678 -9.663847 4.830198 -31.685095 43.037471 -24.819829 1.223804 37.097867 -23.503634 -7.396759 15.792096 0.785128
4.113391 56.243821 15.944544 -179.357237 0.958232 166.475030 16.319120 -7.526268 -68.733154 -8.072325 26.043173 127.591307 -2.152578 17.688744 -21.394863 0.000000 0.000000 0.000000 -14.487077 2.528480 -66.254959 6.685224 -18.634358 129.731043 2.574692 -2.936212 -29.328120 0.000000 0.000000 0.000000 2.660938 -3.318689 46.210874 -1.117157 -3.165356 -0.369954 4.155127 3.162765 0.364616 -12.998190 1.351579 5.002486 8.928112 8.025547 -35.231387 25.617058 -41.459023 -22.060224 -5.525243 -37.889201 -16.685804 12.249940 -9.627456 4.745361 -31.718150 42.921014 -24.866187 1.398448 37.291902 -23.446717 -7.715123 15.768364 0.584488
4.109505 57.251454 15.964248 -179.344168 0.938939 166.961565 16.071227 -7.714362 -68.181677 -8.186150 25.632088 126.174777 -2.145605 17.764176 -21.129556 0.000000 0.000000 0.000000 -14.184680 2.712366 -65.626333 6.786554 -18.445844 128.212074 2.593945 -3.295463 -29.202247 0.000000 0.000000 0.000000 2.757475 -3.297081 45.727811 -1.092485 -3.189935 -0.405639 4.182903 3.166310 0.326152 -12.996482 1.356409 4.990684 8.877595 8.001362 -35.057924 25.697915 -41.316039 -22.211109 -5.631129 -38.013032 -16.713004 12.375977 -9.584803 4.638592 -31.729243 42.816803 -24.891407 1.469932 37.510324 -23.467978 -8.040663 15.729721 0.347811
4.108182 58.277907 15.977173 -179.334170 0.928549 167.427788 15.819705 -7.897918 -67.579786 -8.302750 25.223503 124.719710 -2.159948 17.872995 -20.872333 0.000000 0.000000 0.000000 -13.873468 2.910844 -64.963074 6.888740 -18.244209 126.653796 2.627099 -3.665706 -29.062512 0.000000 0.000000 0.000000 2.830662 -3.257710 45.245850 -1.052229 -3.211351 -0.454762 4.223588 3.164637 0.332390 -13.018709 1.342984 5.027794 8.838589 8.018931 -34.920088 25.772791 -41.144454 -22.327866 -5.678184 -38.137681 -16.772286 12.469953 -9.570904 4.537833 -31.736771 42.683690 -24.902984 1.404165 37.736010 -23.540728 -8.258931 15.692861 0.178182
4.108065 59.314923 15.982845 -179.326335 0.915904 167.892203 15.553386 -8.077250 -66.961441 -8.409940 24.799345 123.245047 -2.173804 17.995247 -20.628446 0.000000 0.000000 0.000000 -13.564389 3.111397 -64.267234 6.989708 -18.035828 125.070934 2.639414 -4.049496 -28.966281 0.000000 0.000000 0.000000 2.907234 -3.225243 44.726060 -1.023213 -3.239399 -0.515961 4.253677 3.159080 0.376019 -13.067332 1.311908 5.136747 8.826537 8.073462 -34.832510 25.863223 -40.952611 -22.450288 -5.730385 -38.274810 -16.841231 12.561370 -9.550815 4.436891 -31.771956 42.502504 -24.935086 1.324398 37.993455 -23.631151 -8.424683 15.643926 0.018809
4.107778 60.360418 15.977741 -179.337035 0.905956 168.360650 15.277584 -8.255810 -66.320314 -8.502616 24.379708 121.744440 -2.176501 18.098079 -20.404269 0.000000 0.000000 0.000000 -13.258599 3.313702 -63.560911 7.094761 -17.820130 123.469804 2.650848 -4.454070 -28.901090 0.000000 0.000000 0.000000 2.980279 -3.180347 44.150095 -1.012355 -3.263159 -0.556722 4.273330 3.148078 0.447502 -13.091765 1.256465 5.248703 8.810473 8.126472 -34.718749 25.964685 -40.728987 -22.605747 -5.791714 -38.418174 -16.854316 12.619019 -9.571578 4.363045 -31.864039 42.262594 -25.039404 1.289653 38.231658 -23.611226 -8.525509 15.625939 -0.116916
4.108519 61.408116 15.966432 -179.354023 0.893712 168.826121 15.007321 -8.435810 -65.674644 -8.600221 23.972530 120.222992 -2.192223 18.220183 -20.163338 0.000000 0.000000 0.000000 -12.950945 3.493276 -62.840165 7.212409 -17.591718 121.851305 2.646180 -4.871151 -28.840822 0.000000 0.000000 0.000000 3.050493 -3.134804 43.522440 -1.014735 -3.291950 -0.573046 4.282498 3.135393 0.557541 -13.088532 1.192436 5.293890 8.785391 8.184295 -34.549683 26.142179 -40.509513 -22.802181 -5.846835 -38.526556 -16.873734 12.661383 -9.592605 4.302985 -32.022259 41.993115 -25.219583 1.295046 38.433952 -23.542732 -8.600043 15.628850 -0.232234
4.107109 62.455356 15.950239 -179.367616 0.893196 169.296771 14.729224 -8.611909 -65.015201 -8.657483 23.538277 118.687173 -2.203963 18.338144 -19.951917 0.000000 0.000000 0.000000 -12.625587 3.692642 -62.126013 7.308799 -17.359977 120.248098 2.603903 -5.318566 -28.859090 0.000000 0.000000 0.000000 3.128957 -3.072475 42.841504 -1.016752 -3.311196 -0.554408 4.294488 3.119072 0.688360 -13.050429 1.092848 5.319190 8.730066 8.228792 -34.327232 26.294020 -40.242518 -23.041775 -5.969326 -38.668926 -16.858023 12.770525 -9.667985 4.249494 -32.142906 41.685438 -25.453162 1.330748 38.673604 -23.403716 -8.696918 15.629015 -0.366768
4.113684 63.494717 15.927300 -179.403479 0.875362 169.770179 14.458821 -8.810469 -64.364332 -8.720795 23.140299 117.134473 -2.228259 18.453342 -19.732944 0.000000 0.000000 0.000000 -12.338129 3.865505 -61.428584 7.395722 -17.107130 118.646225 2.590489 -5.730574 -28.855460 0.000000 0.000000 0.000000 3.179041 -3.003904 42.113010 -1.019550 -3.346941 -0.538218 4.302292 3.104205 0.856289 -13.004914 0.993342 5.319338 8.703455 8.286131 -34.071861 26.478204 -39.964113 -23.298914 -6.062936 -38.819901 -16.851118 12.797469 -9.708189 4.184699 -32.263203 41.371882 -25.706397 1.378331 38.886459 -23.270309 -8.792462 15.659547 -0.529950
4.124631 64.565714 15.897582 -179.428251 0.871371 170.189826 14.169508 -8.997096 -63.606637 -8.798117 22.714181 115.532870 -2.262218 18.570818 -19.542356 0.000000 0.000000 0.000000 -12.003407 4.052693 -60.621694 7.486112 -16.820867 116.972010 2.562102 -6.157476 -28.863759 0.000000 0.000000 0.000000 3.232685 -2.942131 41.460534 -1.026440 -3.370134 -0.536508 4.312405 3.094047 1.011086 -12.965672 0.910324 5.327986 8.667012 8.319670 -33.798925 26.632493 -39.698376 -23.502533 -6.113283 -38.958811 -16.900616 12.839675 -9.759256 4.095964 -32.363605 41.073387 -25.939046 1.404538 39.124587 -23.211995 -8.891468 15.647987 -0.742757
4.130919 65.685232 15.859835 -179.456814 0.840773 170.564667 13.825589 -9.193726 -62.752806 -8.932261 22.270005 113.857694 -2.290166 18.714560 -19.337046 0.000000 0.000000 0.000000 -11.653067 4.225048 -59.675289 7.608219 -16.493160 115.169062 2.561606 -6.572047 -28.845934 0.000000 0.000000 0.000000 3.289223 -2.895533 40.868732 -1.032028 -3.411861 -0.531659 4.321368 3.085719 1.123486 -12.936719 0.830084 5.368558 8.635099 8.366244 -33.568481 26.753021 -39.484162 -23.665589 -6.129178 -39.097749 -16.967925 12.872853 -9.757933 4.014071 -32.508278 40.797706 -26.179951 1.473826 39.347797 -23.141621 -9.015023 15.638090 -0.929181
4.137233 66.845732 15.815832 -179.473637 0.823054 170.885407 13.457368 -9.372761 -61.778780 -9.079978 21.783779 112.113093 -2.297662 18.869713 -19.159766 0.000000 0.000000 0.000000 -11.243047 4.424146 -58.614801 7.744887 -16.117430 113.270095 2.531778 -7.027621 -28.825068 0.000000 0.000000 0.000000 3.338528 -2.840157 40.331607 -1.027562 -3.451323 -0.506442 4.343394 3.082141 1.210099 -12.910290 0.760271 5.430085 8.591186 8.396521 -33.370399 26.834250 -39.315292 -23.790002 -6.107133 -39.210092 -17.061982 12.905343 -9.747804 3.938934 -32.606460 40.586122 -26.381846 1.491300 39.550972 -23.104339 -9.148627 15.615033 -1.100749
4.145619 68.030404 15.763631 -179.483542 0.798437 171.166992 13.057965 -9.542929 -60.724563 -9.236428 21.257889 110.326535 -2.297643 19.022736 -19.003432 0.000000 0.000000 0.000000 -10.792834 4.604483 -57.462125 7.896985 -15.700190 111.304508 2.484185 -7.497217 -28.826727 0.000000 0.000000 0.000000 3.400203 -2.790687 39.821541 -1.024474 -3.499951 -0.469698 4.365977 3.080381 1.275810 -12.894560 0.710997 5.545185 8.551876 8.427339 -33.190260 26.888754 -39.186599 -23.890476 -6.082455 -39.301065 -17.161461 12.958288 -9.722372 3.834411 -32.702563 40.418343 -26.572789 1.502762 39.738007 -23.085191 -9.269306 15.558233 -1.286811
4.154158 69.231419 15.706974 -179.495787 0.784969 171.431319 12.625434 -9.688436 -59.620716 -9.395131 20.693666 108.500235 -2.302752 19.171772 -18.840076 0.000000 0.000000 0.000000 -10.319077 4.793970 -56.274678 8.056157 -15.235499 109.289518 2.440423 -7.971300 -28.821357 0.000000 0.000000 0.000000 3.454426 -2.725781 39.314025 -1.021388 -3.549292 -0.424630 4.396168 3.079995 1.328701 -12.901138 0.657350 5.713031 8.534336 8.454388 -33.051804 26.915180 -39.084236 -23.972290 -6.055281 -39.388417 -17.263629 13.026800 -9.666151 3.736368 -32.763742 40.281731 -26.721783 1.468888 39.902434 -23.119455 -9.356304 15.494327 -1.407680
4.164587 70.446269 15.644893 -179.497319 0.750821 171.682586 12.161337 -9.815293 -58.467470 -9.580982 20.085384 106.623063 -2.272430 19.364693 -18.693763 0.000000 0.000000 0.000000 -9.840556 4.946813 -55.052040 8.215954 -14.758656 107.224526 2.387060 -8.442118 -28.782801 0.000000 0.000000 0.000000 3.526017 -2.664793 38.781684 -1.012129 -3.605745 -0.351737 4.423206 3.082768 1.370295 -12.918094 0.597390 5.950512 8.506238 8.499537 -32.969069 26.932076 -39.035894 -24.045177 -6.041023 -39.442345 -17.375553 13.125778 -9.629525 3.623911 -32.836502 40.191177 -26.906077 1.492212 40.015900 -23.149157 -9.420517 15.429944 -1.538048
4.180284 71.668377 15.574212 -179.515171 0.702947 171.930295 11.666520 -9.932298 -57.288831 -9.778942 19.455331 104.701241 -2.214365 19.573941 -18.547829 0.000000 0.000000 0.000000 -9.366557 5.068098 -53.806420 8.378017 -14.247309 105.126481 2.325635 -8.910669 -28.736235 0.000000 0.000000 0.000000 3.583734 -2.586313 38.206897 -1.004638 -3.680823 -0.241986 4.447517 3.085369 1.395361 -12.956978 0.518244 6.251641 8.524848 8.562415 -32.919539 26.912683 -39.035141 -24.094409 -6.008822 -39.485930 -17.500253 13.245086 -9.572625 3.541067 -32.893567 40.120014 -27.090663 1.541721 40.130851 -23.218505 -9.448441 15.312651 -1.639573
4.200967 72.907058 15.496303 -179.519676 0.643322 172.154164 11.146644 -10.014790 -56.038130 -9.995214 18.760905 102.721658 -2.135559 19.778098 -18.418687 0.000000 0.000000 0.000000 -8.879010 5.177749 -52.497251 8.534853 -13.714950 102.975058 2.256823 -9.374573 -28.691899 0.000000 0.000000 0.000000 3.656310 -2.525011 37.658534 -1.002083 -3.758263 -0.156350 4.458263 3.099425 1.419350 -13.006972 0.444447 6.684942 8.559191 8.631977 -32.978969 26.884794 -39.046723 -24.143293 -6.001500 -39.533864 -17.598058 13.374994 -9.500518 3.450152 -32.984402 40.050955 -27.306200 1.702592 40.196491 -23.222966 -9.467321 15.229622 -1.705954
4.225175 74.148262 15.409941 -179.538854 0.566622 172.377954 10.628630 -10.084824 -54.761679 -10.187592 18.069112 100.700519 -2.029548 19.962876 -18.292381 0.000000 0.000000 0.000000 -8.421512 5.263231 -51.169194 8.697361 -13.160784 100.780546 2.223094 -9.786486 -28.644581 0.000000 0.000000 0.000000 3.717340 -2.465647 37.052912 -1.005502 -3.845251 -0.031382 4.454880 3.107277 1.444909 -13.063352 0.380136 7.128190 8.629503 8.714747 -32.992103 26.852775 -39.051856 -24.165939 -5.954316 -39.590548 -17.735770 13.445318 -9.406059 3.326930 -33.019703 39.994055 -27.420095 1.787474 40.294250 -23.317914 -9.483207 15.112488 -1.801916
4.264020 75.403661 15.311183 -179.541451 0.490984 172.517858 10.048572 -10.108933 -53.337061 -10.353828 17.263670 98.603114 -1.858337 20.171066 -18.149868 0.000000 0.000000 0.000000 -7.899704 5.336000 -49.720697 8.880874 -12.546433 98.576709 2.153804 -10.216505 -28.657270 0.000000 0.000000 0.000000 3.790517 -2.402563 36.627530 -1.009620 -3.927264 0.011321 4.450453 3.114221 1.410345 -13.138147 0.321340 7.677610 8.725690 8.787864 -32.978545 26.710251 -39.019585 -24.113688 -5.916768 -39.732292 -17.870398 13.534268 -9.302700 3.245080 -32.925133 39.934908 -27.420662 1.869527 40.446816 -23.447930 -9.525627 14.985389 -1.900469
4.302119 76.658609 15.198073 -179.559079 0.429697 172.655586 9.511448 -10.137052 -51.886657 -10.539351 16.511883 96.447527 -1.746181 20.374367 -18.009112 0.000000 0.000000 0.000000 -7.431711 5.404698 -48.269013 9.072544 -11.924683 96.351843 2.127759 -10.548818 -28.638941 0.000000 0.000000 0.000000 3.845961 -2.334735 36.124775 -1.022220 -4.008641 0.109930 4.423042 3.123305 1.425590 -13.178145 0.273567 8.123391 8.819606 8.847911 -32.889228 26.592113 -38.974511 -24.067873 -5.863418 -39.881828 -18.027863 13.633394 -9.200904 3.157572 -32.827499 39.831226 -27.416232 2.009253 40.659484 -23.549093 -9.655836 14.869233 -2.046689
4.341160 77.918015 15.080362 -179.581782 0.363661 172.786302 8.960093 -10.143653 -50.399816 -10.708951 15.728951 94.244086 -1.645059 20.554758 -17.900588 0.000000 0.000000 0.000000 -6.985031 5.471597 -46.809592 9.256548 -11.283241 94.095719 2.120957 -10.847703 -28.575879 0.000000 0.000000 0.000000 3.898641 -2.261805 35.608144 -1.040916 -4.083763 0.230986 4.390695 3.119069 1.441344 -13.182371 0.257657 8.470521 8.894897 8.865719 -32.720102 26.466712 -38.917211 -24.041378 -5.820775 -40.073430 -18.202454 13.738827 -9.071252 3.010598 -32.747689 39.713010 -27.435097 2.198239 40.882674 -23.614989 -9.824407 14.762098 -2.258032
4.377317 79.187415 14.952501 -179.598496 0.308335 172.913858 8.435714 -10.136123 -48.870337 -10.867902 14.947716 91.983924 -1.552804 20.744995 -17.819428 0.000000 0.000000 0.000000 -6.532035 5.538369 -45.318000 9.438479 -10.605229 91.777416 2.118473 -11.138993 -28.500475 0.000000 0.000000 0.000000 3.959981 -2.189351 35.080661 -1.065592 -4.150651 0.332930 4.354604 3.111109 1.467426 -13.159749 0.258037 8.792963 8.951185 8.841482 -32.489603 26.354103 -38.851637 -24.022693 -5.840214 -40.296644 -18.367242 13.867231 -8.912298 2.789377 -32.658377 39.600999 -27.449224 2.445145 41.141377 -23.661785 -10.066399 14.635970 -2.518162
4.415030 80.466878 14.821300 -179.599803 0.249887 173.017715 7.924933 -10.111732 -47.277034 -11.026545 14.139494 89.650536 -1.466276 20.932373 -17.746635 0.000000 0.000000 0.000000 -6.066140 5.586854 -43.783515 9.624029 -9.900926 89.405755 2.092592 -11.416914 -28.415775 0.000000 0.000000 0.000000 4.014020 -2.109388 34.567336 -1.069352 -4.210940 0.465297 4.322999 3.104462 1.478694 -13.088784 0.285366 9.019841 8.978360 8.775532 -32.174303 26.279812 -38.738750 -24.012001 -5.895856 -40.560608 -18.484915 13.996910 -8.762257 2.541726 -32.567132 39.467760 -27.511846 2.706503 41.414826 -23.634968 -10.274707 14.497505 -2.815302
4.452008 81.754779 14.684851 -179.595609 0.192412 173.132123 7.420684 -10.074761 -45.654240 -11.154454 13.304034 87.261530 -1.381732 21.084364 -17.722364 0.000000 0.000000 0.000000 -5.611356 5.634803 -42.247784 9.779806 -9.181653 86.985936 2.088225 -11.663520 -28.304915 0.000000 0.000000 0.000000 4.069076 -2.025250 34.032898 -1.059266 -4.270842 0.611411 4.287115 3.107595 1.455309 -13.015306 0.350806 9.256484 8.992865 8.663810 -31.829023 26.231795 -38.598932 -24.048877 -6.112936 -40.870693 -18.488711 14.160891 -8.613188 2.259641 -32.501124 39.332552 -27.606606 3.056739 41.670352 -23.467257 -10.478057 14.362028 -3.123177
4.487149 83.071101 14.543904 -179.574282 0.147878 173.220470 6.920619 -10.001114 -43.934334 -11.267705 12.430456 84.775799 -1.294553 21.242602 -17.713505 0.000000 0.000000 0.000000 -5.129338 5.671213 -40.642957 9.909760 -8.425386 84.481652 2.047650 -11.893703 -28.167205 0.000000 0.000000 0.000000 4.113977 -1.922198 33.575150 -1.018850 -4.321919 0.754870 4.276127 3.110663 1.341045 -12.929673 0.461389 9.549603 8.993389 8.495653 -31.501097 26.198596 -38.442124 -24.110358 -6.492454 -41.211246 -18.423225 14.399017 -8.470111 1.948978 -32.464292 39.187422 -27.745272 3.513543 41.917748 -23.217207 -10.661404 14.258381 -3.389498
4.522260 84.419858 14.393158 -179.538394 0.087687 173.290913 6.409203 -9.904512 -42.137372 -11.370481 11.484580 82.193747 -1.203552 21.390461 -17.698214 0.000000 0.000000 0.000000 -4.628781 5.674589 -38.975990 9.996005 -7.635419 81.901338 2.035354 -12.096589 -27.975533 0.000000 0.000000 0.000000 4.151151 -1.818226 33.157994 -0.953060 -4.379047 0.876650 4.280913 3.113656 1.171220 -12.862702 0.620210 9.958209 8.983419 8.316992 -31.229770 26.121883 -38.307621 -24.127118 -6.935205 -41.579237 -18.301644 14.647940 -8.301811 1.631802 -32.405693 39.090924 -27.862541 4.049383 42.169158 -22.866385 -10.872301 14.122093 -3.627526
4.557975 85.777478 14.236922 -179.505882 0.046389 173.377715 5.897784 -9.753369 -40.310187 -11.442637 10.494660 79.542506 -1.113267 21.499818 -17.672285 0.000000 0.000000 0.000000 -4.140987 5.682509 -37.321289 10.048110 -6.824296 79.276256 2.036099 -12.263839 -27.743609 0.000000 0.000000 0.000000 4.190272 -1.727342 32.680951 -0.917802 -4.422098 0.962172 4.263337 3.122299 1.056220 -12.831750 0.773748 10.493309 9.065531 8.188999 -31.043307 25.987497 -38.246784 -24.039585 -7.256686 -41.908710 -18.250567 14.872323 -8.149394 1.314522 -32.262372 39.052964 -27.843378 4.478162 42.388573 -22.682993 -11.037441 14.003338 -3.824291
4.591811 87.111463 14.076427 -179.482166 -0.023783 173.536820 5.419545 -9.603382 -38.558664 -11.508454 9.515680 76.831622 -0.989059 21.624430 -17.602416 0.000000 0.000000 0.000000 -3.724280 5.657801 -35.767336 10.084827 -6.048337 76.640956 2.066963 -12.388316 -27.441173 0.000000 0.000000 0.000000 4.220069 -1.653169 32.028868 -0.891515 -4.483746 1.078755 4.223020 3.119647 1.028738 -12.769655 0.899165 10.881437 9.146340 8.104491 -30.709533 25.847079 -38.187990 -23.918420 -7.486446 -42.209930 -18.251215 15.036562 -8.033680 1.034264 -32.077660 38.995376 -27.764792 4.850369 42.652336 -22.572510 -11.173069 13.872864 -4.004535
4.631910 88.429257 13.913467 -179.462847 -0.090688 173.774568 4.980293 -9.453716 -36.873900 -11.558477 8.540193 74.036020 -0.791077 21.791288 -17.459560 0.000000 0.000000 0.000000 -3.360740 5.629985 -34.314966 10.106510 -5.298845 73.979144 2.100084 -12.508246 -27.057080 0.000000 0.000000 0.000000 4.246655 -1.568926 31.231977 -0.873409 -4.529885 1.198928 4.169849 3.108283 1.062257 -12.661519 0.959011 11.069197 9.233112 7.997800 -30.135514 25.743278 -38.136867 -23.798300 -7.704514 -42.492736 -18.272856 15.139947 -7.937019 0.807103 -31.872855 38.895936 -27.653362 5.216273 42.915689 -22.466327 -11.230070 13.773560 -4.161822
4.668234 89.735204 13.744837 -179.446644 -0.167700 174.041617 4.550973 -9.289408 -35.194701 -11.573291 7.531007 71.165904 -0.589019 21.932678 -17.252867 0.000000 0.000000 0.000000 -3.035425 5.567886 -32.890218 10.099333 -4.545205 71.278568 2.163741 -12.587425 -26.591385 0.000000 0.000000 0.000000 4.260454 -1.480008 30.363959 -0.839065 -4.585323 1.333697 4.115598 3.100714 1.129971 -12.513624 1.016956 11.064058 9.289365 7.872821 -29.347164 25.679254 -38.065969 -23.727913 -7.946710 -42.781883 -18.230708 15.155819 -7.807160 0.597927 -31.619350 38.799476 -27.517532 5.517301 43.183308 -22.333118 -11.216902 13.646973 -4.318474
4.713953 91.014878 13.568656 -179.423475 -0.228564 174.372982 4.181868 -9.105947 -33.575931 -11.570080 6.534110 68.236813 -0.404706 22.065928 -16.995884 0.000000 0.000000 0.000000 -2.734683 5.498038 -31.544610 10.063842 -3.801434 68.551336 2.222815 -12.639615 -26.028164 0.000000 0.000000 0.000000 4.273316 -1.388110 29.391510 -0.806246 -4.630028 1.466694 4.054334 3.099724 1.220496 -12.352422 1.056996 11.014365 9.341683 7.722831 -28.488983 25.641487 -37.985823 -23.664895 -8.208582 -43.043450 -18.108056 15.106652 -7.700722 0.433236 -31.351555 38.687856 -27.367635 5.937759 43.452079 -22.097155 -11.292883 13.602541 -4.508043
4.766224 92.250714 13.390957 -179.416255 -0.288816 174.753976 3.839762 -8.930772 -32.028545 -11.495063 5.557510 65.283150 -0.253584 22.157096 -16.681527 0.000000 0.000000 0.000000 -2.524756 5.370444 -30.277988 10.038393 -3.106498 65.811896 2.266480 -12.629258 -25.392787 0.000000 0.000000 0.000000 4.286571 -1.292590 28.316117 -0.801245 -4.669730 1.648918 3.973937 3.096522 1.339625 -12.134086 1.094592 10.859452 9.401130 7.525804 -27.568586 25.692122 -37.861176 -23.677778 -8.505562 -43.297315 -17.916775 15.025929 -7.605004 0.250372 -31.162340 38.513540 -27.279598 6.528638 43.705658 -21.700002 -11.489691 13.599074 -4.781634
4.828584 93.461877 13.201757 -179.412318 -0.357233 175.165621 3.515985 -8.726919 -30.502810 -11.354623 4.573934 62.288124 -0.164598 22.179472 -16.293679 0.000000 0.000000 0.000000 -2.344664 5.201634 -29.028388 9.980887 -2.421204 63.032254 2.350786 -12.578910 -24.697195 0.000000 0.000000 0.000000 4.303658 -1.188650 27.151916 -0.808817 -4.724970 1.805201 3.903008 3.091118 1.527873 -11.969717 1.091986 10.838980 9.486025 7.355061 -26.751836 25.682874 -37.804244 -23.692904 -8.791132 -43.527629 -17.772860 14.947265 -7.481085 0.118873 -30.971414 38.358751 -27.204646 7.159160 43.945207 -21.350344 -11.676369 13.591617 -5.078516
4.900089 94.673614 12.994683 -179.398251 -0.401109 175.542962 3.209821 -8.495440 -28.881980 -11.135273 3.585000 59.207926 -0.149057 22.131775 -15.880950 0.000000 0.000000 0.000000 -2.137389 5.016735 -27.696359 9.867590 -1.692506 60.171891 2.449938 -12.494000 -23.900939 0.000000 0.000000 0.000000 4.325918 -1.068391 26.003368 -0.829086 -4.772146 1.942068 3.861521 3.073594 1.748996 -11.884569 1.096296 11.117178 9.594698 7.265006 -26.244953 25.548582 -37.840177 -23.609856 -8.978864 -43.727715 -17.816494 14.937567 -7.350667 -0.022436 -30.749917 38.252133 -27.082964 7.764922 44.194210 -21.165383 -11.921233 13.556447 -5.371744
4.972682 95.882485 12.774455 -179.390767 -0.459196 175.881452 2.895531 -8.249829 -27.181722 -10.838659 2.601120 56.064294 -0.238193 22.021376 -15.440471 0.000000 0.000000 0.000000 -1.943191 4.811946 -26.269373 9.686967 -0.973835 57.233550 2.618836 -12.365406 -23.057082 0.000000 0.000000 0.000000 4.340866 -0.938093 24.882059 -0.850568 -4.832504 2.084156 3.842404 3.050643 1.955821 -11.892644 1.115204 11.736425 9.750956 7.225928 -26.108467 25.319097 -37.952181 -23.456608 -9.095255 -43.923356 -18.015619 14.973652 -7.183233 -0.215785 -30.527221 38.199016 -26.922166 8.342880 44.397096 -21.093740 -12.188294 13.513159 -5.647579
5.053539 97.075131 12.552896 -179.361307 -0.511518 176.218138 2.620443 -7.968551 -25.456865 -10.489433 1.618793 52.863416 -0.328744 21.886196 -14.922668 0.000000 0.000000 0.000000 -1.717745 4.605217 -24.819944 9.444087 -0.259981 54.247914 2.832023 -12.216470 -22.143987 0.000000 0.000000 0.000000 4.331875 -0.798048 23.794342 -0.833985 -4.893580 2.175210 3.876526 3.031452 2.146729 -12.008743 1.125558 12.708303 9.897813 7.245706 -26.318281 25.000483 -38.096778 -23.216402 -9.176556 -44.079455 -18.232850 14.995606 -7.058861 -0.392111 -30.268192 38.203648 -26.683304 8.822171 44.579415 -21.119666 -12.444652 13.490060 -5.807266
5.139239 98.248222 12.329402 -179.337769 -0.573493 176.529964 2.350468 -7.644678 -23.699311 -10.090262 0.638051 49.625175 -0.456758 21.678637 -14.320168 0.000000 0.000000 0.000000 -1.487995 4.366240 -23.322576 9.125836 0.440066 51.222073 3.078143 -12.046210 -21.180556 0.000000 0.000000 0.000000 4.276263 -0.648226 22.774490 -0.784873 -4.967578 2.255093 3.935759 3.009107 2.293464 -12.170962 1.166869 13.825427 10.066837 7.272166 -26.698585 24.702119 -38.197617 -22.979055 -9.317060 -44.259940 -18.400738 15.020033 -6.914871 -0.577421 -29.972580 38.208118 -26.428784 9.260036 44.794298 -21.163257 -12.687579 13.460500 -5.936526
5.222932 99.392110 12.116823 -179.299782 -0.627530 176.825131 2.098289 -7.292662 -21.952122 -9.688592 -0.373653 46.393876 -0.590182 21.530913 -13.652243 0.000000 0.000000 0.000000 -1.246011 4.129408 -21.797933 8.768502 1.107917 48.159700 3.314824 -11.879319 -20.141522 0.000000 0.000000 0.000000 4.211380 -0.499646 21.817560 -0.711485 -5.031648 2.343317 4.000291 2.995332 2.387620 -12.295811 1.219239 14.853537 10.177039 7.238600 -27.002411 24.432973 -38.255412 -22.741339 -9.474863 -44.455711 -18.535338 15.041471 -6.793180 -0.777089 -29.691775 38.197043 -26.213269 9.683927 44.988444 -21.153565 -12.911339 13.441799 -6.006181
5.310185 100.496144 11.916262 -179.232805 -0.681496 177.111152 1.904971 -6.895881 -20.246623 -9.281072 -1.381990 43.200485 -0.747957 21.388632 -12.906098 0.000000 0.000000 0.000000 -0.973884 3.906301 -20.285211 8.387843 1.735587 45.100058 3.571225 -11.744303 -19.088143 0.000000 0.000000 0.000000 4.165886 -0.367330 20.924138 -0.625977 -5.085581 2.442331 4.058390 2.981130 2.411578 -12.386275 1.296652 15.772369 10.230735 7.164223 -27.220569 24.271270 -38.257377 -22.603778 -9.788787 -44.626395 -18.445920 15.076074 -6.710346 -0.898614 -29.500811 38.129526 -26.108154 10.196078 45.142809 -20.919492 -13.054125 13.467026 -5.967333
5.393762 101.558100 11.720561 -179.157019 -0.729070 177.355759 1.724589 -6.478120 -18.526041 -8.809896 -2.364609 40.048419 -0.923232 21.205228 -12.150685 0.000000 0.000000 0.000000 -0.701326 3.644611 -18.760728 7.992632 2.327473 42.080210 3.835491 -11.584652 -18.007882 0.000000 0.000000 0.000000 4.108916 -0.230264 20.110915 -0.521904 -5.137423 2.562358 4.115552 2.969712 2.373496 -12.410247 1.398574 16.550269 10.240112 7.012606 -27.335118 24.188349 -38.204915 -22.524909 -10.167783 -44.807764 -18.263893 15.093267 -6.654546 -1.092971 -29.346460 38.048148 -26.057872 10.708690 45.259398 -20.555026 -13.170140 13.493382 -5.907482
5.475158 102.576762 11.540735 -179.075650 -0.774244 177.601441 1.587850 -6.078994 -16.844872 -8.278686 -3.244786 36.921449 -1.086099 20.938643 -11.339503 0.000000 0.000000 0.000000 -0.422426 3.367624 -17.316612 7.568688 2.874783 39.158811 4.103856 -11.425385 -16.906865 0.000000 0.000000 0.000000 4.032004 -0.085576 19.325375 -0.401386 -5.178362 2.651038 4.193268 2.949201 2.369388 -12.393120 1.495278 17.230676 10.215945 6.809308 -27.427582 24.196212 -38.088027 -22.524862 -10.642640 -45.016031 -18.008435 15.172475 -6.606733 -1.271059 -29.218912 37.913325 -26.107525 11.284458 45.409582 -20.091909 -13.291964 13.506642 -5.869882
5.554734 103.547527 11.359150 -178.988492 -0.812728 177.830390 1.479741 -5.666652 -15.177288 -7.697472 -4.038123 33.828264 -1.251715 20.617884 -10.516581 0.000000 0.000000 0.000000 -0.133690 3.070793 -15.897888 7.126330 3.394379 36.309864 4.393140 -11.244483 -15.823479 0.000000 0.000000 0.000000 3.934130 0.063524 18.568152 -0.256192 -5.219984 2.772213 4.272720 2.930679 2.317645 -12.357589 1.603684 17.795702 10.151660 6.582590 -27.432974 24.214344 -37.912936 -22.547234 -11.166736 -45.259861 -17.622072 15.280081 -6.574983 -1.351612 -29.048827 37.764653 -26.127635 11.793849 45.584202 -19.537573 -13.385895 13.504907 -5.783613
5.621435 104.463126 11.183373 -178.911387 -0.844914 178.063637 1.390404 -5.309588 -13.561227 -7.044500 -4.651968 30.775393 -1.467893 20.218224 -9.637340 0.000000 0.000000 0.000000 0.143072 2.779761 -14.527983 6.633759 3.851367 33.522527 4.680778 -11.049111 -14.728180 0.000000 0.000000 0.000000 3.823562 0.214876 17.824737 -0.097756 -5.270052 2.923889 4.333614 2.909386 2.210421 -12.306317 1.719758 18.260143 10.097154 6.328545 -27.373251 24.248164 -37.684605 -22.536833 -11.667940 -45.529908 -17.198340 15.433045 -6.560005 -1.444211 -28.829119 37.599318 -26.096407 12.215662 45.828723 -18.953887 -13.486542 13.457197 -5.741106
5.680412 105.316109 11.004420 -178.837276 -0.863952 178.284255 1.323951 -4.915409 -11.969551 -6.358611 -5.149908 27.757609 -1.699547 19.738169 -8.692270 0.000000 0.000000 0.000000 0.410101 2.506512 -13.181920 6.126464 4.248443 30.793070 4.954957 -10.843088 -13.627525 0.000000 0.000000 0.000000 3.723468 0.344991 17.105166 0.037622 -5.309106 3.115089 4.361220 2.898280 2.043387 -12.207449 1.850547 18.597189 10.021247 6.045996 -27.197040 24.273491 -37.433764 -22.526457 -12.106560 -45.822234 -16.698874 15.622528 -6.533974 -1.491824 -28.553762 37.461317 -26.003886 12.581259 46.116689 -18.395606 -13.673344 13.392011 -5.835544
5.736730 106.100770 10.823919 -178.740706 -0.904946 178.497519 1.309506 -4.479622 -10.438665 -5.659424 -5.532431 24.819488 -1.960260 19.153597 -7.678677 0.000000 0.000000 0.000000 0.692502 2.213732 -11.848951 5.599629 4.566208 28.091231 5.207055 -10.618079 -12.521774 0.000000 0.000000 0.000000 3.656506 0.455411 16.409528 0.168854 -5.346570 3.318033 4.360225 2.888640 1.820480 -12.031419 1.996971 18.825027 9.936789 5.706900 -26.870765 24.327066 -37.220329 -22.452160 -12.424230 -46.083171 -16.293736 15.856656 -6.519030 -1.554147 -28.264418 37.358739 -25.822491 12.968260 46.387412 -17.902953 -14.051435 13.363582 -5.996343
5.787151 106.802817 10.645021 -178.643080 -0.953453 178.715528 1.306275 -4.039006 -8.984460 -4.951625 -5.845747 21.970368 -2.218935 18.542406 -6.641352 0.000000 0.000000 0.000000 0.966428 1.909708 -10.581357 5.083282 4.852752 25.480323 5.416395 -10.400831 -11.429915 0.000000 0.000000 0.000000 3.620565 0.535974 15.706588 0.265065 -5.382472 3.537890 4.327008 2.885284 1.584921 -11.823944 2.154642 18.977396 9.850542 5.361454 -26.471457 24.437570 -36.994225 -22.428235 -12.710355 -46.334837 -15.900240 16.069628 -6.508004 -1.566402 -28.067545 37.237694 -25.655838 13.394463 46.632796 -17.440225 -14.475007 13.378049 -6.247895
5.836176 107.414636 10.463372 -178.529970 -0.995586 178.942183 1.352938 -3.531004 -7.623073 -4.255339 -6.039967 19.238496 -2.528395 17.819186 -5.583712 0.000000 0.000000 0.000000 1.243610 1.574374 -9.376357 4.569119 5.082905 22.952162 5.614057 -10.145241 -10.351657 0.000000 0.000000 0.000000 3.616070 0.606253 14.975447 0.345773 -5.418956 3.758695 4.287268 2.883745 1.370111 -11.607266 2.340160 19.128599 9.759927 4.997213 -26.074895 24.610109 -36.812519 -22.432415 -12.938066 -46.491053 -15.583960 16.281092 -6.519076 -1.618495 -27.967150 37.130243 -25.498268 13.776861 46.871628 -17.097106 -14.918488 13.351960 -6.575623
5.892065 107.940142 10.282938 -178.410023 -1.058951 179.157835 1.429729 -2.977030 -6.336364 -3.572083 -6.139438 16.622455 -2.870960 17.002700 -4.506165 0.000000 0.000000 0.000000 1.527313 1.215085 -8.210563 4.060006 5.271372 20.503241 5.799326 -9.902054 -9.293524 0.000000 0.000000 0.000000 3.644256 0.650086 14.267708 0.392115 -5.458585 3.927277 4.231229 2.867367 1.217319 -11.361221 2.544933 19.229691 9.681065 4.631180 -25.664453 24.883692 -36.623373 -22.527754 -13.157024 -46.605786 -15.309179 16.469731 -6.523111 -1.675807 -27.986037 36.982943 -25.389364 14.145232 47.082618 -16.810987 -15.314812 13.347010 -6.965445
5.953563 108.389762 10.100057 -178.288431 -1.115980 179.362534 1.538331 -2.373488 -5.106120 -2.939132 -6.186972 14.114786 -3.250019 16.143070 -3.443916 0.000000 0.000000 0.000000 1.800650 0.833838 -7.074833 3.575015 5.456452 18.124483 5.957512 -9.649656 -8.223591 0.000000 0.000000 0.000000 3.690932 0.692721 13.576579 0.418129 -5.487851 4.047324 4.179433 2.847267 1.106755 -11.148059 2.709852 19.365243 9.613433 4.308789 -25.292580 25.159914 -36.495557 -22.628863 -13.305775 -46.671255 -15.134394 16.615085 -6.518119 -1.749685 -28.077764 36.810472 -25.280343 14.463251 47.296434 -16.639781 -15.657646 13.320343 -7.333453
6.020582 108.774432 9.922594 -178.133381 -1.175704 179.542994 1.706019 -1.745881 -3.902097 -2.342795 -6.198680 11.682316 -3.676792 15.254264 -2.371153 0.000000 0.000000 0.000000 2.110455 0.418956 -5.940851 3.092600 5.639594 15.780351 6.145903 -9.419042 -7.115427 0.000000 0.000000 0.000000 3.790656 0.708527 12.909521 0.428913 -5.520477 4.125992 4.118146 2.827191 1.071651 -10.948066 2.911174 19.509231 9.577263 3.996037 -24.963111 25.467210 -36.411760 -22.782799 -13.404369 -46.659263 -15.045692 16.729114 -6.531733 -1.830756 -28.214018 36.655924 -25.181575 14.639015 47.480775 -16.619355 -15.912220 13.287695 -7.716751
6.091918 109.097785 9.750216 -177.964042 -1.237313 179.715200 1.918956 -1.102228 -2.771366 -1.810384 -6.142155 9.384167 -4.128891 14.345911 -1.313973 0.000000 0.000000 0.000000 2.427410 -0.016602 -4.814827 2.605696 5.782352 13.459150 6.347763 -9.173720 -5.999364 0.000000 0.000000 0.000000 3.912727 0.730288 12.270214 0.436582 -5.560592 4.170267 4.068000 2.800853 1.058001 -10.767602 3.118237 19.692532 9.535367 3.691502 -24.681076 25.784596 -36.361211 -23.016771 -13.561649 -46.642400 -14.963984 16.840669 -6.479756 -1.987857 -28.376647 36.519642 -25.189086 14.833690 47.642363 -16.581688 -16.110767 13.204155 -8.087898
6.164531 109.350090 9.579771 -177.806619 -1.297259 179.860247 2.143486 -0.469113 -1.650352 -1.339073 -6.082946 7.157497 -4.606786 13.493416 -0.292822 0.000000 0.000000 0.000000 2.724165 -0.432083 -3.664164 2.134647 5.926972 11.151475 6.590313 -8.979028 -4.956680 0.000000 0.000000 0.000000 4.015845 0.759722 11.660414 0.449360 -5.599902 4.153344 4.030210 2.789644 1.123415 -10.652535 3.265358 19.971510 9.538871 3.422489 -24.523789 26.015534 -36.395842 -23.173398 -13.511384 -46.606948 -14.988902 16.904897 -6.402808 -2.145154 -28.534899 36.428547 -25.283628 14.935206 47.705695 -16.564745 -16.197501 13.123306 -8.320827
6.239161 109.526779 9.423551 -177.664115 -1.356147 -179.993018 2.384903 0.132131 -0.589332 -0.955601 -6.025815 5.025072 -5.051654 12.706885 0.727872 0.000000 0.000000 0.000000 2.986117 -0.810148 -2.553955 1.709730 6.055399 8.907734 6.802183 -8.831322 -3.960045 0.000000 0.000000 0.000000 4.112343 0.788858 11.104643 0.444716 -5.638607 4.076974 3.977044 2.799066 1.201462 -10.584432 3.388282 20.338363 9.615872 3.225877 -24.487010 26.163076 -36.499799 -23.285441 -13.303455 -46.574234 -15.015107 16.973611 -6.302746 -2.295899 -28.683597 36.331125 -25.461439 14.996310 47.704279 -16.515072 -16.170060 13.032075 -8.446091
6.311374 109.639695 9.279540 -177.512351 -1.408173 -179.851673 2.659345 0.704925 0.428489 -0.654134 -5.990382 2.979235 -5.414555 12.018692 1.702073 0.000000 0.000000 0.000000 3.245612 -1.181796 -1.490371 1.314317 6.137644 6.744913 7.003196 -8.715667 -3.026373 0.000000 0.000000 0.000000 4.196099 0.823508 10.593383 0.466390 -5.675181 3.922302 3.963005 2.815051 1.330358 -10.570582 3.515215 20.782279 9.714539 3.043644 -24.546565 26.328941 -36.617725 -23.389161 -13.086812 -46.490812 -15.100837 17.014084 -6.241309 -2.403342 -28.863803 36.271611 -25.685004 14.962409 47.621871 -16.543871 -16.045806 12.946596 -8.426851
6.382367 109.697845 9.149087 -177.368647 -1.456105 -179.733510 2.925656 1.247783 1.427021 -0.382696 -6.003479 1.003501 -5.715510 11.421445 2.649828 0.000000 0.000000 0.000000 3.488698 -1.545207 -0.452014 0.938820 6.204475 4.669498 7.205742 -8.607674 -2.172937 0.000000 0.000000 0.000000 4.251307 0.866562 10.135167 0.518815 -5.725811 3.788874 3.969494 2.844172 1.418462 -10.600696 3.651077 21.294969 9.812016 2.872925 -24.688071 26.489467 -36.737037 -23.504098 -12.850712 -46.389374 -15.238293 16.992909 -6.189284 -2.496560 -29.052646 36.237260 -25.893946 14.803893 47.492019 -16.640088 -15.855198 12.877622 -8.323216
6.453482 109.703305 9.044331 -177.235390 -1.508691 -179.606729 3.206254 1.746842 2.330958 -0.181947 -5.998696 -0.836043 -5.996488 10.848992 3.503529 0.000000 0.000000 0.000000 3.701854 -1.908457 0.513540 0.606358 6.232129 2.684209 7.388617 -8.488558 -1.345895 0.000000 0.000000 0.000000 4.295122 0.920945 9.717772 0.580101 -5.772484 3.662781 3.973741 2.869051 1.474311 -10.639670 3.781534 21.792805 9.917911 2.711830 -24.891088 26.657621 -36.820305 -23.599540 -12.581783 -46.326824 -15.419764 16.958144 -6.128704 -2.600297 -29.259731 36.140720 -26.133525 14.657243 47.398177 -16.731849 -15.637301 12.766960 -8.150526
6.517632 109.662287 8.957557 -177.121336 -1.542670 -179.486493 3.460228 2.186566 3.182493 -0.005466 -6.001355 -2.567990 -6.251945 10.382288 4.261363 0.000000 0.000000 0.000000 3.899769 -2.240124 1.409266 0.283276 6.262475 0.831106 7.542884 -8.390704 -0.643411 0.000000 0.000000 0.000000 4.324745 0.984327 9.346556 0.637867 -5.816877 3.599829 3.966495 2.904583 1.419253 -10.664245 3.905958 22.259099 10.038608 2.525993 -25.031338 26.763267 -36.905580 -23.667302 -12.231351 -46.296460 -15.619144 16.879077 -6.042480 -2.739651 -29.436799 36.089284 -26.307594 14.466236 47.279535 -16.844327 -15.477712 12.676101 -7.987196
6.579700 109.579166 8.885705 -177.034480 -1.591056 -179.346577 3.691729 2.583062 3.913319 0.124339 -6.000396 -4.133632 -6.527147 9.947559 4.883615 0.000000 0.000000 0.000000 4.071093 -2.546946 2.199259 -0.004582 6.262438 -0.860641 7.650678 -8.294848 -0.080343 0.000000 0.000000 0.000000 4.325396 1.049693 8.991748 0.692332 -5.863660 3.591103 3.945794 2.930570 1.258212 -10.648939 4.033796 22.673006 10.111953 2.334280 -25.125624 26.881544 -36.936548 -23.708090 -11.912466 -46.329762 -15.788167 16.859951 -5.952277 -2.958777 -29.617292 36.034010 -26.423167 14.356688 47.170318 -16.903234 -15.471847 12.631216 -7.895489
6.631257 109.458029 8.821151 -176.976524 -1.632161 -179.286023 3.888383 2.944981 4.655854 0.235692 -6.040987 -5.548010 -6.760420 9.556991 5.327741 0.000000 0.000000 0.000000 4.208291 -2.833503 2.961653 -0.254930 6.286662 -2.329095 7.702789 -8.219535 0.306757 0.000000 0.000000 0.000000 4.295994 1.112829 8.744225 0.733463 -5.905827 3.662933 3.918661 2.950209 1.024532 -10.550199 4.208873 22.944724 10.142889 2.088129 -25.167765 27.062426 -36.921685 -23.829107 -11.646404 -46.381511 -15.911143 16.879080 -5.834996 -3.211684 -29.824044 35.985456 -26.553330 14.299282 47.065789 -16.874898 -15.595310 12.583320 -7.876482
6.685388 109.285150 8.756614 -176.942680 -1.664122 -179.274809 4.062929 3.340134 5.311250 0.304146 -6.124656 -6.697158 -6.918036 9.176210 5.534189 0.000000 0.000000 0.000000 4.310826 -3.123656 3.660717 -0.464464 6.369265 -3.572601 7.738337 -8.180046 0.446418 0.000000 0.000000 0.000000 4.233436 1.180565 8.543316 0.762759 -5.940635 3.759466 3.908374 2.952132 0.819847 -10.445755 4.337401 23.052453 10.118683 1.851259 -25.135446 27.313950 -36.832539 -24.012973 -11.401401 -46.422158 -16.025735 16.823052 -5.773418 -3.435187 -30.066154 35.870934 -26.697412 14.222611 47.004965 -16.821397 -15.677214 12.551930 -7.888317
6.741299 109.058065 8.698849 -176.917738 -1.717257 -179.278650 4.228451 3.713836 5.781717 0.329656 -6.251145 -7.469365 -6.979412 8.803824 5.486191 0.000000 0.000000 0.000000 4.405375 -3.359082 4.270432 -0.644754 6.487052 -4.613587 7.746765 -8.214919 0.340564 0.000000 0.000000 0.000000 4.153401 1.238958 8.376501 0.788743 -5.972941 3.796767 3.918466 2.945320 0.709146 -10.318628 4.433397 22.957823 10.087735 1.618362 -24.961248 27.643147 -36.707712 -24.219568 -11.133667 -46.455298 -16.208906 16.773290 -5.743520 -3.602551 -30.322222 35.712509 -26.830568 14.117678 46.975483 -16.805911 -15.785948 12.521056 -7.937751
6.795580 108.795929 8.644055 -176.875365 -1.762460 -179.316896 4.408840 4.133404 6.106377 0.327627 -6.446902 -7.903917 -6.983766 8.431005 5.232353 0.000000 0.000000 0.000000 4.493218 -3.600180 4.836961 -0.785625 6.647876 -5.515496 7.737214 -8.250046 0.126787 0.000000 0.000000 0.000000 4.099134 1.278829 8.257808 0.824744 -6.007399 3.838605 3.922059 2.936845 0.607686 -10.181169 4.504692 22.704354 9.982300 1.356840 -24.590506 27.959193 -36.531314 -24.429794 -10.875581 -46.519651 -16.449321 16.702282 -5.716630 -3.779155 -30.528232 35.554265 -26.875868 13.887203 47.023614 -16.925456 -15.877270 12.463689 -8.005873
6.844901 108.522775 8.600566 -176.854977 -1.807739 -179.379189 4.533967 4.448395 6.343054 0.325746 -6.715220 -8.137850 -6.882994 8.218277 4.810006 0.000000 0.000000 0.000000 4.558194 -3.832682 5.343432 -0.909190 6.856144 -6.262539 7.670520 -8.324984 -0.217539 0.000000 0.000000 0.000000 4.020790 1.328615 8.183037 0.860529 -6.037982 3.884227 3.922606 2.917987 0.516380 -10.008168 4.537201 22.326809 9.869327 1.120828 -24.035642 28.260600 -36.323713 -24.606497 -10.559489 -46.628687 -16.697222 16.599798 -5.679829 -3.846293 -30.681300 35.366835 -26.910823 13.641301 47.122392 -17.023812 -15.942851 12.388103 -8.124401
6.879665 108.262706 8.569220 -176.832438 -1.838682 -179.482102 4.613478 4.661435 6.526806 0.354028 -7.032649 -8.194178 -6.650665 8.155766 4.252028 0.000000 0.000000 0.000000 4.606620 -4.032174 5.822570 -0.997261 7.086014 -6.892489 7.572227 -8.416093 -0.610832 0.000000 0.000000 0.000000 3.946803 1.375601 8.193969 0.918572 -6.069369 3.946612 3.906911 2.905709 0.365769 -9.824914 4.550348 21.854970 9.692672 0.893308 -23.303186 28.510552 -36.087537 -24.725636 -10.259347 -46.791846 -16.888001 16.511737 -5.649039 -3.962164 -30.766128 35.214466 -26.943274 13.366469 47.244341 -17.059049 -15.959948 12.275557 -8.272351
6.896013 108.019082 8.535613 -176.822598 -1.850742 -179.625360 4.650337 4.777348 6.689183 0.380504 -7.370612 -8.113299 -6.350590 8.195153 3.570428 0.000000 0.000000 0.000000 4.633184 -4.206090 6.295589 -1.071168 7.324555 -7.426115 7.500280 -8.519849 -1.076947 0.000000 0.000000 0.000000 3.861582 1.445950 8.256282 0.980469 -6.095523 4.017142 3.890876 2.899117 0.188653 -9.645442 4.524389 21.334894 9.512364 0.656094 -22.506659 28.659592 -35.928059 -24.791487 -9.959871 -46.992173 -17.002354 16.526469 -5.575430 -4.097931 -30.789802 35.123621 -27.044388 13.174692 47.325470 -16.974906 -15.955499 12.146075 -8.393651
6.897858 107.790991 8.504084 -176.811149 -1.847480 -179.788001 4.674683 4.755650 6.822685 0.365569 -7.648043 -7.934637 -5.970221 8.366701 2.864216 0.000000 0.000000 0.000000 4.653023 -4.327191 6.764008 -1.134457 7.570084 -7.900265 7.370394 -8.649295 -1.510527 0.000000 0.000000 0.000000 3.803310 1.515773 8.358685 1.023928 -6.122979 4.021640 3.855848 2.907291 0.067808 -9.449987 4.480796 20.794272 9.317041 0.434322 -21.682851 28.772674 -35.818225 -24.803172 -9.589067 -47.211328 -17.227397 16.521675 -5.451333 -4.233276 -30.797865 35.083268 -27.190465 12.978026 47.357820 -16.990624 -15.882539 12.009509 -8.470672
6.892358 107.572096 8.472289 -176.799527 -1.843918 -179.996461 4.705211 4.671318 6.964709 0.330452 -7.902402 -7.685038 -5.590337 8.587224 2.176520 0.000000 0.000000 0.000000 4.660647 -4.399993 7.269238 -1.171692 7.815339 -8.341073 7.163279 -8.817859 -1.875411 0.000000 0.000000 0.000000 3.785372 1.581416 8.522838 1.028635 -6.138405 4.057308 3.796285 2.911543 -0.085582 -9.218997 4.423272 20.161138 9.071924 0.198444 -20.792503 28.837215 -35.782870 -24.825743 -9.154117 -47.406581 -17.508200 16.499289 -5.308877 -4.399245 -30.873243 35.059290 -27.421574 12.841854 47.326441 -16.972491 -15.716321 11.839992 -8.551220
6.881002 107.360241 8.447009 -176.795219 -1.825090 179.745459 4.722353 4.556285 7.130199 0.290823 -8.130113 -7.396852 -5.196582 8.850997 1.544223 0.000000 0.000000 0.000000 4.632916 -4.455754 7.791676 -1.169432 8.076934 -8.727519 6.919736 -9.003067 -2.199659 0.000000 0.000000 0.000000 3.787739 1.645256 8.780609 1.016937 -6.149597 4.138863 3.710943 2.936944 -0.318367 -8.914435 4.353265 19.394665 8.757940 -0.094051 -19.737457 28.983708 -35.753803 -24.915270 -8.784328 -47.547362 -17.661766 16.343862 -5.176323 -4.601322 -31.078928 35.059049 -27.718612 12.785276 47.162582 -16.817141 -15.492610 11.706207 -8.706733
6.864147 107.168369 8.424987 -176.801121 -1.830265 179.472838 4.748997 4.447157 7.279350 0.222330 -8.334003 -7.078737 -4.823967 9.028053 1.012887 0.000000 0.000000 0.000000 4.569375 -4.531724 8.171577 -1.095047 8.348562 -8.835421 6.642449 -9.174273 -2.548259 0.000000 0.000000 0.000000 3.812336 1.678801 9.067725 0.985891 -6.159683 4.230365 3.619001 2.962062 -0.558958 -8.606130 4.282700 18.524900 8.378484 -0.418035 -18.589286 29.246987 -35.733630 -25.115151 -8.601653 -47.606531 -17.641472 16.109490 -5.041880 -4.897214 -31.425010 35.062680 -28.083954 12.846524 46.895378 -16.531355 -15.237239 11.602712 -8.891841
6.852151 107.006690 8.418148 -176.808723 -1.843809 179.250092 4.800728 4.386127 7.297493 0.105394 -8.492848 -6.667185 -4.554491 9.091175 0.575861 0.000000 0.000000 0.000000 4.501251 -4.571419 8.373397 -0.973795 8.561555 -8.754522 6.400823 -9.315746 -2.897906 0.000000 0.000000 0.000000 3.855741 1.686095 9.288771 0.917438 -6.151281 4.338285 3.523420 2.967352 -0.774141 -8.291262 4.244258 17.644528 8.017331 -0.720020 -17.453475 29.529699 -35.702446 -25.349556 -8.542975 -47.657490 -17.580064 15.883868 -4.936658 -5.164675 -31.783761 35.049774 -28.364984 12.938984 46.659968 -16.295343 -15.025119 11.535711 -9.144078
6.841687 106.881445 8.413621 -176.819598 -1.863453 179.060308 4.873382 4.347301 7.235925 -0.058298 -8.610350 -6.207154 -4.407429 9.114055 0.251155 0.000000 0.000000 0.000000 4.415886 -4.602393 8.473708 -0.806736 8.711213 -8.573533 6.237592 -9.408192 -3.223861 0.000000 0.000000 0.000000 3.920387 1.679670 9.416027 0.806292 -6.134042 4.414813 3.438672 2.949876 -0.853044 -8.009679 4.197562 16.893396 7.688401 -0.952016 -16.500703 29.802871 -35.697982 -25.593971 -8.545415 -47.690256 -17.590252 15.674789 -4.833748 -5.434450 -32.131057 35.041704 -28.581947 13.055572 46.472667 -16.132479 -14.890090 11.430790 -9.439800
6.833429 106.803271 8.416098 -176.845682 -1.888876 178.917069 4.931820 4.283044 7.084343 -0.246645 -8.678824 -5.695178 -4.378382 9.108130 0.016849 0.000000 0.000000 0.000000 4.334091 -4.589200 8.459107 -0.659561 8.796066 -8.298161 6.139449 -9.462737 -3.519867 0.000000 0.000000 0.000000 3.968148 1.662961 9.449883 0.679318 -6.111086 4.441308 3.380750 2.917441 -0.790672 -7.789015 4.167543 16.268989 7.430208 -1.138974 -15.715191 30.037635 -35.692073 -25.799519 -8.586342 -47.751421 -17.680081 15.497389 -4.710679 -5.701241 -32.404221 35.041517 -28.709517 13.166775 46.360805 -16.106494 -14.824628 11.316590 -9.753181
6.826968 106.769045 8.420062 -176.897622 -1.905547 178.826740 4.954482 4.178890 6.889247 -0.436744 -8.745415 -5.218254 -4.442090 9.161873 -0.092048 0.000000 0.000000 0.000000 4.251888 -4.530251 8.343551 -0.554809 8.818513 -7.956280 6.133932 -9.493926 -3.766766 0.000000 0.000000 0.000000 3.998419 1.642146 9.382766 0.523759 -6.082844 4.418880 3.339076 2.882385 -0.626588 -7.682333 4.120006 15.928870 7.308552 -1.193932 -15.243313 30.136905 -35.749204 -25.922291 -8.573164 -47.799437 -17.848409 15.302224 -4.607993 -5.843521 -32.572408 35.099709 -28.738338 13.246112 46.277431 -16.210128 -14.780576 11.188021 -10.022427
6.865365 106.781509 8.428940 -176.871205 -1.978218 177.953940 5.413783 5.204269 7.337716 -0.786432 -8.796600 -4.415543 -5.630357 7.776451 -0.037522 0.000000 0.000000 0.000000 4.009677 -6.664127 8.439286 -0.555701 6.373590 -6.420748 7.560492 -5.034077 -3.804610 0.000000 0.000000 0.000000 4.965438 1.964535 11.028694 -0.453553 -5.964779 4.280086 3.002217 2.588731 -1.575458 -8.044001 0.266699 12.962530 6.414383 1.659663 -10.218114 31.216012 -36.281931 -26.119410 -8.930288 -46.284485 -18.213872 13.997996 -7.003620 -0.664194 -32.853616 33.684064 -27.530380 14.672976 46.875568 -19.878436 -15.490683 12.607788 -5.605677
6.882567 106.818196 8.450154 -176.949345 -1.982370 177.907178 5.386769 5.103996 7.049108 -0.958376 -8.902869 -3.853017 -5.804436 7.836280 -0.161940 0.000000 0.000000 0.000000 3.923148 -6.738944 8.097526 -0.529944 6.109276 -5.754283 7.779311 -4.604066 -3.997071 0.000000 0.000000 0.000000 4.963716 2.038161 10.923525 -0.568333 -5.941583 4.282019 2.951110 2.516898 -1.443283 -8.074356 -0.090190 12.885494 6.356007 1.951967 -9.928976 31.314906 -36.404847 -25.989887 -8.979309 -46.169288 -18.184229 13.789298 -7.213818 0.252730 -32.872891 33.589639 -27.270133 15.063495 46.882784 -19.944389 -15.694323 12.911810 -4.811543
